[2026-05-29 02:04:53.388] [Normal] Resolve Telerik Products.
  MSBuildProjectName=TelerikGrid
  MSBuildProjectDirectory=D:\Code\Blazor\TelerikGrid\TelerikGrid
  MSBuildProjectExtension=.csproj
  Language=C#
  OutputPath=bin\Debug\net10.0\
  Platform=AnyCPU
  TargetFramework=net10.0
  TargetFrameworks=
  TargetFrameworkVersion=v10.0
  VisualStudioVersion=18.0
  UsingMicrosoftNETSdk=true
  UsingMicrosoftNETSdkRazor=true
  UsingMicrosoftNETSdkWeb=true
  ImportXamlTargets=False
  OutputType=Exe
  UseMaui=
  NuGetPackageRoot=C:\Users\tddkhanh\.nuget\packages\

  PackageReferences
  - Telerik.UI.for.Blazor 14.0.0
  - Microsoft.AspNetCore.App.Internal.Assets 10.0.8
  ReferencePaths
  - Microsoft.AspNetCore.Antiforgery.dll 10.0.8 at C:\Program Files\dotnet\packs\Microsoft.AspNetCore.App.Ref\10.0.8\ref\net10.0\Microsoft.AspNetCore.Antiforgery.dll
  - Microsoft.AspNetCore.Authentication.Abstractions.dll 10.0.8 at C:\Program Files\dotnet\packs\Microsoft.AspNetCore.App.Ref\10.0.8\ref\net10.0\Microsoft.AspNetCore.Authentication.Abstractions.dll
  - Microsoft.AspNetCore.Authentication.BearerToken.dll 10.0.8 at C:\Program Files\dotnet\packs\Microsoft.AspNetCore.App.Ref\10.0.8\ref\net10.0\Microsoft.AspNetCore.Authentication.BearerToken.dll
  - Microsoft.AspNetCore.Authentication.Cookies.dll 10.0.8 at C:\Program Files\dotnet\packs\Microsoft.AspNetCore.App.Ref\10.0.8\ref\net10.0\Microsoft.AspNetCore.Authentication.Cookies.dll
  - Microsoft.AspNetCore.Authentication.Core.dll 10.0.8 at C:\Program Files\dotnet\packs\Microsoft.AspNetCore.App.Ref\10.0.8\ref\net10.0\Microsoft.AspNetCore.Authentication.Core.dll
  - Microsoft.AspNetCore.Authentication.dll 10.0.8 at C:\Program Files\dotnet\packs\Microsoft.AspNetCore.App.Ref\10.0.8\ref\net10.0\Microsoft.AspNetCore.Authentication.dll
  - Microsoft.AspNetCore.Authentication.OAuth.dll 10.0.8 at C:\Program Files\dotnet\packs\Microsoft.AspNetCore.App.Ref\10.0.8\ref\net10.0\Microsoft.AspNetCore.Authentication.OAuth.dll
  - Microsoft.AspNetCore.Authorization.dll 10.0.8 at C:\Program Files\dotnet\packs\Microsoft.AspNetCore.App.Ref\10.0.8\ref\net10.0\Microsoft.AspNetCore.Authorization.dll
  - Microsoft.AspNetCore.Authorization.Policy.dll 10.0.8 at C:\Program Files\dotnet\packs\Microsoft.AspNetCore.App.Ref\10.0.8\ref\net10.0\Microsoft.AspNetCore.Authorization.Policy.dll
  - Microsoft.AspNetCore.Components.Authorization.dll 10.0.8 at C:\Program Files\dotnet\packs\Microsoft.AspNetCore.App.Ref\10.0.8\ref\net10.0\Microsoft.AspNetCore.Components.Authorization.dll
  - Microsoft.AspNetCore.Components.dll 10.0.8 at C:\Program Files\dotnet\packs\Microsoft.AspNetCore.App.Ref\10.0.8\ref\net10.0\Microsoft.AspNetCore.Components.dll
  - Microsoft.AspNetCore.Components.Endpoints.dll 10.0.8 at C:\Program Files\dotnet\packs\Microsoft.AspNetCore.App.Ref\10.0.8\ref\net10.0\Microsoft.AspNetCore.Components.Endpoints.dll
  - Microsoft.AspNetCore.Components.Forms.dll 10.0.8 at C:\Program Files\dotnet\packs\Microsoft.AspNetCore.App.Ref\10.0.8\ref\net10.0\Microsoft.AspNetCore.Components.Forms.dll
  - Microsoft.AspNetCore.Components.Server.dll 10.0.8 at C:\Program Files\dotnet\packs\Microsoft.AspNetCore.App.Ref\10.0.8\ref\net10.0\Microsoft.AspNetCore.Components.Server.dll
  - Microsoft.AspNetCore.Components.Web.dll 10.0.8 at C:\Program Files\dotnet\packs\Microsoft.AspNetCore.App.Ref\10.0.8\ref\net10.0\Microsoft.AspNetCore.Components.Web.dll
  - Microsoft.AspNetCore.Connections.Abstractions.dll 10.0.8 at C:\Program Files\dotnet\packs\Microsoft.AspNetCore.App.Ref\10.0.8\ref\net10.0\Microsoft.AspNetCore.Connections.Abstractions.dll
  - Microsoft.AspNetCore.CookiePolicy.dll 10.0.8 at C:\Program Files\dotnet\packs\Microsoft.AspNetCore.App.Ref\10.0.8\ref\net10.0\Microsoft.AspNetCore.CookiePolicy.dll
  - Microsoft.AspNetCore.Cors.dll 10.0.8 at C:\Program Files\dotnet\packs\Microsoft.AspNetCore.App.Ref\10.0.8\ref\net10.0\Microsoft.AspNetCore.Cors.dll
  - Microsoft.AspNetCore.Cryptography.Internal.dll 10.0.8 at C:\Program Files\dotnet\packs\Microsoft.AspNetCore.App.Ref\10.0.8\ref\net10.0\Microsoft.AspNetCore.Cryptography.Internal.dll
  - Microsoft.AspNetCore.Cryptography.KeyDerivation.dll 10.0.8 at C:\Program Files\dotnet\packs\Microsoft.AspNetCore.App.Ref\10.0.8\ref\net10.0\Microsoft.AspNetCore.Cryptography.KeyDerivation.dll
  - Microsoft.AspNetCore.DataProtection.Abstractions.dll 10.0.8 at C:\Program Files\dotnet\packs\Microsoft.AspNetCore.App.Ref\10.0.8\ref\net10.0\Microsoft.AspNetCore.DataProtection.Abstractions.dll
  - Microsoft.AspNetCore.DataProtection.dll 10.0.8 at C:\Program Files\dotnet\packs\Microsoft.AspNetCore.App.Ref\10.0.8\ref\net10.0\Microsoft.AspNetCore.DataProtection.dll
  - Microsoft.AspNetCore.DataProtection.Extensions.dll 10.0.8 at C:\Program Files\dotnet\packs\Microsoft.AspNetCore.App.Ref\10.0.8\ref\net10.0\Microsoft.AspNetCore.DataProtection.Extensions.dll
  - Microsoft.AspNetCore.Diagnostics.Abstractions.dll 10.0.8 at C:\Program Files\dotnet\packs\Microsoft.AspNetCore.App.Ref\10.0.8\ref\net10.0\Microsoft.AspNetCore.Diagnostics.Abstractions.dll
  - Microsoft.AspNetCore.Diagnostics.dll 10.0.8 at C:\Program Files\dotnet\packs\Microsoft.AspNetCore.App.Ref\10.0.8\ref\net10.0\Microsoft.AspNetCore.Diagnostics.dll
  - Microsoft.AspNetCore.Diagnostics.HealthChecks.dll 10.0.8 at C:\Program Files\dotnet\packs\Microsoft.AspNetCore.App.Ref\10.0.8\ref\net10.0\Microsoft.AspNetCore.Diagnostics.HealthChecks.dll
  - Microsoft.AspNetCore.dll 10.0.8 at C:\Program Files\dotnet\packs\Microsoft.AspNetCore.App.Ref\10.0.8\ref\net10.0\Microsoft.AspNetCore.dll
  - Microsoft.AspNetCore.HostFiltering.dll 10.0.8 at C:\Program Files\dotnet\packs\Microsoft.AspNetCore.App.Ref\10.0.8\ref\net10.0\Microsoft.AspNetCore.HostFiltering.dll
  - Microsoft.AspNetCore.Hosting.Abstractions.dll 10.0.8 at C:\Program Files\dotnet\packs\Microsoft.AspNetCore.App.Ref\10.0.8\ref\net10.0\Microsoft.AspNetCore.Hosting.Abstractions.dll
  - Microsoft.AspNetCore.Hosting.dll 10.0.8 at C:\Program Files\dotnet\packs\Microsoft.AspNetCore.App.Ref\10.0.8\ref\net10.0\Microsoft.AspNetCore.Hosting.dll
  - Microsoft.AspNetCore.Hosting.Server.Abstractions.dll 10.0.8 at C:\Program Files\dotnet\packs\Microsoft.AspNetCore.App.Ref\10.0.8\ref\net10.0\Microsoft.AspNetCore.Hosting.Server.Abstractions.dll
  - Microsoft.AspNetCore.Html.Abstractions.dll 10.0.8 at C:\Program Files\dotnet\packs\Microsoft.AspNetCore.App.Ref\10.0.8\ref\net10.0\Microsoft.AspNetCore.Html.Abstractions.dll
  - Microsoft.AspNetCore.Http.Abstractions.dll 10.0.8 at C:\Program Files\dotnet\packs\Microsoft.AspNetCore.App.Ref\10.0.8\ref\net10.0\Microsoft.AspNetCore.Http.Abstractions.dll
  - Microsoft.AspNetCore.Http.Connections.Common.dll 10.0.8 at C:\Program Files\dotnet\packs\Microsoft.AspNetCore.App.Ref\10.0.8\ref\net10.0\Microsoft.AspNetCore.Http.Connections.Common.dll
  - Microsoft.AspNetCore.Http.Connections.dll 10.0.8 at C:\Program Files\dotnet\packs\Microsoft.AspNetCore.App.Ref\10.0.8\ref\net10.0\Microsoft.AspNetCore.Http.Connections.dll
  - Microsoft.AspNetCore.Http.dll 10.0.8 at C:\Program Files\dotnet\packs\Microsoft.AspNetCore.App.Ref\10.0.8\ref\net10.0\Microsoft.AspNetCore.Http.dll
  - Microsoft.AspNetCore.Http.Extensions.dll 10.0.8 at C:\Program Files\dotnet\packs\Microsoft.AspNetCore.App.Ref\10.0.8\ref\net10.0\Microsoft.AspNetCore.Http.Extensions.dll
  - Microsoft.AspNetCore.Http.Features.dll 10.0.8 at C:\Program Files\dotnet\packs\Microsoft.AspNetCore.App.Ref\10.0.8\ref\net10.0\Microsoft.AspNetCore.Http.Features.dll
  - Microsoft.AspNetCore.Http.Results.dll 10.0.8 at C:\Program Files\dotnet\packs\Microsoft.AspNetCore.App.Ref\10.0.8\ref\net10.0\Microsoft.AspNetCore.Http.Results.dll
  - Microsoft.AspNetCore.HttpLogging.dll 10.0.8 at C:\Program Files\dotnet\packs\Microsoft.AspNetCore.App.Ref\10.0.8\ref\net10.0\Microsoft.AspNetCore.HttpLogging.dll
  - Microsoft.AspNetCore.HttpOverrides.dll 10.0.8 at C:\Program Files\dotnet\packs\Microsoft.AspNetCore.App.Ref\10.0.8\ref\net10.0\Microsoft.AspNetCore.HttpOverrides.dll
  - Microsoft.AspNetCore.HttpsPolicy.dll 10.0.8 at C:\Program Files\dotnet\packs\Microsoft.AspNetCore.App.Ref\10.0.8\ref\net10.0\Microsoft.AspNetCore.HttpsPolicy.dll
  - Microsoft.AspNetCore.Identity.dll 10.0.8 at C:\Program Files\dotnet\packs\Microsoft.AspNetCore.App.Ref\10.0.8\ref\net10.0\Microsoft.AspNetCore.Identity.dll
  - Microsoft.AspNetCore.Localization.dll 10.0.8 at C:\Program Files\dotnet\packs\Microsoft.AspNetCore.App.Ref\10.0.8\ref\net10.0\Microsoft.AspNetCore.Localization.dll
  - Microsoft.AspNetCore.Localization.Routing.dll 10.0.8 at C:\Program Files\dotnet\packs\Microsoft.AspNetCore.App.Ref\10.0.8\ref\net10.0\Microsoft.AspNetCore.Localization.Routing.dll
  - Microsoft.AspNetCore.Metadata.dll 10.0.8 at C:\Program Files\dotnet\packs\Microsoft.AspNetCore.App.Ref\10.0.8\ref\net10.0\Microsoft.AspNetCore.Metadata.dll
  - Microsoft.AspNetCore.Mvc.Abstractions.dll 10.0.8 at C:\Program Files\dotnet\packs\Microsoft.AspNetCore.App.Ref\10.0.8\ref\net10.0\Microsoft.AspNetCore.Mvc.Abstractions.dll
  - Microsoft.AspNetCore.Mvc.ApiExplorer.dll 10.0.8 at C:\Program Files\dotnet\packs\Microsoft.AspNetCore.App.Ref\10.0.8\ref\net10.0\Microsoft.AspNetCore.Mvc.ApiExplorer.dll
  - Microsoft.AspNetCore.Mvc.Core.dll 10.0.8 at C:\Program Files\dotnet\packs\Microsoft.AspNetCore.App.Ref\10.0.8\ref\net10.0\Microsoft.AspNetCore.Mvc.Core.dll
  - Microsoft.AspNetCore.Mvc.Cors.dll 10.0.8 at C:\Program Files\dotnet\packs\Microsoft.AspNetCore.App.Ref\10.0.8\ref\net10.0\Microsoft.AspNetCore.Mvc.Cors.dll
  - Microsoft.AspNetCore.Mvc.DataAnnotations.dll 10.0.8 at C:\Program Files\dotnet\packs\Microsoft.AspNetCore.App.Ref\10.0.8\ref\net10.0\Microsoft.AspNetCore.Mvc.DataAnnotations.dll
  - Microsoft.AspNetCore.Mvc.dll 10.0.8 at C:\Program Files\dotnet\packs\Microsoft.AspNetCore.App.Ref\10.0.8\ref\net10.0\Microsoft.AspNetCore.Mvc.dll
  - Microsoft.AspNetCore.Mvc.Formatters.Json.dll 10.0.8 at C:\Program Files\dotnet\packs\Microsoft.AspNetCore.App.Ref\10.0.8\ref\net10.0\Microsoft.AspNetCore.Mvc.Formatters.Json.dll
  - Microsoft.AspNetCore.Mvc.Formatters.Xml.dll 10.0.8 at C:\Program Files\dotnet\packs\Microsoft.AspNetCore.App.Ref\10.0.8\ref\net10.0\Microsoft.AspNetCore.Mvc.Formatters.Xml.dll
  - Microsoft.AspNetCore.Mvc.Localization.dll 10.0.8 at C:\Program Files\dotnet\packs\Microsoft.AspNetCore.App.Ref\10.0.8\ref\net10.0\Microsoft.AspNetCore.Mvc.Localization.dll
  - Microsoft.AspNetCore.Mvc.Razor.dll 10.0.8 at C:\Program Files\dotnet\packs\Microsoft.AspNetCore.App.Ref\10.0.8\ref\net10.0\Microsoft.AspNetCore.Mvc.Razor.dll
  - Microsoft.AspNetCore.Mvc.RazorPages.dll 10.0.8 at C:\Program Files\dotnet\packs\Microsoft.AspNetCore.App.Ref\10.0.8\ref\net10.0\Microsoft.AspNetCore.Mvc.RazorPages.dll
  - Microsoft.AspNetCore.Mvc.TagHelpers.dll 10.0.8 at C:\Program Files\dotnet\packs\Microsoft.AspNetCore.App.Ref\10.0.8\ref\net10.0\Microsoft.AspNetCore.Mvc.TagHelpers.dll
  - Microsoft.AspNetCore.Mvc.ViewFeatures.dll 10.0.8 at C:\Program Files\dotnet\packs\Microsoft.AspNetCore.App.Ref\10.0.8\ref\net10.0\Microsoft.AspNetCore.Mvc.ViewFeatures.dll
  - Microsoft.AspNetCore.OutputCaching.dll 10.0.8 at C:\Program Files\dotnet\packs\Microsoft.AspNetCore.App.Ref\10.0.8\ref\net10.0\Microsoft.AspNetCore.OutputCaching.dll
  - Microsoft.AspNetCore.RateLimiting.dll 10.0.8 at C:\Program Files\dotnet\packs\Microsoft.AspNetCore.App.Ref\10.0.8\ref\net10.0\Microsoft.AspNetCore.RateLimiting.dll
  - Microsoft.AspNetCore.Razor.dll 10.0.8 at C:\Program Files\dotnet\packs\Microsoft.AspNetCore.App.Ref\10.0.8\ref\net10.0\Microsoft.AspNetCore.Razor.dll
  - Microsoft.AspNetCore.Razor.Runtime.dll 10.0.8 at C:\Program Files\dotnet\packs\Microsoft.AspNetCore.App.Ref\10.0.8\ref\net10.0\Microsoft.AspNetCore.Razor.Runtime.dll
  - Microsoft.AspNetCore.RequestDecompression.dll 10.0.8 at C:\Program Files\dotnet\packs\Microsoft.AspNetCore.App.Ref\10.0.8\ref\net10.0\Microsoft.AspNetCore.RequestDecompression.dll
  - Microsoft.AspNetCore.ResponseCaching.Abstractions.dll 10.0.8 at C:\Program Files\dotnet\packs\Microsoft.AspNetCore.App.Ref\10.0.8\ref\net10.0\Microsoft.AspNetCore.ResponseCaching.Abstractions.dll
  - Microsoft.AspNetCore.ResponseCaching.dll 10.0.8 at C:\Program Files\dotnet\packs\Microsoft.AspNetCore.App.Ref\10.0.8\ref\net10.0\Microsoft.AspNetCore.ResponseCaching.dll
  - Microsoft.AspNetCore.ResponseCompression.dll 10.0.8 at C:\Program Files\dotnet\packs\Microsoft.AspNetCore.App.Ref\10.0.8\ref\net10.0\Microsoft.AspNetCore.ResponseCompression.dll
  - Microsoft.AspNetCore.Rewrite.dll 10.0.8 at C:\Program Files\dotnet\packs\Microsoft.AspNetCore.App.Ref\10.0.8\ref\net10.0\Microsoft.AspNetCore.Rewrite.dll
  - Microsoft.AspNetCore.Routing.Abstractions.dll 10.0.8 at C:\Program Files\dotnet\packs\Microsoft.AspNetCore.App.Ref\10.0.8\ref\net10.0\Microsoft.AspNetCore.Routing.Abstractions.dll
  - Microsoft.AspNetCore.Routing.dll 10.0.8 at C:\Program Files\dotnet\packs\Microsoft.AspNetCore.App.Ref\10.0.8\ref\net10.0\Microsoft.AspNetCore.Routing.dll
  - Microsoft.AspNetCore.Server.HttpSys.dll 10.0.8 at C:\Program Files\dotnet\packs\Microsoft.AspNetCore.App.Ref\10.0.8\ref\net10.0\Microsoft.AspNetCore.Server.HttpSys.dll
  - Microsoft.AspNetCore.Server.IIS.dll 10.0.8 at C:\Program Files\dotnet\packs\Microsoft.AspNetCore.App.Ref\10.0.8\ref\net10.0\Microsoft.AspNetCore.Server.IIS.dll
  - Microsoft.AspNetCore.Server.IISIntegration.dll 10.0.8 at C:\Program Files\dotnet\packs\Microsoft.AspNetCore.App.Ref\10.0.8\ref\net10.0\Microsoft.AspNetCore.Server.IISIntegration.dll
  - Microsoft.AspNetCore.Server.Kestrel.Core.dll 10.0.8 at C:\Program Files\dotnet\packs\Microsoft.AspNetCore.App.Ref\10.0.8\ref\net10.0\Microsoft.AspNetCore.Server.Kestrel.Core.dll
  - Microsoft.AspNetCore.Server.Kestrel.dll 10.0.8 at C:\Program Files\dotnet\packs\Microsoft.AspNetCore.App.Ref\10.0.8\ref\net10.0\Microsoft.AspNetCore.Server.Kestrel.dll
  - Microsoft.AspNetCore.Server.Kestrel.Transport.NamedPipes.dll 10.0.8 at C:\Program Files\dotnet\packs\Microsoft.AspNetCore.App.Ref\10.0.8\ref\net10.0\Microsoft.AspNetCore.Server.Kestrel.Transport.NamedPipes.dll
  - Microsoft.AspNetCore.Server.Kestrel.Transport.Quic.dll 10.0.8 at C:\Program Files\dotnet\packs\Microsoft.AspNetCore.App.Ref\10.0.8\ref\net10.0\Microsoft.AspNetCore.Server.Kestrel.Transport.Quic.dll
  - Microsoft.AspNetCore.Server.Kestrel.Transport.Sockets.dll 10.0.8 at C:\Program Files\dotnet\packs\Microsoft.AspNetCore.App.Ref\10.0.8\ref\net10.0\Microsoft.AspNetCore.Server.Kestrel.Transport.Sockets.dll
  - Microsoft.AspNetCore.Session.dll 10.0.8 at C:\Program Files\dotnet\packs\Microsoft.AspNetCore.App.Ref\10.0.8\ref\net10.0\Microsoft.AspNetCore.Session.dll
  - Microsoft.AspNetCore.SignalR.Common.dll 10.0.8 at C:\Program Files\dotnet\packs\Microsoft.AspNetCore.App.Ref\10.0.8\ref\net10.0\Microsoft.AspNetCore.SignalR.Common.dll
  - Microsoft.AspNetCore.SignalR.Core.dll 10.0.8 at C:\Program Files\dotnet\packs\Microsoft.AspNetCore.App.Ref\10.0.8\ref\net10.0\Microsoft.AspNetCore.SignalR.Core.dll
  - Microsoft.AspNetCore.SignalR.dll 10.0.8 at C:\Program Files\dotnet\packs\Microsoft.AspNetCore.App.Ref\10.0.8\ref\net10.0\Microsoft.AspNetCore.SignalR.dll
  - Microsoft.AspNetCore.SignalR.Protocols.Json.dll 10.0.8 at C:\Program Files\dotnet\packs\Microsoft.AspNetCore.App.Ref\10.0.8\ref\net10.0\Microsoft.AspNetCore.SignalR.Protocols.Json.dll
  - Microsoft.AspNetCore.StaticAssets.dll 10.0.8 at C:\Program Files\dotnet\packs\Microsoft.AspNetCore.App.Ref\10.0.8\ref\net10.0\Microsoft.AspNetCore.StaticAssets.dll
  - Microsoft.AspNetCore.StaticFiles.dll 10.0.8 at C:\Program Files\dotnet\packs\Microsoft.AspNetCore.App.Ref\10.0.8\ref\net10.0\Microsoft.AspNetCore.StaticFiles.dll
  - Microsoft.AspNetCore.WebSockets.dll 10.0.8 at C:\Program Files\dotnet\packs\Microsoft.AspNetCore.App.Ref\10.0.8\ref\net10.0\Microsoft.AspNetCore.WebSockets.dll
  - Microsoft.AspNetCore.WebUtilities.dll 10.0.8 at C:\Program Files\dotnet\packs\Microsoft.AspNetCore.App.Ref\10.0.8\ref\net10.0\Microsoft.AspNetCore.WebUtilities.dll
  - Microsoft.CSharp.dll 10.0.8 at C:\Program Files\dotnet\packs\Microsoft.NETCore.App.Ref\10.0.8\ref\net10.0\Microsoft.CSharp.dll
  - Microsoft.Extensions.AI.Abstractions.dll 10.4.0 at C:\Users\tddkhanh\.nuget\packages\microsoft.extensions.ai.abstractions\10.4.0\lib\net10.0\Microsoft.Extensions.AI.Abstractions.dll
  - Microsoft.Extensions.AI.dll 10.4.0 at C:\Users\tddkhanh\.nuget\packages\microsoft.extensions.ai\10.4.0\lib\net10.0\Microsoft.Extensions.AI.dll
  - Microsoft.Extensions.Caching.Abstractions.dll 10.0.8 at C:\Program Files\dotnet\packs\Microsoft.AspNetCore.App.Ref\10.0.8\ref\net10.0\Microsoft.Extensions.Caching.Abstractions.dll
  - Microsoft.Extensions.Caching.Memory.dll 10.0.8 at C:\Program Files\dotnet\packs\Microsoft.AspNetCore.App.Ref\10.0.8\ref\net10.0\Microsoft.Extensions.Caching.Memory.dll
  - Microsoft.Extensions.Configuration.Abstractions.dll 10.0.8 at C:\Program Files\dotnet\packs\Microsoft.AspNetCore.App.Ref\10.0.8\ref\net10.0\Microsoft.Extensions.Configuration.Abstractions.dll
  - Microsoft.Extensions.Configuration.Binder.dll 10.0.8 at C:\Program Files\dotnet\packs\Microsoft.AspNetCore.App.Ref\10.0.8\ref\net10.0\Microsoft.Extensions.Configuration.Binder.dll
  - Microsoft.Extensions.Configuration.CommandLine.dll 10.0.8 at C:\Program Files\dotnet\packs\Microsoft.AspNetCore.App.Ref\10.0.8\ref\net10.0\Microsoft.Extensions.Configuration.CommandLine.dll
  - Microsoft.Extensions.Configuration.dll 10.0.8 at C:\Program Files\dotnet\packs\Microsoft.AspNetCore.App.Ref\10.0.8\ref\net10.0\Microsoft.Extensions.Configuration.dll
  - Microsoft.Extensions.Configuration.EnvironmentVariables.dll 10.0.8 at C:\Program Files\dotnet\packs\Microsoft.AspNetCore.App.Ref\10.0.8\ref\net10.0\Microsoft.Extensions.Configuration.EnvironmentVariables.dll
  - Microsoft.Extensions.Configuration.FileExtensions.dll 10.0.8 at C:\Program Files\dotnet\packs\Microsoft.AspNetCore.App.Ref\10.0.8\ref\net10.0\Microsoft.Extensions.Configuration.FileExtensions.dll
  - Microsoft.Extensions.Configuration.Ini.dll 10.0.8 at C:\Program Files\dotnet\packs\Microsoft.AspNetCore.App.Ref\10.0.8\ref\net10.0\Microsoft.Extensions.Configuration.Ini.dll
  - Microsoft.Extensions.Configuration.Json.dll 10.0.8 at C:\Program Files\dotnet\packs\Microsoft.AspNetCore.App.Ref\10.0.8\ref\net10.0\Microsoft.Extensions.Configuration.Json.dll
  - Microsoft.Extensions.Configuration.KeyPerFile.dll 10.0.8 at C:\Program Files\dotnet\packs\Microsoft.AspNetCore.App.Ref\10.0.8\ref\net10.0\Microsoft.Extensions.Configuration.KeyPerFile.dll
  - Microsoft.Extensions.Configuration.UserSecrets.dll 10.0.8 at C:\Program Files\dotnet\packs\Microsoft.AspNetCore.App.Ref\10.0.8\ref\net10.0\Microsoft.Extensions.Configuration.UserSecrets.dll
  - Microsoft.Extensions.Configuration.Xml.dll 10.0.8 at C:\Program Files\dotnet\packs\Microsoft.AspNetCore.App.Ref\10.0.8\ref\net10.0\Microsoft.Extensions.Configuration.Xml.dll
  - Microsoft.Extensions.DependencyInjection.Abstractions.dll 10.0.8 at C:\Program Files\dotnet\packs\Microsoft.AspNetCore.App.Ref\10.0.8\ref\net10.0\Microsoft.Extensions.DependencyInjection.Abstractions.dll
  - Microsoft.Extensions.DependencyInjection.dll 10.0.8 at C:\Program Files\dotnet\packs\Microsoft.AspNetCore.App.Ref\10.0.8\ref\net10.0\Microsoft.Extensions.DependencyInjection.dll
  - Microsoft.Extensions.Diagnostics.Abstractions.dll 10.0.8 at C:\Program Files\dotnet\packs\Microsoft.AspNetCore.App.Ref\10.0.8\ref\net10.0\Microsoft.Extensions.Diagnostics.Abstractions.dll
  - Microsoft.Extensions.Diagnostics.dll 10.0.8 at C:\Program Files\dotnet\packs\Microsoft.AspNetCore.App.Ref\10.0.8\ref\net10.0\Microsoft.Extensions.Diagnostics.dll
  - Microsoft.Extensions.Diagnostics.HealthChecks.Abstractions.dll 10.0.8 at C:\Program Files\dotnet\packs\Microsoft.AspNetCore.App.Ref\10.0.8\ref\net10.0\Microsoft.Extensions.Diagnostics.HealthChecks.Abstractions.dll
  - Microsoft.Extensions.Diagnostics.HealthChecks.dll 10.0.8 at C:\Program Files\dotnet\packs\Microsoft.AspNetCore.App.Ref\10.0.8\ref\net10.0\Microsoft.Extensions.Diagnostics.HealthChecks.dll
  - Microsoft.Extensions.Features.dll 10.0.8 at C:\Program Files\dotnet\packs\Microsoft.AspNetCore.App.Ref\10.0.8\ref\net10.0\Microsoft.Extensions.Features.dll
  - Microsoft.Extensions.FileProviders.Abstractions.dll 10.0.8 at C:\Program Files\dotnet\packs\Microsoft.AspNetCore.App.Ref\10.0.8\ref\net10.0\Microsoft.Extensions.FileProviders.Abstractions.dll
  - Microsoft.Extensions.FileProviders.Composite.dll 10.0.8 at C:\Program Files\dotnet\packs\Microsoft.AspNetCore.App.Ref\10.0.8\ref\net10.0\Microsoft.Extensions.FileProviders.Composite.dll
  - Microsoft.Extensions.FileProviders.Embedded.dll 10.0.8 at C:\Program Files\dotnet\packs\Microsoft.AspNetCore.App.Ref\10.0.8\ref\net10.0\Microsoft.Extensions.FileProviders.Embedded.dll
  - Microsoft.Extensions.FileProviders.Physical.dll 10.0.8 at C:\Program Files\dotnet\packs\Microsoft.AspNetCore.App.Ref\10.0.8\ref\net10.0\Microsoft.Extensions.FileProviders.Physical.dll
  - Microsoft.Extensions.FileSystemGlobbing.dll 10.0.8 at C:\Program Files\dotnet\packs\Microsoft.AspNetCore.App.Ref\10.0.8\ref\net10.0\Microsoft.Extensions.FileSystemGlobbing.dll
  - Microsoft.Extensions.Hosting.Abstractions.dll 10.0.8 at C:\Program Files\dotnet\packs\Microsoft.AspNetCore.App.Ref\10.0.8\ref\net10.0\Microsoft.Extensions.Hosting.Abstractions.dll
  - Microsoft.Extensions.Hosting.dll 10.0.8 at C:\Program Files\dotnet\packs\Microsoft.AspNetCore.App.Ref\10.0.8\ref\net10.0\Microsoft.Extensions.Hosting.dll
  - Microsoft.Extensions.Http.dll 10.0.8 at C:\Program Files\dotnet\packs\Microsoft.AspNetCore.App.Ref\10.0.8\ref\net10.0\Microsoft.Extensions.Http.dll
  - Microsoft.Extensions.Identity.Core.dll 10.0.8 at C:\Program Files\dotnet\packs\Microsoft.AspNetCore.App.Ref\10.0.8\ref\net10.0\Microsoft.Extensions.Identity.Core.dll
  - Microsoft.Extensions.Identity.Stores.dll 10.0.8 at C:\Program Files\dotnet\packs\Microsoft.AspNetCore.App.Ref\10.0.8\ref\net10.0\Microsoft.Extensions.Identity.Stores.dll
  - Microsoft.Extensions.Localization.Abstractions.dll 10.0.8 at C:\Program Files\dotnet\packs\Microsoft.AspNetCore.App.Ref\10.0.8\ref\net10.0\Microsoft.Extensions.Localization.Abstractions.dll
  - Microsoft.Extensions.Localization.dll 10.0.8 at C:\Program Files\dotnet\packs\Microsoft.AspNetCore.App.Ref\10.0.8\ref\net10.0\Microsoft.Extensions.Localization.dll
  - Microsoft.Extensions.Logging.Abstractions.dll 10.0.8 at C:\Program Files\dotnet\packs\Microsoft.AspNetCore.App.Ref\10.0.8\ref\net10.0\Microsoft.Extensions.Logging.Abstractions.dll
  - Microsoft.Extensions.Logging.Configuration.dll 10.0.8 at C:\Program Files\dotnet\packs\Microsoft.AspNetCore.App.Ref\10.0.8\ref\net10.0\Microsoft.Extensions.Logging.Configuration.dll
  - Microsoft.Extensions.Logging.Console.dll 10.0.8 at C:\Program Files\dotnet\packs\Microsoft.AspNetCore.App.Ref\10.0.8\ref\net10.0\Microsoft.Extensions.Logging.Console.dll
  - Microsoft.Extensions.Logging.Debug.dll 10.0.8 at C:\Program Files\dotnet\packs\Microsoft.AspNetCore.App.Ref\10.0.8\ref\net10.0\Microsoft.Extensions.Logging.Debug.dll
  - Microsoft.Extensions.Logging.dll 10.0.8 at C:\Program Files\dotnet\packs\Microsoft.AspNetCore.App.Ref\10.0.8\ref\net10.0\Microsoft.Extensions.Logging.dll
  - Microsoft.Extensions.Logging.EventLog.dll 10.0.8 at C:\Program Files\dotnet\packs\Microsoft.AspNetCore.App.Ref\10.0.8\ref\net10.0\Microsoft.Extensions.Logging.EventLog.dll
  - Microsoft.Extensions.Logging.EventSource.dll 10.0.8 at C:\Program Files\dotnet\packs\Microsoft.AspNetCore.App.Ref\10.0.8\ref\net10.0\Microsoft.Extensions.Logging.EventSource.dll
  - Microsoft.Extensions.Logging.TraceSource.dll 10.0.8 at C:\Program Files\dotnet\packs\Microsoft.AspNetCore.App.Ref\10.0.8\ref\net10.0\Microsoft.Extensions.Logging.TraceSource.dll
  - Microsoft.Extensions.ObjectPool.dll 10.0.8 at C:\Program Files\dotnet\packs\Microsoft.AspNetCore.App.Ref\10.0.8\ref\net10.0\Microsoft.Extensions.ObjectPool.dll
  - Microsoft.Extensions.Options.ConfigurationExtensions.dll 10.0.8 at C:\Program Files\dotnet\packs\Microsoft.AspNetCore.App.Ref\10.0.8\ref\net10.0\Microsoft.Extensions.Options.ConfigurationExtensions.dll
  - Microsoft.Extensions.Options.DataAnnotations.dll 10.0.8 at C:\Program Files\dotnet\packs\Microsoft.AspNetCore.App.Ref\10.0.8\ref\net10.0\Microsoft.Extensions.Options.DataAnnotations.dll
  - Microsoft.Extensions.Options.dll 10.0.8 at C:\Program Files\dotnet\packs\Microsoft.AspNetCore.App.Ref\10.0.8\ref\net10.0\Microsoft.Extensions.Options.dll
  - Microsoft.Extensions.Primitives.dll 10.0.8 at C:\Program Files\dotnet\packs\Microsoft.AspNetCore.App.Ref\10.0.8\ref\net10.0\Microsoft.Extensions.Primitives.dll
  - Microsoft.Extensions.Validation.dll 10.0.8 at C:\Program Files\dotnet\packs\Microsoft.AspNetCore.App.Ref\10.0.8\ref\net10.0\Microsoft.Extensions.Validation.dll
  - Microsoft.Extensions.WebEncoders.dll 10.0.8 at C:\Program Files\dotnet\packs\Microsoft.AspNetCore.App.Ref\10.0.8\ref\net10.0\Microsoft.Extensions.WebEncoders.dll
  - Microsoft.JSInterop.dll 10.0.8 at C:\Program Files\dotnet\packs\Microsoft.AspNetCore.App.Ref\10.0.8\ref\net10.0\Microsoft.JSInterop.dll
  - Microsoft.Net.Http.Headers.dll 10.0.8 at C:\Program Files\dotnet\packs\Microsoft.AspNetCore.App.Ref\10.0.8\ref\net10.0\Microsoft.Net.Http.Headers.dll
  - Microsoft.VisualBasic.Core.dll 10.0.8 at C:\Program Files\dotnet\packs\Microsoft.NETCore.App.Ref\10.0.8\ref\net10.0\Microsoft.VisualBasic.Core.dll
  - Microsoft.VisualBasic.dll 10.0.8 at C:\Program Files\dotnet\packs\Microsoft.NETCore.App.Ref\10.0.8\ref\net10.0\Microsoft.VisualBasic.dll
  - Microsoft.Win32.Primitives.dll 10.0.8 at C:\Program Files\dotnet\packs\Microsoft.NETCore.App.Ref\10.0.8\ref\net10.0\Microsoft.Win32.Primitives.dll
  - Microsoft.Win32.Registry.dll 10.0.8 at C:\Program Files\dotnet\packs\Microsoft.NETCore.App.Ref\10.0.8\ref\net10.0\Microsoft.Win32.Registry.dll
  - mscorlib.dll 10.0.8 at C:\Program Files\dotnet\packs\Microsoft.NETCore.App.Ref\10.0.8\ref\net10.0\mscorlib.dll
  - netstandard.dll 10.0.8 at C:\Program Files\dotnet\packs\Microsoft.NETCore.App.Ref\10.0.8\ref\net10.0\netstandard.dll
  - System.AppContext.dll 10.0.8 at C:\Program Files\dotnet\packs\Microsoft.NETCore.App.Ref\10.0.8\ref\net10.0\System.AppContext.dll
  - System.Buffers.dll 10.0.8 at C:\Program Files\dotnet\packs\Microsoft.NETCore.App.Ref\10.0.8\ref\net10.0\System.Buffers.dll
  - System.Collections.Concurrent.dll 10.0.8 at C:\Program Files\dotnet\packs\Microsoft.NETCore.App.Ref\10.0.8\ref\net10.0\System.Collections.Concurrent.dll
  - System.Collections.dll 10.0.8 at C:\Program Files\dotnet\packs\Microsoft.NETCore.App.Ref\10.0.8\ref\net10.0\System.Collections.dll
  - System.Collections.Immutable.dll 10.0.8 at C:\Program Files\dotnet\packs\Microsoft.NETCore.App.Ref\10.0.8\ref\net10.0\System.Collections.Immutable.dll
  - System.Collections.NonGeneric.dll 10.0.8 at C:\Program Files\dotnet\packs\Microsoft.NETCore.App.Ref\10.0.8\ref\net10.0\System.Collections.NonGeneric.dll
  - System.Collections.Specialized.dll 10.0.8 at C:\Program Files\dotnet\packs\Microsoft.NETCore.App.Ref\10.0.8\ref\net10.0\System.Collections.Specialized.dll
  - System.ComponentModel.Annotations.dll 10.0.8 at C:\Program Files\dotnet\packs\Microsoft.NETCore.App.Ref\10.0.8\ref\net10.0\System.ComponentModel.Annotations.dll
  - System.ComponentModel.DataAnnotations.dll 10.0.8 at C:\Program Files\dotnet\packs\Microsoft.NETCore.App.Ref\10.0.8\ref\net10.0\System.ComponentModel.DataAnnotations.dll
  - System.ComponentModel.dll 10.0.8 at C:\Program Files\dotnet\packs\Microsoft.NETCore.App.Ref\10.0.8\ref\net10.0\System.ComponentModel.dll
  - System.ComponentModel.EventBasedAsync.dll 10.0.8 at C:\Program Files\dotnet\packs\Microsoft.NETCore.App.Ref\10.0.8\ref\net10.0\System.ComponentModel.EventBasedAsync.dll
  - System.ComponentModel.Primitives.dll 10.0.8 at C:\Program Files\dotnet\packs\Microsoft.NETCore.App.Ref\10.0.8\ref\net10.0\System.ComponentModel.Primitives.dll
  - System.ComponentModel.TypeConverter.dll 10.0.8 at C:\Program Files\dotnet\packs\Microsoft.NETCore.App.Ref\10.0.8\ref\net10.0\System.ComponentModel.TypeConverter.dll
  - System.Configuration.dll 10.0.8 at C:\Program Files\dotnet\packs\Microsoft.NETCore.App.Ref\10.0.8\ref\net10.0\System.Configuration.dll
  - System.Console.dll 10.0.8 at C:\Program Files\dotnet\packs\Microsoft.NETCore.App.Ref\10.0.8\ref\net10.0\System.Console.dll
  - System.Core.dll 10.0.8 at C:\Program Files\dotnet\packs\Microsoft.NETCore.App.Ref\10.0.8\ref\net10.0\System.Core.dll
  - System.Data.Common.dll 10.0.8 at C:\Program Files\dotnet\packs\Microsoft.NETCore.App.Ref\10.0.8\ref\net10.0\System.Data.Common.dll
  - System.Data.DataSetExtensions.dll 10.0.8 at C:\Program Files\dotnet\packs\Microsoft.NETCore.App.Ref\10.0.8\ref\net10.0\System.Data.DataSetExtensions.dll
  - System.Data.dll 10.0.8 at C:\Program Files\dotnet\packs\Microsoft.NETCore.App.Ref\10.0.8\ref\net10.0\System.Data.dll
  - System.Diagnostics.Contracts.dll 10.0.8 at C:\Program Files\dotnet\packs\Microsoft.NETCore.App.Ref\10.0.8\ref\net10.0\System.Diagnostics.Contracts.dll
  - System.Diagnostics.Debug.dll 10.0.8 at C:\Program Files\dotnet\packs\Microsoft.NETCore.App.Ref\10.0.8\ref\net10.0\System.Diagnostics.Debug.dll
  - System.Diagnostics.DiagnosticSource.dll 10.0.8 at C:\Program Files\dotnet\packs\Microsoft.NETCore.App.Ref\10.0.8\ref\net10.0\System.Diagnostics.DiagnosticSource.dll
  - System.Diagnostics.EventLog.dll 10.0.8 at C:\Program Files\dotnet\packs\Microsoft.AspNetCore.App.Ref\10.0.8\ref\net10.0\System.Diagnostics.EventLog.dll
  - System.Diagnostics.FileVersionInfo.dll 10.0.8 at C:\Program Files\dotnet\packs\Microsoft.NETCore.App.Ref\10.0.8\ref\net10.0\System.Diagnostics.FileVersionInfo.dll
  - System.Diagnostics.Process.dll 10.0.8 at C:\Program Files\dotnet\packs\Microsoft.NETCore.App.Ref\10.0.8\ref\net10.0\System.Diagnostics.Process.dll
  - System.Diagnostics.StackTrace.dll 10.0.8 at C:\Program Files\dotnet\packs\Microsoft.NETCore.App.Ref\10.0.8\ref\net10.0\System.Diagnostics.StackTrace.dll
  - System.Diagnostics.TextWriterTraceListener.dll 10.0.8 at C:\Program Files\dotnet\packs\Microsoft.NETCore.App.Ref\10.0.8\ref\net10.0\System.Diagnostics.TextWriterTraceListener.dll
  - System.Diagnostics.Tools.dll 10.0.8 at C:\Program Files\dotnet\packs\Microsoft.NETCore.App.Ref\10.0.8\ref\net10.0\System.Diagnostics.Tools.dll
  - System.Diagnostics.TraceSource.dll 10.0.8 at C:\Program Files\dotnet\packs\Microsoft.NETCore.App.Ref\10.0.8\ref\net10.0\System.Diagnostics.TraceSource.dll
  - System.Diagnostics.Tracing.dll 10.0.8 at C:\Program Files\dotnet\packs\Microsoft.NETCore.App.Ref\10.0.8\ref\net10.0\System.Diagnostics.Tracing.dll
  - System.dll 10.0.8 at C:\Program Files\dotnet\packs\Microsoft.NETCore.App.Ref\10.0.8\ref\net10.0\System.dll
  - System.Drawing.dll 10.0.8 at C:\Program Files\dotnet\packs\Microsoft.NETCore.App.Ref\10.0.8\ref\net10.0\System.Drawing.dll
  - System.Drawing.Primitives.dll 10.0.8 at C:\Program Files\dotnet\packs\Microsoft.NETCore.App.Ref\10.0.8\ref\net10.0\System.Drawing.Primitives.dll
  - System.Dynamic.Runtime.dll 10.0.8 at C:\Program Files\dotnet\packs\Microsoft.NETCore.App.Ref\10.0.8\ref\net10.0\System.Dynamic.Runtime.dll
  - System.Formats.Asn1.dll 10.0.8 at C:\Program Files\dotnet\packs\Microsoft.NETCore.App.Ref\10.0.8\ref\net10.0\System.Formats.Asn1.dll
  - System.Formats.Cbor.dll 10.0.8 at C:\Program Files\dotnet\packs\Microsoft.AspNetCore.App.Ref\10.0.8\ref\net10.0\System.Formats.Cbor.dll
  - System.Formats.Tar.dll 10.0.8 at C:\Program Files\dotnet\packs\Microsoft.NETCore.App.Ref\10.0.8\ref\net10.0\System.Formats.Tar.dll
  - System.Globalization.Calendars.dll 10.0.8 at C:\Program Files\dotnet\packs\Microsoft.NETCore.App.Ref\10.0.8\ref\net10.0\System.Globalization.Calendars.dll
  - System.Globalization.dll 10.0.8 at C:\Program Files\dotnet\packs\Microsoft.NETCore.App.Ref\10.0.8\ref\net10.0\System.Globalization.dll
  - System.Globalization.Extensions.dll 10.0.8 at C:\Program Files\dotnet\packs\Microsoft.NETCore.App.Ref\10.0.8\ref\net10.0\System.Globalization.Extensions.dll
  - System.IO.Compression.Brotli.dll 10.0.8 at C:\Program Files\dotnet\packs\Microsoft.NETCore.App.Ref\10.0.8\ref\net10.0\System.IO.Compression.Brotli.dll
  - System.IO.Compression.dll 10.0.8 at C:\Program Files\dotnet\packs\Microsoft.NETCore.App.Ref\10.0.8\ref\net10.0\System.IO.Compression.dll
  - System.IO.Compression.FileSystem.dll 10.0.8 at C:\Program Files\dotnet\packs\Microsoft.NETCore.App.Ref\10.0.8\ref\net10.0\System.IO.Compression.FileSystem.dll
  - System.IO.Compression.ZipFile.dll 10.0.8 at C:\Program Files\dotnet\packs\Microsoft.NETCore.App.Ref\10.0.8\ref\net10.0\System.IO.Compression.ZipFile.dll
  - System.IO.dll 10.0.8 at C:\Program Files\dotnet\packs\Microsoft.NETCore.App.Ref\10.0.8\ref\net10.0\System.IO.dll
  - System.IO.FileSystem.AccessControl.dll 10.0.8 at C:\Program Files\dotnet\packs\Microsoft.NETCore.App.Ref\10.0.8\ref\net10.0\System.IO.FileSystem.AccessControl.dll
  - System.IO.FileSystem.dll 10.0.8 at C:\Program Files\dotnet\packs\Microsoft.NETCore.App.Ref\10.0.8\ref\net10.0\System.IO.FileSystem.dll
  - System.IO.FileSystem.DriveInfo.dll 10.0.8 at C:\Program Files\dotnet\packs\Microsoft.NETCore.App.Ref\10.0.8\ref\net10.0\System.IO.FileSystem.DriveInfo.dll
  - System.IO.FileSystem.Primitives.dll 10.0.8 at C:\Program Files\dotnet\packs\Microsoft.NETCore.App.Ref\10.0.8\ref\net10.0\System.IO.FileSystem.Primitives.dll
  - System.IO.FileSystem.Watcher.dll 10.0.8 at C:\Program Files\dotnet\packs\Microsoft.NETCore.App.Ref\10.0.8\ref\net10.0\System.IO.FileSystem.Watcher.dll
  - System.IO.IsolatedStorage.dll 10.0.8 at C:\Program Files\dotnet\packs\Microsoft.NETCore.App.Ref\10.0.8\ref\net10.0\System.IO.IsolatedStorage.dll
  - System.IO.MemoryMappedFiles.dll 10.0.8 at C:\Program Files\dotnet\packs\Microsoft.NETCore.App.Ref\10.0.8\ref\net10.0\System.IO.MemoryMappedFiles.dll
  - System.IO.Pipelines.dll 10.0.8 at C:\Program Files\dotnet\packs\Microsoft.NETCore.App.Ref\10.0.8\ref\net10.0\System.IO.Pipelines.dll
  - System.IO.Pipes.AccessControl.dll 10.0.8 at C:\Program Files\dotnet\packs\Microsoft.NETCore.App.Ref\10.0.8\ref\net10.0\System.IO.Pipes.AccessControl.dll
  - System.IO.Pipes.dll 10.0.8 at C:\Program Files\dotnet\packs\Microsoft.NETCore.App.Ref\10.0.8\ref\net10.0\System.IO.Pipes.dll
  - System.IO.UnmanagedMemoryStream.dll 10.0.8 at C:\Program Files\dotnet\packs\Microsoft.NETCore.App.Ref\10.0.8\ref\net10.0\System.IO.UnmanagedMemoryStream.dll
  - System.Linq.AsyncEnumerable.dll 10.0.8 at C:\Program Files\dotnet\packs\Microsoft.NETCore.App.Ref\10.0.8\ref\net10.0\System.Linq.AsyncEnumerable.dll
  - System.Linq.dll 10.0.8 at C:\Program Files\dotnet\packs\Microsoft.NETCore.App.Ref\10.0.8\ref\net10.0\System.Linq.dll
  - System.Linq.Expressions.dll 10.0.8 at C:\Program Files\dotnet\packs\Microsoft.NETCore.App.Ref\10.0.8\ref\net10.0\System.Linq.Expressions.dll
  - System.Linq.Parallel.dll 10.0.8 at C:\Program Files\dotnet\packs\Microsoft.NETCore.App.Ref\10.0.8\ref\net10.0\System.Linq.Parallel.dll
  - System.Linq.Queryable.dll 10.0.8 at C:\Program Files\dotnet\packs\Microsoft.NETCore.App.Ref\10.0.8\ref\net10.0\System.Linq.Queryable.dll
  - System.Memory.dll 10.0.8 at C:\Program Files\dotnet\packs\Microsoft.NETCore.App.Ref\10.0.8\ref\net10.0\System.Memory.dll
  - System.Net.dll 10.0.8 at C:\Program Files\dotnet\packs\Microsoft.NETCore.App.Ref\10.0.8\ref\net10.0\System.Net.dll
  - System.Net.Http.dll 10.0.8 at C:\Program Files\dotnet\packs\Microsoft.NETCore.App.Ref\10.0.8\ref\net10.0\System.Net.Http.dll
  - System.Net.Http.Json.dll 10.0.8 at C:\Program Files\dotnet\packs\Microsoft.NETCore.App.Ref\10.0.8\ref\net10.0\System.Net.Http.Json.dll
  - System.Net.HttpListener.dll 10.0.8 at C:\Program Files\dotnet\packs\Microsoft.NETCore.App.Ref\10.0.8\ref\net10.0\System.Net.HttpListener.dll
  - System.Net.Mail.dll 10.0.8 at C:\Program Files\dotnet\packs\Microsoft.NETCore.App.Ref\10.0.8\ref\net10.0\System.Net.Mail.dll
  - System.Net.NameResolution.dll 10.0.8 at C:\Program Files\dotnet\packs\Microsoft.NETCore.App.Ref\10.0.8\ref\net10.0\System.Net.NameResolution.dll
  - System.Net.NetworkInformation.dll 10.0.8 at C:\Program Files\dotnet\packs\Microsoft.NETCore.App.Ref\10.0.8\ref\net10.0\System.Net.NetworkInformation.dll
  - System.Net.Ping.dll 10.0.8 at C:\Program Files\dotnet\packs\Microsoft.NETCore.App.Ref\10.0.8\ref\net10.0\System.Net.Ping.dll
  - System.Net.Primitives.dll 10.0.8 at C:\Program Files\dotnet\packs\Microsoft.NETCore.App.Ref\10.0.8\ref\net10.0\System.Net.Primitives.dll
  - System.Net.Quic.dll 10.0.8 at C:\Program Files\dotnet\packs\Microsoft.NETCore.App.Ref\10.0.8\ref\net10.0\System.Net.Quic.dll
  - System.Net.Requests.dll 10.0.8 at C:\Program Files\dotnet\packs\Microsoft.NETCore.App.Ref\10.0.8\ref\net10.0\System.Net.Requests.dll
  - System.Net.Security.dll 10.0.8 at C:\Program Files\dotnet\packs\Microsoft.NETCore.App.Ref\10.0.8\ref\net10.0\System.Net.Security.dll
  - System.Net.ServerSentEvents.dll 10.0.8 at C:\Program Files\dotnet\packs\Microsoft.NETCore.App.Ref\10.0.8\ref\net10.0\System.Net.ServerSentEvents.dll
  - System.Net.ServicePoint.dll 10.0.8 at C:\Program Files\dotnet\packs\Microsoft.NETCore.App.Ref\10.0.8\ref\net10.0\System.Net.ServicePoint.dll
  - System.Net.Sockets.dll 10.0.8 at C:\Program Files\dotnet\packs\Microsoft.NETCore.App.Ref\10.0.8\ref\net10.0\System.Net.Sockets.dll
  - System.Net.WebClient.dll 10.0.8 at C:\Program Files\dotnet\packs\Microsoft.NETCore.App.Ref\10.0.8\ref\net10.0\System.Net.WebClient.dll
  - System.Net.WebHeaderCollection.dll 10.0.8 at C:\Program Files\dotnet\packs\Microsoft.NETCore.App.Ref\10.0.8\ref\net10.0\System.Net.WebHeaderCollection.dll
  - System.Net.WebProxy.dll 10.0.8 at C:\Program Files\dotnet\packs\Microsoft.NETCore.App.Ref\10.0.8\ref\net10.0\System.Net.WebProxy.dll
  - System.Net.WebSockets.Client.dll 10.0.8 at C:\Program Files\dotnet\packs\Microsoft.NETCore.App.Ref\10.0.8\ref\net10.0\System.Net.WebSockets.Client.dll
  - System.Net.WebSockets.dll 10.0.8 at C:\Program Files\dotnet\packs\Microsoft.NETCore.App.Ref\10.0.8\ref\net10.0\System.Net.WebSockets.dll
  - System.Numerics.dll 10.0.8 at C:\Program Files\dotnet\packs\Microsoft.NETCore.App.Ref\10.0.8\ref\net10.0\System.Numerics.dll
  - System.Numerics.Tensors.dll 10.0.4 at C:\Users\tddkhanh\.nuget\packages\system.numerics.tensors\10.0.4\lib\net10.0\System.Numerics.Tensors.dll
  - System.Numerics.Vectors.dll 10.0.8 at C:\Program Files\dotnet\packs\Microsoft.NETCore.App.Ref\10.0.8\ref\net10.0\System.Numerics.Vectors.dll
  - System.ObjectModel.dll 10.0.8 at C:\Program Files\dotnet\packs\Microsoft.NETCore.App.Ref\10.0.8\ref\net10.0\System.ObjectModel.dll
  - System.Reflection.DispatchProxy.dll 10.0.8 at C:\Program Files\dotnet\packs\Microsoft.NETCore.App.Ref\10.0.8\ref\net10.0\System.Reflection.DispatchProxy.dll
  - System.Reflection.dll 10.0.8 at C:\Program Files\dotnet\packs\Microsoft.NETCore.App.Ref\10.0.8\ref\net10.0\System.Reflection.dll
  - System.Reflection.Emit.dll 10.0.8 at C:\Program Files\dotnet\packs\Microsoft.NETCore.App.Ref\10.0.8\ref\net10.0\System.Reflection.Emit.dll
  - System.Reflection.Emit.ILGeneration.dll 10.0.8 at C:\Program Files\dotnet\packs\Microsoft.NETCore.App.Ref\10.0.8\ref\net10.0\System.Reflection.Emit.ILGeneration.dll
  - System.Reflection.Emit.Lightweight.dll 10.0.8 at C:\Program Files\dotnet\packs\Microsoft.NETCore.App.Ref\10.0.8\ref\net10.0\System.Reflection.Emit.Lightweight.dll
  - System.Reflection.Extensions.dll 10.0.8 at C:\Program Files\dotnet\packs\Microsoft.NETCore.App.Ref\10.0.8\ref\net10.0\System.Reflection.Extensions.dll
  - System.Reflection.Metadata.dll 10.0.8 at C:\Program Files\dotnet\packs\Microsoft.NETCore.App.Ref\10.0.8\ref\net10.0\System.Reflection.Metadata.dll
  - System.Reflection.Primitives.dll 10.0.8 at C:\Program Files\dotnet\packs\Microsoft.NETCore.App.Ref\10.0.8\ref\net10.0\System.Reflection.Primitives.dll
  - System.Reflection.TypeExtensions.dll 10.0.8 at C:\Program Files\dotnet\packs\Microsoft.NETCore.App.Ref\10.0.8\ref\net10.0\System.Reflection.TypeExtensions.dll
  - System.Resources.Reader.dll 10.0.8 at C:\Program Files\dotnet\packs\Microsoft.NETCore.App.Ref\10.0.8\ref\net10.0\System.Resources.Reader.dll
  - System.Resources.ResourceManager.dll 10.0.8 at C:\Program Files\dotnet\packs\Microsoft.NETCore.App.Ref\10.0.8\ref\net10.0\System.Resources.ResourceManager.dll
  - System.Resources.Writer.dll 10.0.8 at C:\Program Files\dotnet\packs\Microsoft.NETCore.App.Ref\10.0.8\ref\net10.0\System.Resources.Writer.dll
  - System.Runtime.CompilerServices.Unsafe.dll 10.0.8 at C:\Program Files\dotnet\packs\Microsoft.NETCore.App.Ref\10.0.8\ref\net10.0\System.Runtime.CompilerServices.Unsafe.dll
  - System.Runtime.CompilerServices.VisualC.dll 10.0.8 at C:\Program Files\dotnet\packs\Microsoft.NETCore.App.Ref\10.0.8\ref\net10.0\System.Runtime.CompilerServices.VisualC.dll
  - System.Runtime.dll 10.0.8 at C:\Program Files\dotnet\packs\Microsoft.NETCore.App.Ref\10.0.8\ref\net10.0\System.Runtime.dll
  - System.Runtime.Extensions.dll 10.0.8 at C:\Program Files\dotnet\packs\Microsoft.NETCore.App.Ref\10.0.8\ref\net10.0\System.Runtime.Extensions.dll
  - System.Runtime.Handles.dll 10.0.8 at C:\Program Files\dotnet\packs\Microsoft.NETCore.App.Ref\10.0.8\ref\net10.0\System.Runtime.Handles.dll
  - System.Runtime.InteropServices.dll 10.0.8 at C:\Program Files\dotnet\packs\Microsoft.NETCore.App.Ref\10.0.8\ref\net10.0\System.Runtime.InteropServices.dll
  - System.Runtime.InteropServices.JavaScript.dll 10.0.8 at C:\Program Files\dotnet\packs\Microsoft.NETCore.App.Ref\10.0.8\ref\net10.0\System.Runtime.InteropServices.JavaScript.dll
  - System.Runtime.InteropServices.RuntimeInformation.dll 10.0.8 at C:\Program Files\dotnet\packs\Microsoft.NETCore.App.Ref\10.0.8\ref\net10.0\System.Runtime.InteropServices.RuntimeInformation.dll
  - System.Runtime.Intrinsics.dll 10.0.8 at C:\Program Files\dotnet\packs\Microsoft.NETCore.App.Ref\10.0.8\ref\net10.0\System.Runtime.Intrinsics.dll
  - System.Runtime.Loader.dll 10.0.8 at C:\Program Files\dotnet\packs\Microsoft.NETCore.App.Ref\10.0.8\ref\net10.0\System.Runtime.Loader.dll
  - System.Runtime.Numerics.dll 10.0.8 at C:\Program Files\dotnet\packs\Microsoft.NETCore.App.Ref\10.0.8\ref\net10.0\System.Runtime.Numerics.dll
  - System.Runtime.Serialization.dll 10.0.8 at C:\Program Files\dotnet\packs\Microsoft.NETCore.App.Ref\10.0.8\ref\net10.0\System.Runtime.Serialization.dll
  - System.Runtime.Serialization.Formatters.dll 10.0.8 at C:\Program Files\dotnet\packs\Microsoft.NETCore.App.Ref\10.0.8\ref\net10.0\System.Runtime.Serialization.Formatters.dll
  - System.Runtime.Serialization.Json.dll 10.0.8 at C:\Program Files\dotnet\packs\Microsoft.NETCore.App.Ref\10.0.8\ref\net10.0\System.Runtime.Serialization.Json.dll
  - System.Runtime.Serialization.Primitives.dll 10.0.8 at C:\Program Files\dotnet\packs\Microsoft.NETCore.App.Ref\10.0.8\ref\net10.0\System.Runtime.Serialization.Primitives.dll
  - System.Runtime.Serialization.Xml.dll 10.0.8 at C:\Program Files\dotnet\packs\Microsoft.NETCore.App.Ref\10.0.8\ref\net10.0\System.Runtime.Serialization.Xml.dll
  - System.Security.AccessControl.dll 10.0.8 at C:\Program Files\dotnet\packs\Microsoft.NETCore.App.Ref\10.0.8\ref\net10.0\System.Security.AccessControl.dll
  - System.Security.Claims.dll 10.0.8 at C:\Program Files\dotnet\packs\Microsoft.NETCore.App.Ref\10.0.8\ref\net10.0\System.Security.Claims.dll
  - System.Security.Cryptography.Algorithms.dll 10.0.8 at C:\Program Files\dotnet\packs\Microsoft.NETCore.App.Ref\10.0.8\ref\net10.0\System.Security.Cryptography.Algorithms.dll
  - System.Security.Cryptography.Cng.dll 10.0.8 at C:\Program Files\dotnet\packs\Microsoft.NETCore.App.Ref\10.0.8\ref\net10.0\System.Security.Cryptography.Cng.dll
  - System.Security.Cryptography.Csp.dll 10.0.8 at C:\Program Files\dotnet\packs\Microsoft.NETCore.App.Ref\10.0.8\ref\net10.0\System.Security.Cryptography.Csp.dll
  - System.Security.Cryptography.dll 10.0.8 at C:\Program Files\dotnet\packs\Microsoft.NETCore.App.Ref\10.0.8\ref\net10.0\System.Security.Cryptography.dll
  - System.Security.Cryptography.Encoding.dll 10.0.8 at C:\Program Files\dotnet\packs\Microsoft.NETCore.App.Ref\10.0.8\ref\net10.0\System.Security.Cryptography.Encoding.dll
  - System.Security.Cryptography.OpenSsl.dll 10.0.8 at C:\Program Files\dotnet\packs\Microsoft.NETCore.App.Ref\10.0.8\ref\net10.0\System.Security.Cryptography.OpenSsl.dll
  - System.Security.Cryptography.Pkcs.dll 9.0.9 at C:\Users\tddkhanh\.nuget\packages\system.security.cryptography.pkcs\9.0.9\lib\net9.0\System.Security.Cryptography.Pkcs.dll
  - System.Security.Cryptography.Primitives.dll 10.0.8 at C:\Program Files\dotnet\packs\Microsoft.NETCore.App.Ref\10.0.8\ref\net10.0\System.Security.Cryptography.Primitives.dll
  - System.Security.Cryptography.X509Certificates.dll 10.0.8 at C:\Program Files\dotnet\packs\Microsoft.NETCore.App.Ref\10.0.8\ref\net10.0\System.Security.Cryptography.X509Certificates.dll
  - System.Security.Cryptography.Xml.dll 10.0.8 at C:\Program Files\dotnet\packs\Microsoft.AspNetCore.App.Ref\10.0.8\ref\net10.0\System.Security.Cryptography.Xml.dll
  - System.Security.dll 10.0.8 at C:\Program Files\dotnet\packs\Microsoft.NETCore.App.Ref\10.0.8\ref\net10.0\System.Security.dll
  - System.Security.Principal.dll 10.0.8 at C:\Program Files\dotnet\packs\Microsoft.NETCore.App.Ref\10.0.8\ref\net10.0\System.Security.Principal.dll
  - System.Security.Principal.Windows.dll 10.0.8 at C:\Program Files\dotnet\packs\Microsoft.NETCore.App.Ref\10.0.8\ref\net10.0\System.Security.Principal.Windows.dll
  - System.Security.SecureString.dll 10.0.8 at C:\Program Files\dotnet\packs\Microsoft.NETCore.App.Ref\10.0.8\ref\net10.0\System.Security.SecureString.dll
  - System.ServiceModel.Web.dll 10.0.8 at C:\Program Files\dotnet\packs\Microsoft.NETCore.App.Ref\10.0.8\ref\net10.0\System.ServiceModel.Web.dll
  - System.ServiceProcess.dll 10.0.8 at C:\Program Files\dotnet\packs\Microsoft.NETCore.App.Ref\10.0.8\ref\net10.0\System.ServiceProcess.dll
  - System.Text.Encoding.CodePages.dll 10.0.8 at C:\Program Files\dotnet\packs\Microsoft.NETCore.App.Ref\10.0.8\ref\net10.0\System.Text.Encoding.CodePages.dll
  - System.Text.Encoding.dll 10.0.8 at C:\Program Files\dotnet\packs\Microsoft.NETCore.App.Ref\10.0.8\ref\net10.0\System.Text.Encoding.dll
  - System.Text.Encoding.Extensions.dll 10.0.8 at C:\Program Files\dotnet\packs\Microsoft.NETCore.App.Ref\10.0.8\ref\net10.0\System.Text.Encoding.Extensions.dll
  - System.Text.Encodings.Web.dll 10.0.8 at C:\Program Files\dotnet\packs\Microsoft.NETCore.App.Ref\10.0.8\ref\net10.0\System.Text.Encodings.Web.dll
  - System.Text.Json.dll 10.0.8 at C:\Program Files\dotnet\packs\Microsoft.NETCore.App.Ref\10.0.8\ref\net10.0\System.Text.Json.dll
  - System.Text.RegularExpressions.dll 10.0.8 at C:\Program Files\dotnet\packs\Microsoft.NETCore.App.Ref\10.0.8\ref\net10.0\System.Text.RegularExpressions.dll
  - System.Threading.AccessControl.dll 10.0.8 at C:\Program Files\dotnet\packs\Microsoft.NETCore.App.Ref\10.0.8\ref\net10.0\System.Threading.AccessControl.dll
  - System.Threading.Channels.dll 10.0.8 at C:\Program Files\dotnet\packs\Microsoft.NETCore.App.Ref\10.0.8\ref\net10.0\System.Threading.Channels.dll
  - System.Threading.dll 10.0.8 at C:\Program Files\dotnet\packs\Microsoft.NETCore.App.Ref\10.0.8\ref\net10.0\System.Threading.dll
  - System.Threading.Overlapped.dll 10.0.8 at C:\Program Files\dotnet\packs\Microsoft.NETCore.App.Ref\10.0.8\ref\net10.0\System.Threading.Overlapped.dll
  - System.Threading.RateLimiting.dll 10.0.8 at C:\Program Files\dotnet\packs\Microsoft.AspNetCore.App.Ref\10.0.8\ref\net10.0\System.Threading.RateLimiting.dll
  - System.Threading.Tasks.Dataflow.dll 10.0.8 at C:\Program Files\dotnet\packs\Microsoft.NETCore.App.Ref\10.0.8\ref\net10.0\System.Threading.Tasks.Dataflow.dll
  - System.Threading.Tasks.dll 10.0.8 at C:\Program Files\dotnet\packs\Microsoft.NETCore.App.Ref\10.0.8\ref\net10.0\System.Threading.Tasks.dll
  - System.Threading.Tasks.Extensions.dll 10.0.8 at C:\Program Files\dotnet\packs\Microsoft.NETCore.App.Ref\10.0.8\ref\net10.0\System.Threading.Tasks.Extensions.dll
  - System.Threading.Tasks.Parallel.dll 10.0.8 at C:\Program Files\dotnet\packs\Microsoft.NETCore.App.Ref\10.0.8\ref\net10.0\System.Threading.Tasks.Parallel.dll
  - System.Threading.Thread.dll 10.0.8 at C:\Program Files\dotnet\packs\Microsoft.NETCore.App.Ref\10.0.8\ref\net10.0\System.Threading.Thread.dll
  - System.Threading.ThreadPool.dll 10.0.8 at C:\Program Files\dotnet\packs\Microsoft.NETCore.App.Ref\10.0.8\ref\net10.0\System.Threading.ThreadPool.dll
  - System.Threading.Timer.dll 10.0.8 at C:\Program Files\dotnet\packs\Microsoft.NETCore.App.Ref\10.0.8\ref\net10.0\System.Threading.Timer.dll
  - System.Transactions.dll 10.0.8 at C:\Program Files\dotnet\packs\Microsoft.NETCore.App.Ref\10.0.8\ref\net10.0\System.Transactions.dll
  - System.Transactions.Local.dll 10.0.8 at C:\Program Files\dotnet\packs\Microsoft.NETCore.App.Ref\10.0.8\ref\net10.0\System.Transactions.Local.dll
  - System.ValueTuple.dll 10.0.8 at C:\Program Files\dotnet\packs\Microsoft.NETCore.App.Ref\10.0.8\ref\net10.0\System.ValueTuple.dll
  - System.Web.dll 10.0.8 at C:\Program Files\dotnet\packs\Microsoft.NETCore.App.Ref\10.0.8\ref\net10.0\System.Web.dll
  - System.Web.HttpUtility.dll 10.0.8 at C:\Program Files\dotnet\packs\Microsoft.NETCore.App.Ref\10.0.8\ref\net10.0\System.Web.HttpUtility.dll
  - System.Windows.dll 10.0.8 at C:\Program Files\dotnet\packs\Microsoft.NETCore.App.Ref\10.0.8\ref\net10.0\System.Windows.dll
  - System.Xml.dll 10.0.8 at C:\Program Files\dotnet\packs\Microsoft.NETCore.App.Ref\10.0.8\ref\net10.0\System.Xml.dll
  - System.Xml.Linq.dll 10.0.8 at C:\Program Files\dotnet\packs\Microsoft.NETCore.App.Ref\10.0.8\ref\net10.0\System.Xml.Linq.dll
  - System.Xml.ReaderWriter.dll 10.0.8 at C:\Program Files\dotnet\packs\Microsoft.NETCore.App.Ref\10.0.8\ref\net10.0\System.Xml.ReaderWriter.dll
  - System.Xml.Serialization.dll 10.0.8 at C:\Program Files\dotnet\packs\Microsoft.NETCore.App.Ref\10.0.8\ref\net10.0\System.Xml.Serialization.dll
  - System.Xml.XDocument.dll 10.0.8 at C:\Program Files\dotnet\packs\Microsoft.NETCore.App.Ref\10.0.8\ref\net10.0\System.Xml.XDocument.dll
  - System.Xml.XmlDocument.dll 10.0.8 at C:\Program Files\dotnet\packs\Microsoft.NETCore.App.Ref\10.0.8\ref\net10.0\System.Xml.XmlDocument.dll
  - System.Xml.XmlSerializer.dll 10.0.8 at C:\Program Files\dotnet\packs\Microsoft.NETCore.App.Ref\10.0.8\ref\net10.0\System.Xml.XmlSerializer.dll
  - System.Xml.XPath.dll 10.0.8 at C:\Program Files\dotnet\packs\Microsoft.NETCore.App.Ref\10.0.8\ref\net10.0\System.Xml.XPath.dll
  - System.Xml.XPath.XDocument.dll 10.0.8 at C:\Program Files\dotnet\packs\Microsoft.NETCore.App.Ref\10.0.8\ref\net10.0\System.Xml.XPath.XDocument.dll
  - Telerik.AI.SmartComponents.Extensions.dll 2.2.1 at C:\Users\tddkhanh\.nuget\packages\telerik.ai.smartcomponents.extensions\2.2.1\lib\net8.0\Telerik.AI.SmartComponents.Extensions.dll
  - Telerik.Blazor.dll 14.0.0 at C:\Users\tddkhanh\.nuget\packages\telerik.ui.for.blazor\14.0.0\lib\net8.0\Telerik.Blazor.dll
  - Telerik.DataSource.dll 4.1.0 at C:\Users\tddkhanh\.nuget\packages\telerik.datasource\4.1.0\lib\net8.0\Telerik.DataSource.dll
  - Telerik.Documents.Core.dll 2026.2.519 at C:\Users\tddkhanh\.nuget\packages\telerik.documents.core\2026.2.519\lib\netstandard2.0\Telerik.Documents.Core.dll
  - Telerik.Documents.Fixed.dll 2026.2.519 at C:\Users\tddkhanh\.nuget\packages\telerik.documents.fixed\2026.2.519\lib\netstandard2.0\Telerik.Documents.Fixed.dll
  - Telerik.Documents.Spreadsheet.dll 2026.2.519 at C:\Users\tddkhanh\.nuget\packages\telerik.documents.spreadsheet\2026.2.519\lib\netstandard2.0\Telerik.Documents.Spreadsheet.dll
  - Telerik.Documents.Spreadsheet.FormatProviders.Pdf.dll 2026.2.519 at C:\Users\tddkhanh\.nuget\packages\telerik.documents.spreadsheet.formatproviders.pdf\2026.2.519\lib\netstandard2.0\Telerik.Documents.Spreadsheet.FormatProviders.Pdf.dll
  - Telerik.Documents.SpreadsheetStreaming.dll 2026.2.519 at C:\Users\tddkhanh\.nuget\packages\telerik.documents.spreadsheetstreaming\2026.2.519\lib\netstandard2.0\Telerik.Documents.SpreadsheetStreaming.dll
  - Telerik.FontIcons.dll 4.9.2 at C:\Users\tddkhanh\.nuget\packages\telerik.fonticons\4.9.2\lib\netstandard2.0\Telerik.FontIcons.dll
  - Telerik.Licensing.Runtime.dll 1.8.2 at C:\Users\tddkhanh\.nuget\packages\telerik.licensing\1.8.2\lib\net10.0\Telerik.Licensing.Runtime.dll
  - Telerik.Pivot.Core.dll 1.0.0 at C:\Users\tddkhanh\.nuget\packages\telerik.pivot.core\1.0.0\lib\net8.0\Telerik.Pivot.Core.dll
  - Telerik.Pivot.DataProviders.Xmla.dll 1.0.0 at C:\Users\tddkhanh\.nuget\packages\telerik.pivot.dataproviders.xmla\1.0.0\lib\net8.0\Telerik.Pivot.DataProviders.Xmla.dll
  - Telerik.Recurrence.dll 1.0.0 at C:\Users\tddkhanh\.nuget\packages\telerik.recurrence\1.0.0\lib\net8.0\Telerik.Recurrence.dll
  - Telerik.SvgIcons.dll 4.9.2 at C:\Users\tddkhanh\.nuget\packages\telerik.svgicons\4.9.2\lib\netstandard2.0\Telerik.SvgIcons.dll
  - Telerik.Zip.dll 2026.2.519 at C:\Users\tddkhanh\.nuget\packages\telerik.zip\2026.2.519\lib\netstandard2.0\Telerik.Zip.dll
  - WindowsBase.dll 10.0.8 at C:\Program Files\dotnet\packs\Microsoft.NETCore.App.Ref\10.0.8\ref\net10.0\WindowsBase.dll
  MachineId=T67PQYIlb9W6VOVNpg1C57e7U0Q=

[2026-05-29 02:04:53.442] [Low]   Looking for Telerik product metadata in referenced assemblies
      - C:\Users\tddkhanh\.nuget\packages\telerik.ui.for.blazor\14.0.0\lib\net8.0\Telerik.Blazor.dll
        ProductCode: BLAZOR, LicenseDate: 2026-05-20, ProductName: Telerik UI for Blazor, ProductVersion: 14.0.0.0, Flags: None
        Transitive product references:
        - DPL 2026-05-19 (redistributed by: RCWPF;RCWF;MAUI;UIXAM;WINUI;RCAJAX;KENDOUIMVC;UIASPCORE;BLAZOR) Telerik Document Processing Libraries 2026.2.519.20
      - C:\Users\tddkhanh\.nuget\packages\telerik.documents.core\2026.2.519\lib\netstandard2.0\Telerik.Documents.Core.dll
        ProductCode: DPL, LicenseDate: 2026-05-19, Redistributed By: RCWPF, RCWF, MAUI, UIXAM, WINUI, RCAJAX, KENDOUIMVC, UIASPCORE, BLAZOR, ProductName: Telerik Document Processing Libraries, ProductVersion: 2026.2.519.20, Flags: None
      - C:\Users\tddkhanh\.nuget\packages\telerik.documents.fixed\2026.2.519\lib\netstandard2.0\Telerik.Documents.Fixed.dll
        ProductCode: DPL, LicenseDate: 2026-05-19, Redistributed By: RCWPF, RCWF, MAUI, UIXAM, WINUI, RCAJAX, KENDOUIMVC, UIASPCORE, BLAZOR, ProductName: Telerik Document Processing Libraries, ProductVersion: 2026.2.519.20, Flags: None
      - C:\Users\tddkhanh\.nuget\packages\telerik.documents.spreadsheet\2026.2.519\lib\netstandard2.0\Telerik.Documents.Spreadsheet.dll
        ProductCode: DPL, LicenseDate: 2026-05-19, Redistributed By: RCWPF, RCWF, MAUI, UIXAM, WINUI, RCAJAX, KENDOUIMVC, UIASPCORE, BLAZOR, ProductName: Telerik Document Processing Libraries, ProductVersion: 2026.2.519.20, Flags: None
      - C:\Users\tddkhanh\.nuget\packages\telerik.documents.spreadsheet.formatproviders.pdf\2026.2.519\lib\netstandard2.0\Telerik.Documents.Spreadsheet.FormatProviders.Pdf.dll
        ProductCode: DPL, LicenseDate: 2026-05-19, Redistributed By: RCWPF, RCWF, MAUI, UIXAM, WINUI, RCAJAX, KENDOUIMVC, UIASPCORE, BLAZOR, ProductName: Telerik Document Processing Libraries, ProductVersion: 2026.2.519.20, Flags: None
      - C:\Users\tddkhanh\.nuget\packages\telerik.documents.spreadsheetstreaming\2026.2.519\lib\netstandard2.0\Telerik.Documents.SpreadsheetStreaming.dll
        ProductCode: DPL, LicenseDate: 2026-05-19, Redistributed By: RCWPF, RCWF, MAUI, UIXAM, WINUI, RCAJAX, KENDOUIMVC, UIASPCORE, BLAZOR, ProductName: Telerik Document Processing Libraries, ProductVersion: 2026.2.519.20, Flags: None
      - C:\Users\tddkhanh\.nuget\packages\telerik.zip\2026.2.519\lib\netstandard2.0\Telerik.Zip.dll
        ProductCode: DPL, LicenseDate: 2026-05-19, Redistributed By: RCWPF, RCWF, MAUI, UIXAM, WINUI, RCAJAX, KENDOUIMVC, UIASPCORE, BLAZOR, ProductName: Telerik Document Processing Libraries, ProductVersion: 2026.2.519.20, Flags: None
      Unique Products:
      - "Telerik UI for Blazor" (BLAZOR) 14.0.0.0 @2026-05-20
      - "Telerik Document Processing Libraries" (DPL) 2026.2.519.20 @2026-05-19
      Found a total of 2 referenced Telerik products for net10.0

[2026-05-29 02:04:53.458] [Low]   Provision Licensing
        Looking up license file...
        - EnvironmentVariablePath: TELERIK_LICENSE_PATH (NotAvailable)
        - EnvironmentVariable: TELERIK_LICENSE (NotAvailable)
        - EnvironmentVariable: KENDO_UI_LICENSE (NotAvailable)
        - RecursiveFilePath: D:\Code\Blazor\TelerikGrid\TelerikGrid\telerik-license.txt (NotAvailable)
        - RecursiveFilePath: D:\Code\Blazor\TelerikGrid\TelerikGrid\kendo-ui-license.txt (NotAvailable)
        - RecursiveFilePath: D:\Code\Blazor\TelerikGrid\telerik-license.txt (NotAvailable)
        - RecursiveFilePath: D:\Code\Blazor\TelerikGrid\kendo-ui-license.txt (NotAvailable)
        - RecursiveFilePath: D:\Code\Blazor\telerik-license.txt (NotAvailable)
        - RecursiveFilePath: D:\Code\Blazor\kendo-ui-license.txt (NotAvailable)
        - RecursiveFilePath: D:\Code\telerik-license.txt (NotAvailable)
        - RecursiveFilePath: D:\Code\kendo-ui-license.txt (NotAvailable)
        - RecursiveFilePath: D:\telerik-license.txt (NotAvailable)
        - RecursiveFilePath: D:\kendo-ui-license.txt (NotAvailable)
        - UserDirectory: C:\Users\tddkhanh\AppData\Roaming\Telerik\telerik-license.txt (LicenseFound)
        - UserDirectory: C:\Users\tddkhanh\AppData\Roaming\Telerik\kendo-ui-license.txt (Skip)
        LicenseKey
        - AUD: t************@g****.com
        - UsedId: 344ca679-260a-4541-b9a7-cafe8537ed1f
        - LicenseId: de0ab21e-4a76-46d5-b1d8-a860fc8a108a
        - IssuedAt: 5/27/2026 11:20:30 PM
        - Licenses
          0) Trial BLAZOR, expiration 6/26/2026 3:27:27 AM, type: 'trial'
          1) Usage UserId: 344ca679-260a-4541-b9a7-cafe8537ed1f, LicenseId: de0ab21e-4a76-46d5-b1d8-a860fc8a108a, type: 'usage'

[2026-05-29 02:04:53.462] [Low]   License Resolution
        Messages
          - License OK for "Telerik UI for Blazor" (BLAZOR) 14.0.0.0 @2026-05-20 - Trial, valid until 2026-06-26.
          - License OK for "Telerik Document Processing Libraries" (DPL) 2026.2.519.20 @2026-05-19 - Trial for BLAZOR, valid until 2026-06-26.
        JWTs
          - eyJhbGciOiJSUzI1NiIsInR5cCI6IlRlbGVyaWsgTGljZW5zZSBFdmlkZW5jZSJ9.eyJjb2RlIjoiQkxBWk9SIiwidHlwZSI6InRyaWFsIiwiZXhwaXJhdGlvbiI6MTc4MjQ0NDQ0NywidXNlcklkIjoiMzQ0Y2E2NzktMjYwYS00NTQxLWI5YTctY2FmZTg1MzdlZDFmIiwibGljZW5zZUlkIjoiZGUwYWIyMWUtNGE3Ni00NmQ1LWIxZDgtYTg2MGZjOGExMDhhIn0.zRRYGeaQHW_-AN5jMEypWMNjOlATOXZHpV5AHN3NlbngssoYs7K9y_qOaxXPcylCIl3h5K6r9iwFKWe9xaIU0G-MXBTvRZpfbkiZtrYp4puaC1ONeHElHT_DqQnoqIb93UpJOBwO4SFWFzoHgPYcY7w8xTV82tVxIgXFRxwPyfGNrV7rD2oGDM3cvIFGOQT4i5dO67MzBDduG-4R9bofmMXKaj0qv69aM44f6A8t2DOPWIgTIqNcjp69XT-RM9i1zLy3sNEvrb9nntBRNqqXoj2OZtPiSjDFA6s-WWJkTpLuvZHieCL2T3LY_H0WNG2LHsYc2l4FPDttY99f0L27IA
        Licenses
          - License OK for "Telerik UI for Blazor" (BLAZOR) 14.0.0.0 @2026-05-20 - Trial, valid until 2026-06-26.
          - License OK for "Telerik Document Processing Libraries" (DPL) 2026.2.519.20 @2026-05-19 - Trial for BLAZOR, valid until 2026-06-26.

[2026-05-29 02:04:53.463] [Low] OutputType: Exe, ImportXamlTargets: False
[2026-05-29 02:04:53.464] [Low] LicenseEvidence CodeGen: obj\Debug\net10.0\Telerik.Licensing.LicenseInfo.cs
[2026-05-29 02:04:53.475] [Low] 
      Call-Home Telerik Products (2 for net10.0)
      - "Telerik UI for Blazor" (BLAZOR) 14.0.0
      - "DPL" (DPL) 2026.2.519

[2026-05-29 02:04:53.475] [Low] 
[2026-05-29 02:04:53.476] [Low] 
      Call-Home Telerik Features (0 for net10.0)

[2026-05-29 02:04:53.476] [Low] 
[2026-05-29 02:04:53.505] [Low]   Report Telerik.Licensing
        UserId: 344ca679-260a-4541-b9a7-cafe8537ed1f
        LicenseId: de0ab21e-4a76-46d5-b1d8-a860fc8a108a
        Products
        - LicenseUsed BLAZOR 14.0.0.0 SKIPPED
        - LicenseUsed DPL 2026.2.519.20 SKIPPED
      Report finished in 00:00:00.0279627

[2026-05-29 02:04:53.506] [Low]   Sending Telemetry...
[2026-05-29 02:04:53.525] [Low]   Metrics done 00:00:00.0194053
[2026-05-29 02:04:53.527] [Normal] Resolve Telerik Products. Done (00:00:00.1847748) for net10.0
[2026-05-29 02:05:28.884] [Normal] Resolve Telerik Products.
  MSBuildProjectName=TelerikGrid
  MSBuildProjectDirectory=D:\Code\Blazor\TelerikGrid\TelerikGrid
  MSBuildProjectExtension=.csproj
  Language=C#
  OutputPath=bin\Debug\net10.0\
  Platform=AnyCPU
  TargetFramework=net10.0
  TargetFrameworks=
  TargetFrameworkVersion=v10.0
  VisualStudioVersion=18.0
  UsingMicrosoftNETSdk=true
  UsingMicrosoftNETSdkRazor=true
  UsingMicrosoftNETSdkWeb=true
  ImportXamlTargets=False
  OutputType=Exe
  UseMaui=
  NuGetPackageRoot=C:\Users\tddkhanh\.nuget\packages\

  PackageReferences
  - Telerik.UI.for.Blazor 14.0.0
  - Microsoft.AspNetCore.App.Internal.Assets 10.0.8
  ReferencePaths
  - Microsoft.AspNetCore.Antiforgery.dll 10.0.8 at C:\Program Files\dotnet\packs\Microsoft.AspNetCore.App.Ref\10.0.8\ref\net10.0\Microsoft.AspNetCore.Antiforgery.dll
  - Microsoft.AspNetCore.Authentication.Abstractions.dll 10.0.8 at C:\Program Files\dotnet\packs\Microsoft.AspNetCore.App.Ref\10.0.8\ref\net10.0\Microsoft.AspNetCore.Authentication.Abstractions.dll
  - Microsoft.AspNetCore.Authentication.BearerToken.dll 10.0.8 at C:\Program Files\dotnet\packs\Microsoft.AspNetCore.App.Ref\10.0.8\ref\net10.0\Microsoft.AspNetCore.Authentication.BearerToken.dll
  - Microsoft.AspNetCore.Authentication.Cookies.dll 10.0.8 at C:\Program Files\dotnet\packs\Microsoft.AspNetCore.App.Ref\10.0.8\ref\net10.0\Microsoft.AspNetCore.Authentication.Cookies.dll
  - Microsoft.AspNetCore.Authentication.Core.dll 10.0.8 at C:\Program Files\dotnet\packs\Microsoft.AspNetCore.App.Ref\10.0.8\ref\net10.0\Microsoft.AspNetCore.Authentication.Core.dll
  - Microsoft.AspNetCore.Authentication.dll 10.0.8 at C:\Program Files\dotnet\packs\Microsoft.AspNetCore.App.Ref\10.0.8\ref\net10.0\Microsoft.AspNetCore.Authentication.dll
  - Microsoft.AspNetCore.Authentication.OAuth.dll 10.0.8 at C:\Program Files\dotnet\packs\Microsoft.AspNetCore.App.Ref\10.0.8\ref\net10.0\Microsoft.AspNetCore.Authentication.OAuth.dll
  - Microsoft.AspNetCore.Authorization.dll 10.0.8 at C:\Program Files\dotnet\packs\Microsoft.AspNetCore.App.Ref\10.0.8\ref\net10.0\Microsoft.AspNetCore.Authorization.dll
  - Microsoft.AspNetCore.Authorization.Policy.dll 10.0.8 at C:\Program Files\dotnet\packs\Microsoft.AspNetCore.App.Ref\10.0.8\ref\net10.0\Microsoft.AspNetCore.Authorization.Policy.dll
  - Microsoft.AspNetCore.Components.Authorization.dll 10.0.8 at C:\Program Files\dotnet\packs\Microsoft.AspNetCore.App.Ref\10.0.8\ref\net10.0\Microsoft.AspNetCore.Components.Authorization.dll
  - Microsoft.AspNetCore.Components.dll 10.0.8 at C:\Program Files\dotnet\packs\Microsoft.AspNetCore.App.Ref\10.0.8\ref\net10.0\Microsoft.AspNetCore.Components.dll
  - Microsoft.AspNetCore.Components.Endpoints.dll 10.0.8 at C:\Program Files\dotnet\packs\Microsoft.AspNetCore.App.Ref\10.0.8\ref\net10.0\Microsoft.AspNetCore.Components.Endpoints.dll
  - Microsoft.AspNetCore.Components.Forms.dll 10.0.8 at C:\Program Files\dotnet\packs\Microsoft.AspNetCore.App.Ref\10.0.8\ref\net10.0\Microsoft.AspNetCore.Components.Forms.dll
  - Microsoft.AspNetCore.Components.Server.dll 10.0.8 at C:\Program Files\dotnet\packs\Microsoft.AspNetCore.App.Ref\10.0.8\ref\net10.0\Microsoft.AspNetCore.Components.Server.dll
  - Microsoft.AspNetCore.Components.Web.dll 10.0.8 at C:\Program Files\dotnet\packs\Microsoft.AspNetCore.App.Ref\10.0.8\ref\net10.0\Microsoft.AspNetCore.Components.Web.dll
  - Microsoft.AspNetCore.Connections.Abstractions.dll 10.0.8 at C:\Program Files\dotnet\packs\Microsoft.AspNetCore.App.Ref\10.0.8\ref\net10.0\Microsoft.AspNetCore.Connections.Abstractions.dll
  - Microsoft.AspNetCore.CookiePolicy.dll 10.0.8 at C:\Program Files\dotnet\packs\Microsoft.AspNetCore.App.Ref\10.0.8\ref\net10.0\Microsoft.AspNetCore.CookiePolicy.dll
  - Microsoft.AspNetCore.Cors.dll 10.0.8 at C:\Program Files\dotnet\packs\Microsoft.AspNetCore.App.Ref\10.0.8\ref\net10.0\Microsoft.AspNetCore.Cors.dll
  - Microsoft.AspNetCore.Cryptography.Internal.dll 10.0.8 at C:\Program Files\dotnet\packs\Microsoft.AspNetCore.App.Ref\10.0.8\ref\net10.0\Microsoft.AspNetCore.Cryptography.Internal.dll
  - Microsoft.AspNetCore.Cryptography.KeyDerivation.dll 10.0.8 at C:\Program Files\dotnet\packs\Microsoft.AspNetCore.App.Ref\10.0.8\ref\net10.0\Microsoft.AspNetCore.Cryptography.KeyDerivation.dll
  - Microsoft.AspNetCore.DataProtection.Abstractions.dll 10.0.8 at C:\Program Files\dotnet\packs\Microsoft.AspNetCore.App.Ref\10.0.8\ref\net10.0\Microsoft.AspNetCore.DataProtection.Abstractions.dll
  - Microsoft.AspNetCore.DataProtection.dll 10.0.8 at C:\Program Files\dotnet\packs\Microsoft.AspNetCore.App.Ref\10.0.8\ref\net10.0\Microsoft.AspNetCore.DataProtection.dll
  - Microsoft.AspNetCore.DataProtection.Extensions.dll 10.0.8 at C:\Program Files\dotnet\packs\Microsoft.AspNetCore.App.Ref\10.0.8\ref\net10.0\Microsoft.AspNetCore.DataProtection.Extensions.dll
  - Microsoft.AspNetCore.Diagnostics.Abstractions.dll 10.0.8 at C:\Program Files\dotnet\packs\Microsoft.AspNetCore.App.Ref\10.0.8\ref\net10.0\Microsoft.AspNetCore.Diagnostics.Abstractions.dll
  - Microsoft.AspNetCore.Diagnostics.dll 10.0.8 at C:\Program Files\dotnet\packs\Microsoft.AspNetCore.App.Ref\10.0.8\ref\net10.0\Microsoft.AspNetCore.Diagnostics.dll
  - Microsoft.AspNetCore.Diagnostics.HealthChecks.dll 10.0.8 at C:\Program Files\dotnet\packs\Microsoft.AspNetCore.App.Ref\10.0.8\ref\net10.0\Microsoft.AspNetCore.Diagnostics.HealthChecks.dll
  - Microsoft.AspNetCore.dll 10.0.8 at C:\Program Files\dotnet\packs\Microsoft.AspNetCore.App.Ref\10.0.8\ref\net10.0\Microsoft.AspNetCore.dll
  - Microsoft.AspNetCore.HostFiltering.dll 10.0.8 at C:\Program Files\dotnet\packs\Microsoft.AspNetCore.App.Ref\10.0.8\ref\net10.0\Microsoft.AspNetCore.HostFiltering.dll
  - Microsoft.AspNetCore.Hosting.Abstractions.dll 10.0.8 at C:\Program Files\dotnet\packs\Microsoft.AspNetCore.App.Ref\10.0.8\ref\net10.0\Microsoft.AspNetCore.Hosting.Abstractions.dll
  - Microsoft.AspNetCore.Hosting.dll 10.0.8 at C:\Program Files\dotnet\packs\Microsoft.AspNetCore.App.Ref\10.0.8\ref\net10.0\Microsoft.AspNetCore.Hosting.dll
  - Microsoft.AspNetCore.Hosting.Server.Abstractions.dll 10.0.8 at C:\Program Files\dotnet\packs\Microsoft.AspNetCore.App.Ref\10.0.8\ref\net10.0\Microsoft.AspNetCore.Hosting.Server.Abstractions.dll
  - Microsoft.AspNetCore.Html.Abstractions.dll 10.0.8 at C:\Program Files\dotnet\packs\Microsoft.AspNetCore.App.Ref\10.0.8\ref\net10.0\Microsoft.AspNetCore.Html.Abstractions.dll
  - Microsoft.AspNetCore.Http.Abstractions.dll 10.0.8 at C:\Program Files\dotnet\packs\Microsoft.AspNetCore.App.Ref\10.0.8\ref\net10.0\Microsoft.AspNetCore.Http.Abstractions.dll
  - Microsoft.AspNetCore.Http.Connections.Common.dll 10.0.8 at C:\Program Files\dotnet\packs\Microsoft.AspNetCore.App.Ref\10.0.8\ref\net10.0\Microsoft.AspNetCore.Http.Connections.Common.dll
  - Microsoft.AspNetCore.Http.Connections.dll 10.0.8 at C:\Program Files\dotnet\packs\Microsoft.AspNetCore.App.Ref\10.0.8\ref\net10.0\Microsoft.AspNetCore.Http.Connections.dll
  - Microsoft.AspNetCore.Http.dll 10.0.8 at C:\Program Files\dotnet\packs\Microsoft.AspNetCore.App.Ref\10.0.8\ref\net10.0\Microsoft.AspNetCore.Http.dll
  - Microsoft.AspNetCore.Http.Extensions.dll 10.0.8 at C:\Program Files\dotnet\packs\Microsoft.AspNetCore.App.Ref\10.0.8\ref\net10.0\Microsoft.AspNetCore.Http.Extensions.dll
  - Microsoft.AspNetCore.Http.Features.dll 10.0.8 at C:\Program Files\dotnet\packs\Microsoft.AspNetCore.App.Ref\10.0.8\ref\net10.0\Microsoft.AspNetCore.Http.Features.dll
  - Microsoft.AspNetCore.Http.Results.dll 10.0.8 at C:\Program Files\dotnet\packs\Microsoft.AspNetCore.App.Ref\10.0.8\ref\net10.0\Microsoft.AspNetCore.Http.Results.dll
  - Microsoft.AspNetCore.HttpLogging.dll 10.0.8 at C:\Program Files\dotnet\packs\Microsoft.AspNetCore.App.Ref\10.0.8\ref\net10.0\Microsoft.AspNetCore.HttpLogging.dll
  - Microsoft.AspNetCore.HttpOverrides.dll 10.0.8 at C:\Program Files\dotnet\packs\Microsoft.AspNetCore.App.Ref\10.0.8\ref\net10.0\Microsoft.AspNetCore.HttpOverrides.dll
  - Microsoft.AspNetCore.HttpsPolicy.dll 10.0.8 at C:\Program Files\dotnet\packs\Microsoft.AspNetCore.App.Ref\10.0.8\ref\net10.0\Microsoft.AspNetCore.HttpsPolicy.dll
  - Microsoft.AspNetCore.Identity.dll 10.0.8 at C:\Program Files\dotnet\packs\Microsoft.AspNetCore.App.Ref\10.0.8\ref\net10.0\Microsoft.AspNetCore.Identity.dll
  - Microsoft.AspNetCore.Localization.dll 10.0.8 at C:\Program Files\dotnet\packs\Microsoft.AspNetCore.App.Ref\10.0.8\ref\net10.0\Microsoft.AspNetCore.Localization.dll
  - Microsoft.AspNetCore.Localization.Routing.dll 10.0.8 at C:\Program Files\dotnet\packs\Microsoft.AspNetCore.App.Ref\10.0.8\ref\net10.0\Microsoft.AspNetCore.Localization.Routing.dll
  - Microsoft.AspNetCore.Metadata.dll 10.0.8 at C:\Program Files\dotnet\packs\Microsoft.AspNetCore.App.Ref\10.0.8\ref\net10.0\Microsoft.AspNetCore.Metadata.dll
  - Microsoft.AspNetCore.Mvc.Abstractions.dll 10.0.8 at C:\Program Files\dotnet\packs\Microsoft.AspNetCore.App.Ref\10.0.8\ref\net10.0\Microsoft.AspNetCore.Mvc.Abstractions.dll
  - Microsoft.AspNetCore.Mvc.ApiExplorer.dll 10.0.8 at C:\Program Files\dotnet\packs\Microsoft.AspNetCore.App.Ref\10.0.8\ref\net10.0\Microsoft.AspNetCore.Mvc.ApiExplorer.dll
  - Microsoft.AspNetCore.Mvc.Core.dll 10.0.8 at C:\Program Files\dotnet\packs\Microsoft.AspNetCore.App.Ref\10.0.8\ref\net10.0\Microsoft.AspNetCore.Mvc.Core.dll
  - Microsoft.AspNetCore.Mvc.Cors.dll 10.0.8 at C:\Program Files\dotnet\packs\Microsoft.AspNetCore.App.Ref\10.0.8\ref\net10.0\Microsoft.AspNetCore.Mvc.Cors.dll
  - Microsoft.AspNetCore.Mvc.DataAnnotations.dll 10.0.8 at C:\Program Files\dotnet\packs\Microsoft.AspNetCore.App.Ref\10.0.8\ref\net10.0\Microsoft.AspNetCore.Mvc.DataAnnotations.dll
  - Microsoft.AspNetCore.Mvc.dll 10.0.8 at C:\Program Files\dotnet\packs\Microsoft.AspNetCore.App.Ref\10.0.8\ref\net10.0\Microsoft.AspNetCore.Mvc.dll
  - Microsoft.AspNetCore.Mvc.Formatters.Json.dll 10.0.8 at C:\Program Files\dotnet\packs\Microsoft.AspNetCore.App.Ref\10.0.8\ref\net10.0\Microsoft.AspNetCore.Mvc.Formatters.Json.dll
  - Microsoft.AspNetCore.Mvc.Formatters.Xml.dll 10.0.8 at C:\Program Files\dotnet\packs\Microsoft.AspNetCore.App.Ref\10.0.8\ref\net10.0\Microsoft.AspNetCore.Mvc.Formatters.Xml.dll
  - Microsoft.AspNetCore.Mvc.Localization.dll 10.0.8 at C:\Program Files\dotnet\packs\Microsoft.AspNetCore.App.Ref\10.0.8\ref\net10.0\Microsoft.AspNetCore.Mvc.Localization.dll
  - Microsoft.AspNetCore.Mvc.Razor.dll 10.0.8 at C:\Program Files\dotnet\packs\Microsoft.AspNetCore.App.Ref\10.0.8\ref\net10.0\Microsoft.AspNetCore.Mvc.Razor.dll
  - Microsoft.AspNetCore.Mvc.RazorPages.dll 10.0.8 at C:\Program Files\dotnet\packs\Microsoft.AspNetCore.App.Ref\10.0.8\ref\net10.0\Microsoft.AspNetCore.Mvc.RazorPages.dll
  - Microsoft.AspNetCore.Mvc.TagHelpers.dll 10.0.8 at C:\Program Files\dotnet\packs\Microsoft.AspNetCore.App.Ref\10.0.8\ref\net10.0\Microsoft.AspNetCore.Mvc.TagHelpers.dll
  - Microsoft.AspNetCore.Mvc.ViewFeatures.dll 10.0.8 at C:\Program Files\dotnet\packs\Microsoft.AspNetCore.App.Ref\10.0.8\ref\net10.0\Microsoft.AspNetCore.Mvc.ViewFeatures.dll
  - Microsoft.AspNetCore.OutputCaching.dll 10.0.8 at C:\Program Files\dotnet\packs\Microsoft.AspNetCore.App.Ref\10.0.8\ref\net10.0\Microsoft.AspNetCore.OutputCaching.dll
  - Microsoft.AspNetCore.RateLimiting.dll 10.0.8 at C:\Program Files\dotnet\packs\Microsoft.AspNetCore.App.Ref\10.0.8\ref\net10.0\Microsoft.AspNetCore.RateLimiting.dll
  - Microsoft.AspNetCore.Razor.dll 10.0.8 at C:\Program Files\dotnet\packs\Microsoft.AspNetCore.App.Ref\10.0.8\ref\net10.0\Microsoft.AspNetCore.Razor.dll
  - Microsoft.AspNetCore.Razor.Runtime.dll 10.0.8 at C:\Program Files\dotnet\packs\Microsoft.AspNetCore.App.Ref\10.0.8\ref\net10.0\Microsoft.AspNetCore.Razor.Runtime.dll
  - Microsoft.AspNetCore.RequestDecompression.dll 10.0.8 at C:\Program Files\dotnet\packs\Microsoft.AspNetCore.App.Ref\10.0.8\ref\net10.0\Microsoft.AspNetCore.RequestDecompression.dll
  - Microsoft.AspNetCore.ResponseCaching.Abstractions.dll 10.0.8 at C:\Program Files\dotnet\packs\Microsoft.AspNetCore.App.Ref\10.0.8\ref\net10.0\Microsoft.AspNetCore.ResponseCaching.Abstractions.dll
  - Microsoft.AspNetCore.ResponseCaching.dll 10.0.8 at C:\Program Files\dotnet\packs\Microsoft.AspNetCore.App.Ref\10.0.8\ref\net10.0\Microsoft.AspNetCore.ResponseCaching.dll
  - Microsoft.AspNetCore.ResponseCompression.dll 10.0.8 at C:\Program Files\dotnet\packs\Microsoft.AspNetCore.App.Ref\10.0.8\ref\net10.0\Microsoft.AspNetCore.ResponseCompression.dll
  - Microsoft.AspNetCore.Rewrite.dll 10.0.8 at C:\Program Files\dotnet\packs\Microsoft.AspNetCore.App.Ref\10.0.8\ref\net10.0\Microsoft.AspNetCore.Rewrite.dll
  - Microsoft.AspNetCore.Routing.Abstractions.dll 10.0.8 at C:\Program Files\dotnet\packs\Microsoft.AspNetCore.App.Ref\10.0.8\ref\net10.0\Microsoft.AspNetCore.Routing.Abstractions.dll
  - Microsoft.AspNetCore.Routing.dll 10.0.8 at C:\Program Files\dotnet\packs\Microsoft.AspNetCore.App.Ref\10.0.8\ref\net10.0\Microsoft.AspNetCore.Routing.dll
  - Microsoft.AspNetCore.Server.HttpSys.dll 10.0.8 at C:\Program Files\dotnet\packs\Microsoft.AspNetCore.App.Ref\10.0.8\ref\net10.0\Microsoft.AspNetCore.Server.HttpSys.dll
  - Microsoft.AspNetCore.Server.IIS.dll 10.0.8 at C:\Program Files\dotnet\packs\Microsoft.AspNetCore.App.Ref\10.0.8\ref\net10.0\Microsoft.AspNetCore.Server.IIS.dll
  - Microsoft.AspNetCore.Server.IISIntegration.dll 10.0.8 at C:\Program Files\dotnet\packs\Microsoft.AspNetCore.App.Ref\10.0.8\ref\net10.0\Microsoft.AspNetCore.Server.IISIntegration.dll
  - Microsoft.AspNetCore.Server.Kestrel.Core.dll 10.0.8 at C:\Program Files\dotnet\packs\Microsoft.AspNetCore.App.Ref\10.0.8\ref\net10.0\Microsoft.AspNetCore.Server.Kestrel.Core.dll
  - Microsoft.AspNetCore.Server.Kestrel.dll 10.0.8 at C:\Program Files\dotnet\packs\Microsoft.AspNetCore.App.Ref\10.0.8\ref\net10.0\Microsoft.AspNetCore.Server.Kestrel.dll
  - Microsoft.AspNetCore.Server.Kestrel.Transport.NamedPipes.dll 10.0.8 at C:\Program Files\dotnet\packs\Microsoft.AspNetCore.App.Ref\10.0.8\ref\net10.0\Microsoft.AspNetCore.Server.Kestrel.Transport.NamedPipes.dll
  - Microsoft.AspNetCore.Server.Kestrel.Transport.Quic.dll 10.0.8 at C:\Program Files\dotnet\packs\Microsoft.AspNetCore.App.Ref\10.0.8\ref\net10.0\Microsoft.AspNetCore.Server.Kestrel.Transport.Quic.dll
  - Microsoft.AspNetCore.Server.Kestrel.Transport.Sockets.dll 10.0.8 at C:\Program Files\dotnet\packs\Microsoft.AspNetCore.App.Ref\10.0.8\ref\net10.0\Microsoft.AspNetCore.Server.Kestrel.Transport.Sockets.dll
  - Microsoft.AspNetCore.Session.dll 10.0.8 at C:\Program Files\dotnet\packs\Microsoft.AspNetCore.App.Ref\10.0.8\ref\net10.0\Microsoft.AspNetCore.Session.dll
  - Microsoft.AspNetCore.SignalR.Common.dll 10.0.8 at C:\Program Files\dotnet\packs\Microsoft.AspNetCore.App.Ref\10.0.8\ref\net10.0\Microsoft.AspNetCore.SignalR.Common.dll
  - Microsoft.AspNetCore.SignalR.Core.dll 10.0.8 at C:\Program Files\dotnet\packs\Microsoft.AspNetCore.App.Ref\10.0.8\ref\net10.0\Microsoft.AspNetCore.SignalR.Core.dll
  - Microsoft.AspNetCore.SignalR.dll 10.0.8 at C:\Program Files\dotnet\packs\Microsoft.AspNetCore.App.Ref\10.0.8\ref\net10.0\Microsoft.AspNetCore.SignalR.dll
  - Microsoft.AspNetCore.SignalR.Protocols.Json.dll 10.0.8 at C:\Program Files\dotnet\packs\Microsoft.AspNetCore.App.Ref\10.0.8\ref\net10.0\Microsoft.AspNetCore.SignalR.Protocols.Json.dll
  - Microsoft.AspNetCore.StaticAssets.dll 10.0.8 at C:\Program Files\dotnet\packs\Microsoft.AspNetCore.App.Ref\10.0.8\ref\net10.0\Microsoft.AspNetCore.StaticAssets.dll
  - Microsoft.AspNetCore.StaticFiles.dll 10.0.8 at C:\Program Files\dotnet\packs\Microsoft.AspNetCore.App.Ref\10.0.8\ref\net10.0\Microsoft.AspNetCore.StaticFiles.dll
  - Microsoft.AspNetCore.WebSockets.dll 10.0.8 at C:\Program Files\dotnet\packs\Microsoft.AspNetCore.App.Ref\10.0.8\ref\net10.0\Microsoft.AspNetCore.WebSockets.dll
  - Microsoft.AspNetCore.WebUtilities.dll 10.0.8 at C:\Program Files\dotnet\packs\Microsoft.AspNetCore.App.Ref\10.0.8\ref\net10.0\Microsoft.AspNetCore.WebUtilities.dll
  - Microsoft.CSharp.dll 10.0.8 at C:\Program Files\dotnet\packs\Microsoft.NETCore.App.Ref\10.0.8\ref\net10.0\Microsoft.CSharp.dll
  - Microsoft.Extensions.AI.Abstractions.dll 10.4.0 at C:\Users\tddkhanh\.nuget\packages\microsoft.extensions.ai.abstractions\10.4.0\lib\net10.0\Microsoft.Extensions.AI.Abstractions.dll
  - Microsoft.Extensions.AI.dll 10.4.0 at C:\Users\tddkhanh\.nuget\packages\microsoft.extensions.ai\10.4.0\lib\net10.0\Microsoft.Extensions.AI.dll
  - Microsoft.Extensions.Caching.Abstractions.dll 10.0.8 at C:\Program Files\dotnet\packs\Microsoft.AspNetCore.App.Ref\10.0.8\ref\net10.0\Microsoft.Extensions.Caching.Abstractions.dll
  - Microsoft.Extensions.Caching.Memory.dll 10.0.8 at C:\Program Files\dotnet\packs\Microsoft.AspNetCore.App.Ref\10.0.8\ref\net10.0\Microsoft.Extensions.Caching.Memory.dll
  - Microsoft.Extensions.Configuration.Abstractions.dll 10.0.8 at C:\Program Files\dotnet\packs\Microsoft.AspNetCore.App.Ref\10.0.8\ref\net10.0\Microsoft.Extensions.Configuration.Abstractions.dll
  - Microsoft.Extensions.Configuration.Binder.dll 10.0.8 at C:\Program Files\dotnet\packs\Microsoft.AspNetCore.App.Ref\10.0.8\ref\net10.0\Microsoft.Extensions.Configuration.Binder.dll
  - Microsoft.Extensions.Configuration.CommandLine.dll 10.0.8 at C:\Program Files\dotnet\packs\Microsoft.AspNetCore.App.Ref\10.0.8\ref\net10.0\Microsoft.Extensions.Configuration.CommandLine.dll
  - Microsoft.Extensions.Configuration.dll 10.0.8 at C:\Program Files\dotnet\packs\Microsoft.AspNetCore.App.Ref\10.0.8\ref\net10.0\Microsoft.Extensions.Configuration.dll
  - Microsoft.Extensions.Configuration.EnvironmentVariables.dll 10.0.8 at C:\Program Files\dotnet\packs\Microsoft.AspNetCore.App.Ref\10.0.8\ref\net10.0\Microsoft.Extensions.Configuration.EnvironmentVariables.dll
  - Microsoft.Extensions.Configuration.FileExtensions.dll 10.0.8 at C:\Program Files\dotnet\packs\Microsoft.AspNetCore.App.Ref\10.0.8\ref\net10.0\Microsoft.Extensions.Configuration.FileExtensions.dll
  - Microsoft.Extensions.Configuration.Ini.dll 10.0.8 at C:\Program Files\dotnet\packs\Microsoft.AspNetCore.App.Ref\10.0.8\ref\net10.0\Microsoft.Extensions.Configuration.Ini.dll
  - Microsoft.Extensions.Configuration.Json.dll 10.0.8 at C:\Program Files\dotnet\packs\Microsoft.AspNetCore.App.Ref\10.0.8\ref\net10.0\Microsoft.Extensions.Configuration.Json.dll
  - Microsoft.Extensions.Configuration.KeyPerFile.dll 10.0.8 at C:\Program Files\dotnet\packs\Microsoft.AspNetCore.App.Ref\10.0.8\ref\net10.0\Microsoft.Extensions.Configuration.KeyPerFile.dll
  - Microsoft.Extensions.Configuration.UserSecrets.dll 10.0.8 at C:\Program Files\dotnet\packs\Microsoft.AspNetCore.App.Ref\10.0.8\ref\net10.0\Microsoft.Extensions.Configuration.UserSecrets.dll
  - Microsoft.Extensions.Configuration.Xml.dll 10.0.8 at C:\Program Files\dotnet\packs\Microsoft.AspNetCore.App.Ref\10.0.8\ref\net10.0\Microsoft.Extensions.Configuration.Xml.dll
  - Microsoft.Extensions.DependencyInjection.Abstractions.dll 10.0.8 at C:\Program Files\dotnet\packs\Microsoft.AspNetCore.App.Ref\10.0.8\ref\net10.0\Microsoft.Extensions.DependencyInjection.Abstractions.dll
  - Microsoft.Extensions.DependencyInjection.dll 10.0.8 at C:\Program Files\dotnet\packs\Microsoft.AspNetCore.App.Ref\10.0.8\ref\net10.0\Microsoft.Extensions.DependencyInjection.dll
  - Microsoft.Extensions.Diagnostics.Abstractions.dll 10.0.8 at C:\Program Files\dotnet\packs\Microsoft.AspNetCore.App.Ref\10.0.8\ref\net10.0\Microsoft.Extensions.Diagnostics.Abstractions.dll
  - Microsoft.Extensions.Diagnostics.dll 10.0.8 at C:\Program Files\dotnet\packs\Microsoft.AspNetCore.App.Ref\10.0.8\ref\net10.0\Microsoft.Extensions.Diagnostics.dll
  - Microsoft.Extensions.Diagnostics.HealthChecks.Abstractions.dll 10.0.8 at C:\Program Files\dotnet\packs\Microsoft.AspNetCore.App.Ref\10.0.8\ref\net10.0\Microsoft.Extensions.Diagnostics.HealthChecks.Abstractions.dll
  - Microsoft.Extensions.Diagnostics.HealthChecks.dll 10.0.8 at C:\Program Files\dotnet\packs\Microsoft.AspNetCore.App.Ref\10.0.8\ref\net10.0\Microsoft.Extensions.Diagnostics.HealthChecks.dll
  - Microsoft.Extensions.Features.dll 10.0.8 at C:\Program Files\dotnet\packs\Microsoft.AspNetCore.App.Ref\10.0.8\ref\net10.0\Microsoft.Extensions.Features.dll
  - Microsoft.Extensions.FileProviders.Abstractions.dll 10.0.8 at C:\Program Files\dotnet\packs\Microsoft.AspNetCore.App.Ref\10.0.8\ref\net10.0\Microsoft.Extensions.FileProviders.Abstractions.dll
  - Microsoft.Extensions.FileProviders.Composite.dll 10.0.8 at C:\Program Files\dotnet\packs\Microsoft.AspNetCore.App.Ref\10.0.8\ref\net10.0\Microsoft.Extensions.FileProviders.Composite.dll
  - Microsoft.Extensions.FileProviders.Embedded.dll 10.0.8 at C:\Program Files\dotnet\packs\Microsoft.AspNetCore.App.Ref\10.0.8\ref\net10.0\Microsoft.Extensions.FileProviders.Embedded.dll
  - Microsoft.Extensions.FileProviders.Physical.dll 10.0.8 at C:\Program Files\dotnet\packs\Microsoft.AspNetCore.App.Ref\10.0.8\ref\net10.0\Microsoft.Extensions.FileProviders.Physical.dll
  - Microsoft.Extensions.FileSystemGlobbing.dll 10.0.8 at C:\Program Files\dotnet\packs\Microsoft.AspNetCore.App.Ref\10.0.8\ref\net10.0\Microsoft.Extensions.FileSystemGlobbing.dll
  - Microsoft.Extensions.Hosting.Abstractions.dll 10.0.8 at C:\Program Files\dotnet\packs\Microsoft.AspNetCore.App.Ref\10.0.8\ref\net10.0\Microsoft.Extensions.Hosting.Abstractions.dll
  - Microsoft.Extensions.Hosting.dll 10.0.8 at C:\Program Files\dotnet\packs\Microsoft.AspNetCore.App.Ref\10.0.8\ref\net10.0\Microsoft.Extensions.Hosting.dll
  - Microsoft.Extensions.Http.dll 10.0.8 at C:\Program Files\dotnet\packs\Microsoft.AspNetCore.App.Ref\10.0.8\ref\net10.0\Microsoft.Extensions.Http.dll
  - Microsoft.Extensions.Identity.Core.dll 10.0.8 at C:\Program Files\dotnet\packs\Microsoft.AspNetCore.App.Ref\10.0.8\ref\net10.0\Microsoft.Extensions.Identity.Core.dll
  - Microsoft.Extensions.Identity.Stores.dll 10.0.8 at C:\Program Files\dotnet\packs\Microsoft.AspNetCore.App.Ref\10.0.8\ref\net10.0\Microsoft.Extensions.Identity.Stores.dll
  - Microsoft.Extensions.Localization.Abstractions.dll 10.0.8 at C:\Program Files\dotnet\packs\Microsoft.AspNetCore.App.Ref\10.0.8\ref\net10.0\Microsoft.Extensions.Localization.Abstractions.dll
  - Microsoft.Extensions.Localization.dll 10.0.8 at C:\Program Files\dotnet\packs\Microsoft.AspNetCore.App.Ref\10.0.8\ref\net10.0\Microsoft.Extensions.Localization.dll
  - Microsoft.Extensions.Logging.Abstractions.dll 10.0.8 at C:\Program Files\dotnet\packs\Microsoft.AspNetCore.App.Ref\10.0.8\ref\net10.0\Microsoft.Extensions.Logging.Abstractions.dll
  - Microsoft.Extensions.Logging.Configuration.dll 10.0.8 at C:\Program Files\dotnet\packs\Microsoft.AspNetCore.App.Ref\10.0.8\ref\net10.0\Microsoft.Extensions.Logging.Configuration.dll
  - Microsoft.Extensions.Logging.Console.dll 10.0.8 at C:\Program Files\dotnet\packs\Microsoft.AspNetCore.App.Ref\10.0.8\ref\net10.0\Microsoft.Extensions.Logging.Console.dll
  - Microsoft.Extensions.Logging.Debug.dll 10.0.8 at C:\Program Files\dotnet\packs\Microsoft.AspNetCore.App.Ref\10.0.8\ref\net10.0\Microsoft.Extensions.Logging.Debug.dll
  - Microsoft.Extensions.Logging.dll 10.0.8 at C:\Program Files\dotnet\packs\Microsoft.AspNetCore.App.Ref\10.0.8\ref\net10.0\Microsoft.Extensions.Logging.dll
  - Microsoft.Extensions.Logging.EventLog.dll 10.0.8 at C:\Program Files\dotnet\packs\Microsoft.AspNetCore.App.Ref\10.0.8\ref\net10.0\Microsoft.Extensions.Logging.EventLog.dll
  - Microsoft.Extensions.Logging.EventSource.dll 10.0.8 at C:\Program Files\dotnet\packs\Microsoft.AspNetCore.App.Ref\10.0.8\ref\net10.0\Microsoft.Extensions.Logging.EventSource.dll
  - Microsoft.Extensions.Logging.TraceSource.dll 10.0.8 at C:\Program Files\dotnet\packs\Microsoft.AspNetCore.App.Ref\10.0.8\ref\net10.0\Microsoft.Extensions.Logging.TraceSource.dll
  - Microsoft.Extensions.ObjectPool.dll 10.0.8 at C:\Program Files\dotnet\packs\Microsoft.AspNetCore.App.Ref\10.0.8\ref\net10.0\Microsoft.Extensions.ObjectPool.dll
  - Microsoft.Extensions.Options.ConfigurationExtensions.dll 10.0.8 at C:\Program Files\dotnet\packs\Microsoft.AspNetCore.App.Ref\10.0.8\ref\net10.0\Microsoft.Extensions.Options.ConfigurationExtensions.dll
  - Microsoft.Extensions.Options.DataAnnotations.dll 10.0.8 at C:\Program Files\dotnet\packs\Microsoft.AspNetCore.App.Ref\10.0.8\ref\net10.0\Microsoft.Extensions.Options.DataAnnotations.dll
  - Microsoft.Extensions.Options.dll 10.0.8 at C:\Program Files\dotnet\packs\Microsoft.AspNetCore.App.Ref\10.0.8\ref\net10.0\Microsoft.Extensions.Options.dll
  - Microsoft.Extensions.Primitives.dll 10.0.8 at C:\Program Files\dotnet\packs\Microsoft.AspNetCore.App.Ref\10.0.8\ref\net10.0\Microsoft.Extensions.Primitives.dll
  - Microsoft.Extensions.Validation.dll 10.0.8 at C:\Program Files\dotnet\packs\Microsoft.AspNetCore.App.Ref\10.0.8\ref\net10.0\Microsoft.Extensions.Validation.dll
  - Microsoft.Extensions.WebEncoders.dll 10.0.8 at C:\Program Files\dotnet\packs\Microsoft.AspNetCore.App.Ref\10.0.8\ref\net10.0\Microsoft.Extensions.WebEncoders.dll
  - Microsoft.JSInterop.dll 10.0.8 at C:\Program Files\dotnet\packs\Microsoft.AspNetCore.App.Ref\10.0.8\ref\net10.0\Microsoft.JSInterop.dll
  - Microsoft.Net.Http.Headers.dll 10.0.8 at C:\Program Files\dotnet\packs\Microsoft.AspNetCore.App.Ref\10.0.8\ref\net10.0\Microsoft.Net.Http.Headers.dll
  - Microsoft.VisualBasic.Core.dll 10.0.8 at C:\Program Files\dotnet\packs\Microsoft.NETCore.App.Ref\10.0.8\ref\net10.0\Microsoft.VisualBasic.Core.dll
  - Microsoft.VisualBasic.dll 10.0.8 at C:\Program Files\dotnet\packs\Microsoft.NETCore.App.Ref\10.0.8\ref\net10.0\Microsoft.VisualBasic.dll
  - Microsoft.Win32.Primitives.dll 10.0.8 at C:\Program Files\dotnet\packs\Microsoft.NETCore.App.Ref\10.0.8\ref\net10.0\Microsoft.Win32.Primitives.dll
  - Microsoft.Win32.Registry.dll 10.0.8 at C:\Program Files\dotnet\packs\Microsoft.NETCore.App.Ref\10.0.8\ref\net10.0\Microsoft.Win32.Registry.dll
  - mscorlib.dll 10.0.8 at C:\Program Files\dotnet\packs\Microsoft.NETCore.App.Ref\10.0.8\ref\net10.0\mscorlib.dll
  - netstandard.dll 10.0.8 at C:\Program Files\dotnet\packs\Microsoft.NETCore.App.Ref\10.0.8\ref\net10.0\netstandard.dll
  - System.AppContext.dll 10.0.8 at C:\Program Files\dotnet\packs\Microsoft.NETCore.App.Ref\10.0.8\ref\net10.0\System.AppContext.dll
  - System.Buffers.dll 10.0.8 at C:\Program Files\dotnet\packs\Microsoft.NETCore.App.Ref\10.0.8\ref\net10.0\System.Buffers.dll
  - System.Collections.Concurrent.dll 10.0.8 at C:\Program Files\dotnet\packs\Microsoft.NETCore.App.Ref\10.0.8\ref\net10.0\System.Collections.Concurrent.dll
  - System.Collections.dll 10.0.8 at C:\Program Files\dotnet\packs\Microsoft.NETCore.App.Ref\10.0.8\ref\net10.0\System.Collections.dll
  - System.Collections.Immutable.dll 10.0.8 at C:\Program Files\dotnet\packs\Microsoft.NETCore.App.Ref\10.0.8\ref\net10.0\System.Collections.Immutable.dll
  - System.Collections.NonGeneric.dll 10.0.8 at C:\Program Files\dotnet\packs\Microsoft.NETCore.App.Ref\10.0.8\ref\net10.0\System.Collections.NonGeneric.dll
  - System.Collections.Specialized.dll 10.0.8 at C:\Program Files\dotnet\packs\Microsoft.NETCore.App.Ref\10.0.8\ref\net10.0\System.Collections.Specialized.dll
  - System.ComponentModel.Annotations.dll 10.0.8 at C:\Program Files\dotnet\packs\Microsoft.NETCore.App.Ref\10.0.8\ref\net10.0\System.ComponentModel.Annotations.dll
  - System.ComponentModel.DataAnnotations.dll 10.0.8 at C:\Program Files\dotnet\packs\Microsoft.NETCore.App.Ref\10.0.8\ref\net10.0\System.ComponentModel.DataAnnotations.dll
  - System.ComponentModel.dll 10.0.8 at C:\Program Files\dotnet\packs\Microsoft.NETCore.App.Ref\10.0.8\ref\net10.0\System.ComponentModel.dll
  - System.ComponentModel.EventBasedAsync.dll 10.0.8 at C:\Program Files\dotnet\packs\Microsoft.NETCore.App.Ref\10.0.8\ref\net10.0\System.ComponentModel.EventBasedAsync.dll
  - System.ComponentModel.Primitives.dll 10.0.8 at C:\Program Files\dotnet\packs\Microsoft.NETCore.App.Ref\10.0.8\ref\net10.0\System.ComponentModel.Primitives.dll
  - System.ComponentModel.TypeConverter.dll 10.0.8 at C:\Program Files\dotnet\packs\Microsoft.NETCore.App.Ref\10.0.8\ref\net10.0\System.ComponentModel.TypeConverter.dll
  - System.Configuration.dll 10.0.8 at C:\Program Files\dotnet\packs\Microsoft.NETCore.App.Ref\10.0.8\ref\net10.0\System.Configuration.dll
  - System.Console.dll 10.0.8 at C:\Program Files\dotnet\packs\Microsoft.NETCore.App.Ref\10.0.8\ref\net10.0\System.Console.dll
  - System.Core.dll 10.0.8 at C:\Program Files\dotnet\packs\Microsoft.NETCore.App.Ref\10.0.8\ref\net10.0\System.Core.dll
  - System.Data.Common.dll 10.0.8 at C:\Program Files\dotnet\packs\Microsoft.NETCore.App.Ref\10.0.8\ref\net10.0\System.Data.Common.dll
  - System.Data.DataSetExtensions.dll 10.0.8 at C:\Program Files\dotnet\packs\Microsoft.NETCore.App.Ref\10.0.8\ref\net10.0\System.Data.DataSetExtensions.dll
  - System.Data.dll 10.0.8 at C:\Program Files\dotnet\packs\Microsoft.NETCore.App.Ref\10.0.8\ref\net10.0\System.Data.dll
  - System.Diagnostics.Contracts.dll 10.0.8 at C:\Program Files\dotnet\packs\Microsoft.NETCore.App.Ref\10.0.8\ref\net10.0\System.Diagnostics.Contracts.dll
  - System.Diagnostics.Debug.dll 10.0.8 at C:\Program Files\dotnet\packs\Microsoft.NETCore.App.Ref\10.0.8\ref\net10.0\System.Diagnostics.Debug.dll
  - System.Diagnostics.DiagnosticSource.dll 10.0.8 at C:\Program Files\dotnet\packs\Microsoft.NETCore.App.Ref\10.0.8\ref\net10.0\System.Diagnostics.DiagnosticSource.dll
  - System.Diagnostics.EventLog.dll 10.0.8 at C:\Program Files\dotnet\packs\Microsoft.AspNetCore.App.Ref\10.0.8\ref\net10.0\System.Diagnostics.EventLog.dll
  - System.Diagnostics.FileVersionInfo.dll 10.0.8 at C:\Program Files\dotnet\packs\Microsoft.NETCore.App.Ref\10.0.8\ref\net10.0\System.Diagnostics.FileVersionInfo.dll
  - System.Diagnostics.Process.dll 10.0.8 at C:\Program Files\dotnet\packs\Microsoft.NETCore.App.Ref\10.0.8\ref\net10.0\System.Diagnostics.Process.dll
  - System.Diagnostics.StackTrace.dll 10.0.8 at C:\Program Files\dotnet\packs\Microsoft.NETCore.App.Ref\10.0.8\ref\net10.0\System.Diagnostics.StackTrace.dll
  - System.Diagnostics.TextWriterTraceListener.dll 10.0.8 at C:\Program Files\dotnet\packs\Microsoft.NETCore.App.Ref\10.0.8\ref\net10.0\System.Diagnostics.TextWriterTraceListener.dll
  - System.Diagnostics.Tools.dll 10.0.8 at C:\Program Files\dotnet\packs\Microsoft.NETCore.App.Ref\10.0.8\ref\net10.0\System.Diagnostics.Tools.dll
  - System.Diagnostics.TraceSource.dll 10.0.8 at C:\Program Files\dotnet\packs\Microsoft.NETCore.App.Ref\10.0.8\ref\net10.0\System.Diagnostics.TraceSource.dll
  - System.Diagnostics.Tracing.dll 10.0.8 at C:\Program Files\dotnet\packs\Microsoft.NETCore.App.Ref\10.0.8\ref\net10.0\System.Diagnostics.Tracing.dll
  - System.dll 10.0.8 at C:\Program Files\dotnet\packs\Microsoft.NETCore.App.Ref\10.0.8\ref\net10.0\System.dll
  - System.Drawing.dll 10.0.8 at C:\Program Files\dotnet\packs\Microsoft.NETCore.App.Ref\10.0.8\ref\net10.0\System.Drawing.dll
  - System.Drawing.Primitives.dll 10.0.8 at C:\Program Files\dotnet\packs\Microsoft.NETCore.App.Ref\10.0.8\ref\net10.0\System.Drawing.Primitives.dll
  - System.Dynamic.Runtime.dll 10.0.8 at C:\Program Files\dotnet\packs\Microsoft.NETCore.App.Ref\10.0.8\ref\net10.0\System.Dynamic.Runtime.dll
  - System.Formats.Asn1.dll 10.0.8 at C:\Program Files\dotnet\packs\Microsoft.NETCore.App.Ref\10.0.8\ref\net10.0\System.Formats.Asn1.dll
  - System.Formats.Cbor.dll 10.0.8 at C:\Program Files\dotnet\packs\Microsoft.AspNetCore.App.Ref\10.0.8\ref\net10.0\System.Formats.Cbor.dll
  - System.Formats.Tar.dll 10.0.8 at C:\Program Files\dotnet\packs\Microsoft.NETCore.App.Ref\10.0.8\ref\net10.0\System.Formats.Tar.dll
  - System.Globalization.Calendars.dll 10.0.8 at C:\Program Files\dotnet\packs\Microsoft.NETCore.App.Ref\10.0.8\ref\net10.0\System.Globalization.Calendars.dll
  - System.Globalization.dll 10.0.8 at C:\Program Files\dotnet\packs\Microsoft.NETCore.App.Ref\10.0.8\ref\net10.0\System.Globalization.dll
  - System.Globalization.Extensions.dll 10.0.8 at C:\Program Files\dotnet\packs\Microsoft.NETCore.App.Ref\10.0.8\ref\net10.0\System.Globalization.Extensions.dll
  - System.IO.Compression.Brotli.dll 10.0.8 at C:\Program Files\dotnet\packs\Microsoft.NETCore.App.Ref\10.0.8\ref\net10.0\System.IO.Compression.Brotli.dll
  - System.IO.Compression.dll 10.0.8 at C:\Program Files\dotnet\packs\Microsoft.NETCore.App.Ref\10.0.8\ref\net10.0\System.IO.Compression.dll
  - System.IO.Compression.FileSystem.dll 10.0.8 at C:\Program Files\dotnet\packs\Microsoft.NETCore.App.Ref\10.0.8\ref\net10.0\System.IO.Compression.FileSystem.dll
  - System.IO.Compression.ZipFile.dll 10.0.8 at C:\Program Files\dotnet\packs\Microsoft.NETCore.App.Ref\10.0.8\ref\net10.0\System.IO.Compression.ZipFile.dll
  - System.IO.dll 10.0.8 at C:\Program Files\dotnet\packs\Microsoft.NETCore.App.Ref\10.0.8\ref\net10.0\System.IO.dll
  - System.IO.FileSystem.AccessControl.dll 10.0.8 at C:\Program Files\dotnet\packs\Microsoft.NETCore.App.Ref\10.0.8\ref\net10.0\System.IO.FileSystem.AccessControl.dll
  - System.IO.FileSystem.dll 10.0.8 at C:\Program Files\dotnet\packs\Microsoft.NETCore.App.Ref\10.0.8\ref\net10.0\System.IO.FileSystem.dll
  - System.IO.FileSystem.DriveInfo.dll 10.0.8 at C:\Program Files\dotnet\packs\Microsoft.NETCore.App.Ref\10.0.8\ref\net10.0\System.IO.FileSystem.DriveInfo.dll
  - System.IO.FileSystem.Primitives.dll 10.0.8 at C:\Program Files\dotnet\packs\Microsoft.NETCore.App.Ref\10.0.8\ref\net10.0\System.IO.FileSystem.Primitives.dll
  - System.IO.FileSystem.Watcher.dll 10.0.8 at C:\Program Files\dotnet\packs\Microsoft.NETCore.App.Ref\10.0.8\ref\net10.0\System.IO.FileSystem.Watcher.dll
  - System.IO.IsolatedStorage.dll 10.0.8 at C:\Program Files\dotnet\packs\Microsoft.NETCore.App.Ref\10.0.8\ref\net10.0\System.IO.IsolatedStorage.dll
  - System.IO.MemoryMappedFiles.dll 10.0.8 at C:\Program Files\dotnet\packs\Microsoft.NETCore.App.Ref\10.0.8\ref\net10.0\System.IO.MemoryMappedFiles.dll
  - System.IO.Pipelines.dll 10.0.8 at C:\Program Files\dotnet\packs\Microsoft.NETCore.App.Ref\10.0.8\ref\net10.0\System.IO.Pipelines.dll
  - System.IO.Pipes.AccessControl.dll 10.0.8 at C:\Program Files\dotnet\packs\Microsoft.NETCore.App.Ref\10.0.8\ref\net10.0\System.IO.Pipes.AccessControl.dll
  - System.IO.Pipes.dll 10.0.8 at C:\Program Files\dotnet\packs\Microsoft.NETCore.App.Ref\10.0.8\ref\net10.0\System.IO.Pipes.dll
  - System.IO.UnmanagedMemoryStream.dll 10.0.8 at C:\Program Files\dotnet\packs\Microsoft.NETCore.App.Ref\10.0.8\ref\net10.0\System.IO.UnmanagedMemoryStream.dll
  - System.Linq.AsyncEnumerable.dll 10.0.8 at C:\Program Files\dotnet\packs\Microsoft.NETCore.App.Ref\10.0.8\ref\net10.0\System.Linq.AsyncEnumerable.dll
  - System.Linq.dll 10.0.8 at C:\Program Files\dotnet\packs\Microsoft.NETCore.App.Ref\10.0.8\ref\net10.0\System.Linq.dll
  - System.Linq.Expressions.dll 10.0.8 at C:\Program Files\dotnet\packs\Microsoft.NETCore.App.Ref\10.0.8\ref\net10.0\System.Linq.Expressions.dll
  - System.Linq.Parallel.dll 10.0.8 at C:\Program Files\dotnet\packs\Microsoft.NETCore.App.Ref\10.0.8\ref\net10.0\System.Linq.Parallel.dll
  - System.Linq.Queryable.dll 10.0.8 at C:\Program Files\dotnet\packs\Microsoft.NETCore.App.Ref\10.0.8\ref\net10.0\System.Linq.Queryable.dll
  - System.Memory.dll 10.0.8 at C:\Program Files\dotnet\packs\Microsoft.NETCore.App.Ref\10.0.8\ref\net10.0\System.Memory.dll
  - System.Net.dll 10.0.8 at C:\Program Files\dotnet\packs\Microsoft.NETCore.App.Ref\10.0.8\ref\net10.0\System.Net.dll
  - System.Net.Http.dll 10.0.8 at C:\Program Files\dotnet\packs\Microsoft.NETCore.App.Ref\10.0.8\ref\net10.0\System.Net.Http.dll
  - System.Net.Http.Json.dll 10.0.8 at C:\Program Files\dotnet\packs\Microsoft.NETCore.App.Ref\10.0.8\ref\net10.0\System.Net.Http.Json.dll
  - System.Net.HttpListener.dll 10.0.8 at C:\Program Files\dotnet\packs\Microsoft.NETCore.App.Ref\10.0.8\ref\net10.0\System.Net.HttpListener.dll
  - System.Net.Mail.dll 10.0.8 at C:\Program Files\dotnet\packs\Microsoft.NETCore.App.Ref\10.0.8\ref\net10.0\System.Net.Mail.dll
  - System.Net.NameResolution.dll 10.0.8 at C:\Program Files\dotnet\packs\Microsoft.NETCore.App.Ref\10.0.8\ref\net10.0\System.Net.NameResolution.dll
  - System.Net.NetworkInformation.dll 10.0.8 at C:\Program Files\dotnet\packs\Microsoft.NETCore.App.Ref\10.0.8\ref\net10.0\System.Net.NetworkInformation.dll
  - System.Net.Ping.dll 10.0.8 at C:\Program Files\dotnet\packs\Microsoft.NETCore.App.Ref\10.0.8\ref\net10.0\System.Net.Ping.dll
  - System.Net.Primitives.dll 10.0.8 at C:\Program Files\dotnet\packs\Microsoft.NETCore.App.Ref\10.0.8\ref\net10.0\System.Net.Primitives.dll
  - System.Net.Quic.dll 10.0.8 at C:\Program Files\dotnet\packs\Microsoft.NETCore.App.Ref\10.0.8\ref\net10.0\System.Net.Quic.dll
  - System.Net.Requests.dll 10.0.8 at C:\Program Files\dotnet\packs\Microsoft.NETCore.App.Ref\10.0.8\ref\net10.0\System.Net.Requests.dll
  - System.Net.Security.dll 10.0.8 at C:\Program Files\dotnet\packs\Microsoft.NETCore.App.Ref\10.0.8\ref\net10.0\System.Net.Security.dll
  - System.Net.ServerSentEvents.dll 10.0.8 at C:\Program Files\dotnet\packs\Microsoft.NETCore.App.Ref\10.0.8\ref\net10.0\System.Net.ServerSentEvents.dll
  - System.Net.ServicePoint.dll 10.0.8 at C:\Program Files\dotnet\packs\Microsoft.NETCore.App.Ref\10.0.8\ref\net10.0\System.Net.ServicePoint.dll
  - System.Net.Sockets.dll 10.0.8 at C:\Program Files\dotnet\packs\Microsoft.NETCore.App.Ref\10.0.8\ref\net10.0\System.Net.Sockets.dll
  - System.Net.WebClient.dll 10.0.8 at C:\Program Files\dotnet\packs\Microsoft.NETCore.App.Ref\10.0.8\ref\net10.0\System.Net.WebClient.dll
  - System.Net.WebHeaderCollection.dll 10.0.8 at C:\Program Files\dotnet\packs\Microsoft.NETCore.App.Ref\10.0.8\ref\net10.0\System.Net.WebHeaderCollection.dll
  - System.Net.WebProxy.dll 10.0.8 at C:\Program Files\dotnet\packs\Microsoft.NETCore.App.Ref\10.0.8\ref\net10.0\System.Net.WebProxy.dll
  - System.Net.WebSockets.Client.dll 10.0.8 at C:\Program Files\dotnet\packs\Microsoft.NETCore.App.Ref\10.0.8\ref\net10.0\System.Net.WebSockets.Client.dll
  - System.Net.WebSockets.dll 10.0.8 at C:\Program Files\dotnet\packs\Microsoft.NETCore.App.Ref\10.0.8\ref\net10.0\System.Net.WebSockets.dll
  - System.Numerics.dll 10.0.8 at C:\Program Files\dotnet\packs\Microsoft.NETCore.App.Ref\10.0.8\ref\net10.0\System.Numerics.dll
  - System.Numerics.Tensors.dll 10.0.4 at C:\Users\tddkhanh\.nuget\packages\system.numerics.tensors\10.0.4\lib\net10.0\System.Numerics.Tensors.dll
  - System.Numerics.Vectors.dll 10.0.8 at C:\Program Files\dotnet\packs\Microsoft.NETCore.App.Ref\10.0.8\ref\net10.0\System.Numerics.Vectors.dll
  - System.ObjectModel.dll 10.0.8 at C:\Program Files\dotnet\packs\Microsoft.NETCore.App.Ref\10.0.8\ref\net10.0\System.ObjectModel.dll
  - System.Reflection.DispatchProxy.dll 10.0.8 at C:\Program Files\dotnet\packs\Microsoft.NETCore.App.Ref\10.0.8\ref\net10.0\System.Reflection.DispatchProxy.dll
  - System.Reflection.dll 10.0.8 at C:\Program Files\dotnet\packs\Microsoft.NETCore.App.Ref\10.0.8\ref\net10.0\System.Reflection.dll
  - System.Reflection.Emit.dll 10.0.8 at C:\Program Files\dotnet\packs\Microsoft.NETCore.App.Ref\10.0.8\ref\net10.0\System.Reflection.Emit.dll
  - System.Reflection.Emit.ILGeneration.dll 10.0.8 at C:\Program Files\dotnet\packs\Microsoft.NETCore.App.Ref\10.0.8\ref\net10.0\System.Reflection.Emit.ILGeneration.dll
  - System.Reflection.Emit.Lightweight.dll 10.0.8 at C:\Program Files\dotnet\packs\Microsoft.NETCore.App.Ref\10.0.8\ref\net10.0\System.Reflection.Emit.Lightweight.dll
  - System.Reflection.Extensions.dll 10.0.8 at C:\Program Files\dotnet\packs\Microsoft.NETCore.App.Ref\10.0.8\ref\net10.0\System.Reflection.Extensions.dll
  - System.Reflection.Metadata.dll 10.0.8 at C:\Program Files\dotnet\packs\Microsoft.NETCore.App.Ref\10.0.8\ref\net10.0\System.Reflection.Metadata.dll
  - System.Reflection.Primitives.dll 10.0.8 at C:\Program Files\dotnet\packs\Microsoft.NETCore.App.Ref\10.0.8\ref\net10.0\System.Reflection.Primitives.dll
  - System.Reflection.TypeExtensions.dll 10.0.8 at C:\Program Files\dotnet\packs\Microsoft.NETCore.App.Ref\10.0.8\ref\net10.0\System.Reflection.TypeExtensions.dll
  - System.Resources.Reader.dll 10.0.8 at C:\Program Files\dotnet\packs\Microsoft.NETCore.App.Ref\10.0.8\ref\net10.0\System.Resources.Reader.dll
  - System.Resources.ResourceManager.dll 10.0.8 at C:\Program Files\dotnet\packs\Microsoft.NETCore.App.Ref\10.0.8\ref\net10.0\System.Resources.ResourceManager.dll
  - System.Resources.Writer.dll 10.0.8 at C:\Program Files\dotnet\packs\Microsoft.NETCore.App.Ref\10.0.8\ref\net10.0\System.Resources.Writer.dll
  - System.Runtime.CompilerServices.Unsafe.dll 10.0.8 at C:\Program Files\dotnet\packs\Microsoft.NETCore.App.Ref\10.0.8\ref\net10.0\System.Runtime.CompilerServices.Unsafe.dll
  - System.Runtime.CompilerServices.VisualC.dll 10.0.8 at C:\Program Files\dotnet\packs\Microsoft.NETCore.App.Ref\10.0.8\ref\net10.0\System.Runtime.CompilerServices.VisualC.dll
  - System.Runtime.dll 10.0.8 at C:\Program Files\dotnet\packs\Microsoft.NETCore.App.Ref\10.0.8\ref\net10.0\System.Runtime.dll
  - System.Runtime.Extensions.dll 10.0.8 at C:\Program Files\dotnet\packs\Microsoft.NETCore.App.Ref\10.0.8\ref\net10.0\System.Runtime.Extensions.dll
  - System.Runtime.Handles.dll 10.0.8 at C:\Program Files\dotnet\packs\Microsoft.NETCore.App.Ref\10.0.8\ref\net10.0\System.Runtime.Handles.dll
  - System.Runtime.InteropServices.dll 10.0.8 at C:\Program Files\dotnet\packs\Microsoft.NETCore.App.Ref\10.0.8\ref\net10.0\System.Runtime.InteropServices.dll
  - System.Runtime.InteropServices.JavaScript.dll 10.0.8 at C:\Program Files\dotnet\packs\Microsoft.NETCore.App.Ref\10.0.8\ref\net10.0\System.Runtime.InteropServices.JavaScript.dll
  - System.Runtime.InteropServices.RuntimeInformation.dll 10.0.8 at C:\Program Files\dotnet\packs\Microsoft.NETCore.App.Ref\10.0.8\ref\net10.0\System.Runtime.InteropServices.RuntimeInformation.dll
  - System.Runtime.Intrinsics.dll 10.0.8 at C:\Program Files\dotnet\packs\Microsoft.NETCore.App.Ref\10.0.8\ref\net10.0\System.Runtime.Intrinsics.dll
  - System.Runtime.Loader.dll 10.0.8 at C:\Program Files\dotnet\packs\Microsoft.NETCore.App.Ref\10.0.8\ref\net10.0\System.Runtime.Loader.dll
  - System.Runtime.Numerics.dll 10.0.8 at C:\Program Files\dotnet\packs\Microsoft.NETCore.App.Ref\10.0.8\ref\net10.0\System.Runtime.Numerics.dll
  - System.Runtime.Serialization.dll 10.0.8 at C:\Program Files\dotnet\packs\Microsoft.NETCore.App.Ref\10.0.8\ref\net10.0\System.Runtime.Serialization.dll
  - System.Runtime.Serialization.Formatters.dll 10.0.8 at C:\Program Files\dotnet\packs\Microsoft.NETCore.App.Ref\10.0.8\ref\net10.0\System.Runtime.Serialization.Formatters.dll
  - System.Runtime.Serialization.Json.dll 10.0.8 at C:\Program Files\dotnet\packs\Microsoft.NETCore.App.Ref\10.0.8\ref\net10.0\System.Runtime.Serialization.Json.dll
  - System.Runtime.Serialization.Primitives.dll 10.0.8 at C:\Program Files\dotnet\packs\Microsoft.NETCore.App.Ref\10.0.8\ref\net10.0\System.Runtime.Serialization.Primitives.dll
  - System.Runtime.Serialization.Xml.dll 10.0.8 at C:\Program Files\dotnet\packs\Microsoft.NETCore.App.Ref\10.0.8\ref\net10.0\System.Runtime.Serialization.Xml.dll
  - System.Security.AccessControl.dll 10.0.8 at C:\Program Files\dotnet\packs\Microsoft.NETCore.App.Ref\10.0.8\ref\net10.0\System.Security.AccessControl.dll
  - System.Security.Claims.dll 10.0.8 at C:\Program Files\dotnet\packs\Microsoft.NETCore.App.Ref\10.0.8\ref\net10.0\System.Security.Claims.dll
  - System.Security.Cryptography.Algorithms.dll 10.0.8 at C:\Program Files\dotnet\packs\Microsoft.NETCore.App.Ref\10.0.8\ref\net10.0\System.Security.Cryptography.Algorithms.dll
  - System.Security.Cryptography.Cng.dll 10.0.8 at C:\Program Files\dotnet\packs\Microsoft.NETCore.App.Ref\10.0.8\ref\net10.0\System.Security.Cryptography.Cng.dll
  - System.Security.Cryptography.Csp.dll 10.0.8 at C:\Program Files\dotnet\packs\Microsoft.NETCore.App.Ref\10.0.8\ref\net10.0\System.Security.Cryptography.Csp.dll
  - System.Security.Cryptography.dll 10.0.8 at C:\Program Files\dotnet\packs\Microsoft.NETCore.App.Ref\10.0.8\ref\net10.0\System.Security.Cryptography.dll
  - System.Security.Cryptography.Encoding.dll 10.0.8 at C:\Program Files\dotnet\packs\Microsoft.NETCore.App.Ref\10.0.8\ref\net10.0\System.Security.Cryptography.Encoding.dll
  - System.Security.Cryptography.OpenSsl.dll 10.0.8 at C:\Program Files\dotnet\packs\Microsoft.NETCore.App.Ref\10.0.8\ref\net10.0\System.Security.Cryptography.OpenSsl.dll
  - System.Security.Cryptography.Pkcs.dll 9.0.9 at C:\Users\tddkhanh\.nuget\packages\system.security.cryptography.pkcs\9.0.9\lib\net9.0\System.Security.Cryptography.Pkcs.dll
  - System.Security.Cryptography.Primitives.dll 10.0.8 at C:\Program Files\dotnet\packs\Microsoft.NETCore.App.Ref\10.0.8\ref\net10.0\System.Security.Cryptography.Primitives.dll
  - System.Security.Cryptography.X509Certificates.dll 10.0.8 at C:\Program Files\dotnet\packs\Microsoft.NETCore.App.Ref\10.0.8\ref\net10.0\System.Security.Cryptography.X509Certificates.dll
  - System.Security.Cryptography.Xml.dll 10.0.8 at C:\Program Files\dotnet\packs\Microsoft.AspNetCore.App.Ref\10.0.8\ref\net10.0\System.Security.Cryptography.Xml.dll
  - System.Security.dll 10.0.8 at C:\Program Files\dotnet\packs\Microsoft.NETCore.App.Ref\10.0.8\ref\net10.0\System.Security.dll
  - System.Security.Principal.dll 10.0.8 at C:\Program Files\dotnet\packs\Microsoft.NETCore.App.Ref\10.0.8\ref\net10.0\System.Security.Principal.dll
  - System.Security.Principal.Windows.dll 10.0.8 at C:\Program Files\dotnet\packs\Microsoft.NETCore.App.Ref\10.0.8\ref\net10.0\System.Security.Principal.Windows.dll
  - System.Security.SecureString.dll 10.0.8 at C:\Program Files\dotnet\packs\Microsoft.NETCore.App.Ref\10.0.8\ref\net10.0\System.Security.SecureString.dll
  - System.ServiceModel.Web.dll 10.0.8 at C:\Program Files\dotnet\packs\Microsoft.NETCore.App.Ref\10.0.8\ref\net10.0\System.ServiceModel.Web.dll
  - System.ServiceProcess.dll 10.0.8 at C:\Program Files\dotnet\packs\Microsoft.NETCore.App.Ref\10.0.8\ref\net10.0\System.ServiceProcess.dll
  - System.Text.Encoding.CodePages.dll 10.0.8 at C:\Program Files\dotnet\packs\Microsoft.NETCore.App.Ref\10.0.8\ref\net10.0\System.Text.Encoding.CodePages.dll
  - System.Text.Encoding.dll 10.0.8 at C:\Program Files\dotnet\packs\Microsoft.NETCore.App.Ref\10.0.8\ref\net10.0\System.Text.Encoding.dll
  - System.Text.Encoding.Extensions.dll 10.0.8 at C:\Program Files\dotnet\packs\Microsoft.NETCore.App.Ref\10.0.8\ref\net10.0\System.Text.Encoding.Extensions.dll
  - System.Text.Encodings.Web.dll 10.0.8 at C:\Program Files\dotnet\packs\Microsoft.NETCore.App.Ref\10.0.8\ref\net10.0\System.Text.Encodings.Web.dll
  - System.Text.Json.dll 10.0.8 at C:\Program Files\dotnet\packs\Microsoft.NETCore.App.Ref\10.0.8\ref\net10.0\System.Text.Json.dll
  - System.Text.RegularExpressions.dll 10.0.8 at C:\Program Files\dotnet\packs\Microsoft.NETCore.App.Ref\10.0.8\ref\net10.0\System.Text.RegularExpressions.dll
  - System.Threading.AccessControl.dll 10.0.8 at C:\Program Files\dotnet\packs\Microsoft.NETCore.App.Ref\10.0.8\ref\net10.0\System.Threading.AccessControl.dll
  - System.Threading.Channels.dll 10.0.8 at C:\Program Files\dotnet\packs\Microsoft.NETCore.App.Ref\10.0.8\ref\net10.0\System.Threading.Channels.dll
  - System.Threading.dll 10.0.8 at C:\Program Files\dotnet\packs\Microsoft.NETCore.App.Ref\10.0.8\ref\net10.0\System.Threading.dll
  - System.Threading.Overlapped.dll 10.0.8 at C:\Program Files\dotnet\packs\Microsoft.NETCore.App.Ref\10.0.8\ref\net10.0\System.Threading.Overlapped.dll
  - System.Threading.RateLimiting.dll 10.0.8 at C:\Program Files\dotnet\packs\Microsoft.AspNetCore.App.Ref\10.0.8\ref\net10.0\System.Threading.RateLimiting.dll
  - System.Threading.Tasks.Dataflow.dll 10.0.8 at C:\Program Files\dotnet\packs\Microsoft.NETCore.App.Ref\10.0.8\ref\net10.0\System.Threading.Tasks.Dataflow.dll
  - System.Threading.Tasks.dll 10.0.8 at C:\Program Files\dotnet\packs\Microsoft.NETCore.App.Ref\10.0.8\ref\net10.0\System.Threading.Tasks.dll
  - System.Threading.Tasks.Extensions.dll 10.0.8 at C:\Program Files\dotnet\packs\Microsoft.NETCore.App.Ref\10.0.8\ref\net10.0\System.Threading.Tasks.Extensions.dll
  - System.Threading.Tasks.Parallel.dll 10.0.8 at C:\Program Files\dotnet\packs\Microsoft.NETCore.App.Ref\10.0.8\ref\net10.0\System.Threading.Tasks.Parallel.dll
  - System.Threading.Thread.dll 10.0.8 at C:\Program Files\dotnet\packs\Microsoft.NETCore.App.Ref\10.0.8\ref\net10.0\System.Threading.Thread.dll
  - System.Threading.ThreadPool.dll 10.0.8 at C:\Program Files\dotnet\packs\Microsoft.NETCore.App.Ref\10.0.8\ref\net10.0\System.Threading.ThreadPool.dll
  - System.Threading.Timer.dll 10.0.8 at C:\Program Files\dotnet\packs\Microsoft.NETCore.App.Ref\10.0.8\ref\net10.0\System.Threading.Timer.dll
  - System.Transactions.dll 10.0.8 at C:\Program Files\dotnet\packs\Microsoft.NETCore.App.Ref\10.0.8\ref\net10.0\System.Transactions.dll
  - System.Transactions.Local.dll 10.0.8 at C:\Program Files\dotnet\packs\Microsoft.NETCore.App.Ref\10.0.8\ref\net10.0\System.Transactions.Local.dll
  - System.ValueTuple.dll 10.0.8 at C:\Program Files\dotnet\packs\Microsoft.NETCore.App.Ref\10.0.8\ref\net10.0\System.ValueTuple.dll
  - System.Web.dll 10.0.8 at C:\Program Files\dotnet\packs\Microsoft.NETCore.App.Ref\10.0.8\ref\net10.0\System.Web.dll
  - System.Web.HttpUtility.dll 10.0.8 at C:\Program Files\dotnet\packs\Microsoft.NETCore.App.Ref\10.0.8\ref\net10.0\System.Web.HttpUtility.dll
  - System.Windows.dll 10.0.8 at C:\Program Files\dotnet\packs\Microsoft.NETCore.App.Ref\10.0.8\ref\net10.0\System.Windows.dll
  - System.Xml.dll 10.0.8 at C:\Program Files\dotnet\packs\Microsoft.NETCore.App.Ref\10.0.8\ref\net10.0\System.Xml.dll
  - System.Xml.Linq.dll 10.0.8 at C:\Program Files\dotnet\packs\Microsoft.NETCore.App.Ref\10.0.8\ref\net10.0\System.Xml.Linq.dll
  - System.Xml.ReaderWriter.dll 10.0.8 at C:\Program Files\dotnet\packs\Microsoft.NETCore.App.Ref\10.0.8\ref\net10.0\System.Xml.ReaderWriter.dll
  - System.Xml.Serialization.dll 10.0.8 at C:\Program Files\dotnet\packs\Microsoft.NETCore.App.Ref\10.0.8\ref\net10.0\System.Xml.Serialization.dll
  - System.Xml.XDocument.dll 10.0.8 at C:\Program Files\dotnet\packs\Microsoft.NETCore.App.Ref\10.0.8\ref\net10.0\System.Xml.XDocument.dll
  - System.Xml.XmlDocument.dll 10.0.8 at C:\Program Files\dotnet\packs\Microsoft.NETCore.App.Ref\10.0.8\ref\net10.0\System.Xml.XmlDocument.dll
  - System.Xml.XmlSerializer.dll 10.0.8 at C:\Program Files\dotnet\packs\Microsoft.NETCore.App.Ref\10.0.8\ref\net10.0\System.Xml.XmlSerializer.dll
  - System.Xml.XPath.dll 10.0.8 at C:\Program Files\dotnet\packs\Microsoft.NETCore.App.Ref\10.0.8\ref\net10.0\System.Xml.XPath.dll
  - System.Xml.XPath.XDocument.dll 10.0.8 at C:\Program Files\dotnet\packs\Microsoft.NETCore.App.Ref\10.0.8\ref\net10.0\System.Xml.XPath.XDocument.dll
  - Telerik.AI.SmartComponents.Extensions.dll 2.2.1 at C:\Users\tddkhanh\.nuget\packages\telerik.ai.smartcomponents.extensions\2.2.1\lib\net8.0\Telerik.AI.SmartComponents.Extensions.dll
  - Telerik.Blazor.dll 14.0.0 at C:\Users\tddkhanh\.nuget\packages\telerik.ui.for.blazor\14.0.0\lib\net8.0\Telerik.Blazor.dll
  - Telerik.DataSource.dll 4.1.0 at C:\Users\tddkhanh\.nuget\packages\telerik.datasource\4.1.0\lib\net8.0\Telerik.DataSource.dll
  - Telerik.Documents.Core.dll 2026.2.519 at C:\Users\tddkhanh\.nuget\packages\telerik.documents.core\2026.2.519\lib\netstandard2.0\Telerik.Documents.Core.dll
  - Telerik.Documents.Fixed.dll 2026.2.519 at C:\Users\tddkhanh\.nuget\packages\telerik.documents.fixed\2026.2.519\lib\netstandard2.0\Telerik.Documents.Fixed.dll
  - Telerik.Documents.Spreadsheet.dll 2026.2.519 at C:\Users\tddkhanh\.nuget\packages\telerik.documents.spreadsheet\2026.2.519\lib\netstandard2.0\Telerik.Documents.Spreadsheet.dll
  - Telerik.Documents.Spreadsheet.FormatProviders.Pdf.dll 2026.2.519 at C:\Users\tddkhanh\.nuget\packages\telerik.documents.spreadsheet.formatproviders.pdf\2026.2.519\lib\netstandard2.0\Telerik.Documents.Spreadsheet.FormatProviders.Pdf.dll
  - Telerik.Documents.SpreadsheetStreaming.dll 2026.2.519 at C:\Users\tddkhanh\.nuget\packages\telerik.documents.spreadsheetstreaming\2026.2.519\lib\netstandard2.0\Telerik.Documents.SpreadsheetStreaming.dll
  - Telerik.FontIcons.dll 4.9.2 at C:\Users\tddkhanh\.nuget\packages\telerik.fonticons\4.9.2\lib\netstandard2.0\Telerik.FontIcons.dll
  - Telerik.Licensing.Runtime.dll 1.8.2 at C:\Users\tddkhanh\.nuget\packages\telerik.licensing\1.8.2\lib\net10.0\Telerik.Licensing.Runtime.dll
  - Telerik.Pivot.Core.dll 1.0.0 at C:\Users\tddkhanh\.nuget\packages\telerik.pivot.core\1.0.0\lib\net8.0\Telerik.Pivot.Core.dll
  - Telerik.Pivot.DataProviders.Xmla.dll 1.0.0 at C:\Users\tddkhanh\.nuget\packages\telerik.pivot.dataproviders.xmla\1.0.0\lib\net8.0\Telerik.Pivot.DataProviders.Xmla.dll
  - Telerik.Recurrence.dll 1.0.0 at C:\Users\tddkhanh\.nuget\packages\telerik.recurrence\1.0.0\lib\net8.0\Telerik.Recurrence.dll
  - Telerik.SvgIcons.dll 4.9.2 at C:\Users\tddkhanh\.nuget\packages\telerik.svgicons\4.9.2\lib\netstandard2.0\Telerik.SvgIcons.dll
  - Telerik.Zip.dll 2026.2.519 at C:\Users\tddkhanh\.nuget\packages\telerik.zip\2026.2.519\lib\netstandard2.0\Telerik.Zip.dll
  - WindowsBase.dll 10.0.8 at C:\Program Files\dotnet\packs\Microsoft.NETCore.App.Ref\10.0.8\ref\net10.0\WindowsBase.dll
  MachineId=T67PQYIlb9W6VOVNpg1C57e7U0Q=

[2026-05-29 02:05:28.944] [Low]   Looking for Telerik product metadata in referenced assemblies
      - C:\Users\tddkhanh\.nuget\packages\telerik.ui.for.blazor\14.0.0\lib\net8.0\Telerik.Blazor.dll
        ProductCode: BLAZOR, LicenseDate: 2026-05-20, ProductName: Telerik UI for Blazor, ProductVersion: 14.0.0.0, Flags: None
        Transitive product references:
        - DPL 2026-05-19 (redistributed by: RCWPF;RCWF;MAUI;UIXAM;WINUI;RCAJAX;KENDOUIMVC;UIASPCORE;BLAZOR) Telerik Document Processing Libraries 2026.2.519.20
      - C:\Users\tddkhanh\.nuget\packages\telerik.documents.core\2026.2.519\lib\netstandard2.0\Telerik.Documents.Core.dll
        ProductCode: DPL, LicenseDate: 2026-05-19, Redistributed By: RCWPF, RCWF, MAUI, UIXAM, WINUI, RCAJAX, KENDOUIMVC, UIASPCORE, BLAZOR, ProductName: Telerik Document Processing Libraries, ProductVersion: 2026.2.519.20, Flags: None
      - C:\Users\tddkhanh\.nuget\packages\telerik.documents.fixed\2026.2.519\lib\netstandard2.0\Telerik.Documents.Fixed.dll
        ProductCode: DPL, LicenseDate: 2026-05-19, Redistributed By: RCWPF, RCWF, MAUI, UIXAM, WINUI, RCAJAX, KENDOUIMVC, UIASPCORE, BLAZOR, ProductName: Telerik Document Processing Libraries, ProductVersion: 2026.2.519.20, Flags: None
      - C:\Users\tddkhanh\.nuget\packages\telerik.documents.spreadsheet\2026.2.519\lib\netstandard2.0\Telerik.Documents.Spreadsheet.dll
        ProductCode: DPL, LicenseDate: 2026-05-19, Redistributed By: RCWPF, RCWF, MAUI, UIXAM, WINUI, RCAJAX, KENDOUIMVC, UIASPCORE, BLAZOR, ProductName: Telerik Document Processing Libraries, ProductVersion: 2026.2.519.20, Flags: None
      - C:\Users\tddkhanh\.nuget\packages\telerik.documents.spreadsheet.formatproviders.pdf\2026.2.519\lib\netstandard2.0\Telerik.Documents.Spreadsheet.FormatProviders.Pdf.dll
        ProductCode: DPL, LicenseDate: 2026-05-19, Redistributed By: RCWPF, RCWF, MAUI, UIXAM, WINUI, RCAJAX, KENDOUIMVC, UIASPCORE, BLAZOR, ProductName: Telerik Document Processing Libraries, ProductVersion: 2026.2.519.20, Flags: None
      - C:\Users\tddkhanh\.nuget\packages\telerik.documents.spreadsheetstreaming\2026.2.519\lib\netstandard2.0\Telerik.Documents.SpreadsheetStreaming.dll
        ProductCode: DPL, LicenseDate: 2026-05-19, Redistributed By: RCWPF, RCWF, MAUI, UIXAM, WINUI, RCAJAX, KENDOUIMVC, UIASPCORE, BLAZOR, ProductName: Telerik Document Processing Libraries, ProductVersion: 2026.2.519.20, Flags: None
      - C:\Users\tddkhanh\.nuget\packages\telerik.zip\2026.2.519\lib\netstandard2.0\Telerik.Zip.dll
        ProductCode: DPL, LicenseDate: 2026-05-19, Redistributed By: RCWPF, RCWF, MAUI, UIXAM, WINUI, RCAJAX, KENDOUIMVC, UIASPCORE, BLAZOR, ProductName: Telerik Document Processing Libraries, ProductVersion: 2026.2.519.20, Flags: None
      Unique Products:
      - "Telerik UI for Blazor" (BLAZOR) 14.0.0.0 @2026-05-20
      - "Telerik Document Processing Libraries" (DPL) 2026.2.519.20 @2026-05-19
      Found a total of 2 referenced Telerik products for net10.0

[2026-05-29 02:05:28.962] [Low]   Provision Licensing
        Looking up license file...
        - EnvironmentVariablePath: TELERIK_LICENSE_PATH (NotAvailable)
        - EnvironmentVariable: TELERIK_LICENSE (NotAvailable)
        - EnvironmentVariable: KENDO_UI_LICENSE (NotAvailable)
        - RecursiveFilePath: D:\Code\Blazor\TelerikGrid\TelerikGrid\telerik-license.txt (NotAvailable)
        - RecursiveFilePath: D:\Code\Blazor\TelerikGrid\TelerikGrid\kendo-ui-license.txt (NotAvailable)
        - RecursiveFilePath: D:\Code\Blazor\TelerikGrid\telerik-license.txt (NotAvailable)
        - RecursiveFilePath: D:\Code\Blazor\TelerikGrid\kendo-ui-license.txt (NotAvailable)
        - RecursiveFilePath: D:\Code\Blazor\telerik-license.txt (NotAvailable)
        - RecursiveFilePath: D:\Code\Blazor\kendo-ui-license.txt (NotAvailable)
        - RecursiveFilePath: D:\Code\telerik-license.txt (NotAvailable)
        - RecursiveFilePath: D:\Code\kendo-ui-license.txt (NotAvailable)
        - RecursiveFilePath: D:\telerik-license.txt (NotAvailable)
        - RecursiveFilePath: D:\kendo-ui-license.txt (NotAvailable)
        - UserDirectory: C:\Users\tddkhanh\AppData\Roaming\Telerik\telerik-license.txt (LicenseFound)
        - UserDirectory: C:\Users\tddkhanh\AppData\Roaming\Telerik\kendo-ui-license.txt (Skip)
        LicenseKey
        - AUD: t************@g****.com
        - UsedId: 344ca679-260a-4541-b9a7-cafe8537ed1f
        - LicenseId: de0ab21e-4a76-46d5-b1d8-a860fc8a108a
        - IssuedAt: 5/27/2026 11:20:30 PM
        - Licenses
          0) Trial BLAZOR, expiration 6/26/2026 3:27:27 AM, type: 'trial'
          1) Usage UserId: 344ca679-260a-4541-b9a7-cafe8537ed1f, LicenseId: de0ab21e-4a76-46d5-b1d8-a860fc8a108a, type: 'usage'

[2026-05-29 02:05:28.966] [Low]   License Resolution
        Messages
          - License OK for "Telerik UI for Blazor" (BLAZOR) 14.0.0.0 @2026-05-20 - Trial, valid until 2026-06-26.
          - License OK for "Telerik Document Processing Libraries" (DPL) 2026.2.519.20 @2026-05-19 - Trial for BLAZOR, valid until 2026-06-26.
        JWTs
          - eyJhbGciOiJSUzI1NiIsInR5cCI6IlRlbGVyaWsgTGljZW5zZSBFdmlkZW5jZSJ9.eyJjb2RlIjoiQkxBWk9SIiwidHlwZSI6InRyaWFsIiwiZXhwaXJhdGlvbiI6MTc4MjQ0NDQ0NywidXNlcklkIjoiMzQ0Y2E2NzktMjYwYS00NTQxLWI5YTctY2FmZTg1MzdlZDFmIiwibGljZW5zZUlkIjoiZGUwYWIyMWUtNGE3Ni00NmQ1LWIxZDgtYTg2MGZjOGExMDhhIn0.zRRYGeaQHW_-AN5jMEypWMNjOlATOXZHpV5AHN3NlbngssoYs7K9y_qOaxXPcylCIl3h5K6r9iwFKWe9xaIU0G-MXBTvRZpfbkiZtrYp4puaC1ONeHElHT_DqQnoqIb93UpJOBwO4SFWFzoHgPYcY7w8xTV82tVxIgXFRxwPyfGNrV7rD2oGDM3cvIFGOQT4i5dO67MzBDduG-4R9bofmMXKaj0qv69aM44f6A8t2DOPWIgTIqNcjp69XT-RM9i1zLy3sNEvrb9nntBRNqqXoj2OZtPiSjDFA6s-WWJkTpLuvZHieCL2T3LY_H0WNG2LHsYc2l4FPDttY99f0L27IA
        Licenses
          - License OK for "Telerik UI for Blazor" (BLAZOR) 14.0.0.0 @2026-05-20 - Trial, valid until 2026-06-26.
          - License OK for "Telerik Document Processing Libraries" (DPL) 2026.2.519.20 @2026-05-19 - Trial for BLAZOR, valid until 2026-06-26.

[2026-05-29 02:05:28.967] [Low] OutputType: Exe, ImportXamlTargets: False
[2026-05-29 02:05:28.978] [Low] LicenseEvidence CodeGen: Up to date!
[2026-05-29 02:05:28.989] [Low] 
      Call-Home Telerik Products (2 for net10.0)
      - "Telerik UI for Blazor" (BLAZOR) 14.0.0
      - "DPL" (DPL) 2026.2.519

[2026-05-29 02:05:28.989] [Low] 
[2026-05-29 02:05:28.990] [Low] 
      Call-Home Telerik Features (0 for net10.0)

[2026-05-29 02:05:28.990] [Low] 
[2026-05-29 02:05:29.023] [Low]   Report Telerik.Licensing
        UserId: 344ca679-260a-4541-b9a7-cafe8537ed1f
        LicenseId: de0ab21e-4a76-46d5-b1d8-a860fc8a108a
        Products
        - LicenseUsed BLAZOR 14.0.0.0 SKIPPED
        - LicenseUsed DPL 2026.2.519.20 SKIPPED
      Report finished in 00:00:00.0314320

[2026-05-29 02:05:29.024] [Low]   Sending Telemetry...
[2026-05-29 02:05:29.043] [Low]   Metrics done 00:00:00.0192695
[2026-05-29 02:05:29.044] [Normal] Resolve Telerik Products. Done (00:00:00.2104385) for net10.0
[2026-05-29 02:05:34.817] [Normal] Resolve Telerik Products.
  MSBuildProjectName=TelerikGrid
  MSBuildProjectDirectory=D:\Code\Blazor\TelerikGrid\TelerikGrid
  MSBuildProjectExtension=.csproj
  Language=C#
  OutputPath=bin\Debug\net10.0\
  Platform=AnyCPU
  TargetFramework=net10.0
  TargetFrameworks=
  TargetFrameworkVersion=v10.0
  VisualStudioVersion=18.0
  UsingMicrosoftNETSdk=true
  UsingMicrosoftNETSdkRazor=true
  UsingMicrosoftNETSdkWeb=true
  ImportXamlTargets=False
  OutputType=Exe
  UseMaui=
  NuGetPackageRoot=C:\Users\tddkhanh\.nuget\packages\

  PackageReferences
  - Telerik.UI.for.Blazor 14.0.0
  - Microsoft.AspNetCore.App.Internal.Assets 10.0.8
  ReferencePaths
  - Microsoft.AspNetCore.Antiforgery.dll 10.0.8 at C:\Program Files\dotnet\packs\Microsoft.AspNetCore.App.Ref\10.0.8\ref\net10.0\Microsoft.AspNetCore.Antiforgery.dll
  - Microsoft.AspNetCore.Authentication.Abstractions.dll 10.0.8 at C:\Program Files\dotnet\packs\Microsoft.AspNetCore.App.Ref\10.0.8\ref\net10.0\Microsoft.AspNetCore.Authentication.Abstractions.dll
  - Microsoft.AspNetCore.Authentication.BearerToken.dll 10.0.8 at C:\Program Files\dotnet\packs\Microsoft.AspNetCore.App.Ref\10.0.8\ref\net10.0\Microsoft.AspNetCore.Authentication.BearerToken.dll
  - Microsoft.AspNetCore.Authentication.Cookies.dll 10.0.8 at C:\Program Files\dotnet\packs\Microsoft.AspNetCore.App.Ref\10.0.8\ref\net10.0\Microsoft.AspNetCore.Authentication.Cookies.dll
  - Microsoft.AspNetCore.Authentication.Core.dll 10.0.8 at C:\Program Files\dotnet\packs\Microsoft.AspNetCore.App.Ref\10.0.8\ref\net10.0\Microsoft.AspNetCore.Authentication.Core.dll
  - Microsoft.AspNetCore.Authentication.dll 10.0.8 at C:\Program Files\dotnet\packs\Microsoft.AspNetCore.App.Ref\10.0.8\ref\net10.0\Microsoft.AspNetCore.Authentication.dll
  - Microsoft.AspNetCore.Authentication.OAuth.dll 10.0.8 at C:\Program Files\dotnet\packs\Microsoft.AspNetCore.App.Ref\10.0.8\ref\net10.0\Microsoft.AspNetCore.Authentication.OAuth.dll
  - Microsoft.AspNetCore.Authorization.dll 10.0.8 at C:\Program Files\dotnet\packs\Microsoft.AspNetCore.App.Ref\10.0.8\ref\net10.0\Microsoft.AspNetCore.Authorization.dll
  - Microsoft.AspNetCore.Authorization.Policy.dll 10.0.8 at C:\Program Files\dotnet\packs\Microsoft.AspNetCore.App.Ref\10.0.8\ref\net10.0\Microsoft.AspNetCore.Authorization.Policy.dll
  - Microsoft.AspNetCore.Components.Authorization.dll 10.0.8 at C:\Program Files\dotnet\packs\Microsoft.AspNetCore.App.Ref\10.0.8\ref\net10.0\Microsoft.AspNetCore.Components.Authorization.dll
  - Microsoft.AspNetCore.Components.dll 10.0.8 at C:\Program Files\dotnet\packs\Microsoft.AspNetCore.App.Ref\10.0.8\ref\net10.0\Microsoft.AspNetCore.Components.dll
  - Microsoft.AspNetCore.Components.Endpoints.dll 10.0.8 at C:\Program Files\dotnet\packs\Microsoft.AspNetCore.App.Ref\10.0.8\ref\net10.0\Microsoft.AspNetCore.Components.Endpoints.dll
  - Microsoft.AspNetCore.Components.Forms.dll 10.0.8 at C:\Program Files\dotnet\packs\Microsoft.AspNetCore.App.Ref\10.0.8\ref\net10.0\Microsoft.AspNetCore.Components.Forms.dll
  - Microsoft.AspNetCore.Components.Server.dll 10.0.8 at C:\Program Files\dotnet\packs\Microsoft.AspNetCore.App.Ref\10.0.8\ref\net10.0\Microsoft.AspNetCore.Components.Server.dll
  - Microsoft.AspNetCore.Components.Web.dll 10.0.8 at C:\Program Files\dotnet\packs\Microsoft.AspNetCore.App.Ref\10.0.8\ref\net10.0\Microsoft.AspNetCore.Components.Web.dll
  - Microsoft.AspNetCore.Connections.Abstractions.dll 10.0.8 at C:\Program Files\dotnet\packs\Microsoft.AspNetCore.App.Ref\10.0.8\ref\net10.0\Microsoft.AspNetCore.Connections.Abstractions.dll
  - Microsoft.AspNetCore.CookiePolicy.dll 10.0.8 at C:\Program Files\dotnet\packs\Microsoft.AspNetCore.App.Ref\10.0.8\ref\net10.0\Microsoft.AspNetCore.CookiePolicy.dll
  - Microsoft.AspNetCore.Cors.dll 10.0.8 at C:\Program Files\dotnet\packs\Microsoft.AspNetCore.App.Ref\10.0.8\ref\net10.0\Microsoft.AspNetCore.Cors.dll
  - Microsoft.AspNetCore.Cryptography.Internal.dll 10.0.8 at C:\Program Files\dotnet\packs\Microsoft.AspNetCore.App.Ref\10.0.8\ref\net10.0\Microsoft.AspNetCore.Cryptography.Internal.dll
  - Microsoft.AspNetCore.Cryptography.KeyDerivation.dll 10.0.8 at C:\Program Files\dotnet\packs\Microsoft.AspNetCore.App.Ref\10.0.8\ref\net10.0\Microsoft.AspNetCore.Cryptography.KeyDerivation.dll
  - Microsoft.AspNetCore.DataProtection.Abstractions.dll 10.0.8 at C:\Program Files\dotnet\packs\Microsoft.AspNetCore.App.Ref\10.0.8\ref\net10.0\Microsoft.AspNetCore.DataProtection.Abstractions.dll
  - Microsoft.AspNetCore.DataProtection.dll 10.0.8 at C:\Program Files\dotnet\packs\Microsoft.AspNetCore.App.Ref\10.0.8\ref\net10.0\Microsoft.AspNetCore.DataProtection.dll
  - Microsoft.AspNetCore.DataProtection.Extensions.dll 10.0.8 at C:\Program Files\dotnet\packs\Microsoft.AspNetCore.App.Ref\10.0.8\ref\net10.0\Microsoft.AspNetCore.DataProtection.Extensions.dll
  - Microsoft.AspNetCore.Diagnostics.Abstractions.dll 10.0.8 at C:\Program Files\dotnet\packs\Microsoft.AspNetCore.App.Ref\10.0.8\ref\net10.0\Microsoft.AspNetCore.Diagnostics.Abstractions.dll
  - Microsoft.AspNetCore.Diagnostics.dll 10.0.8 at C:\Program Files\dotnet\packs\Microsoft.AspNetCore.App.Ref\10.0.8\ref\net10.0\Microsoft.AspNetCore.Diagnostics.dll
  - Microsoft.AspNetCore.Diagnostics.HealthChecks.dll 10.0.8 at C:\Program Files\dotnet\packs\Microsoft.AspNetCore.App.Ref\10.0.8\ref\net10.0\Microsoft.AspNetCore.Diagnostics.HealthChecks.dll
  - Microsoft.AspNetCore.dll 10.0.8 at C:\Program Files\dotnet\packs\Microsoft.AspNetCore.App.Ref\10.0.8\ref\net10.0\Microsoft.AspNetCore.dll
  - Microsoft.AspNetCore.HostFiltering.dll 10.0.8 at C:\Program Files\dotnet\packs\Microsoft.AspNetCore.App.Ref\10.0.8\ref\net10.0\Microsoft.AspNetCore.HostFiltering.dll
  - Microsoft.AspNetCore.Hosting.Abstractions.dll 10.0.8 at C:\Program Files\dotnet\packs\Microsoft.AspNetCore.App.Ref\10.0.8\ref\net10.0\Microsoft.AspNetCore.Hosting.Abstractions.dll
  - Microsoft.AspNetCore.Hosting.dll 10.0.8 at C:\Program Files\dotnet\packs\Microsoft.AspNetCore.App.Ref\10.0.8\ref\net10.0\Microsoft.AspNetCore.Hosting.dll
  - Microsoft.AspNetCore.Hosting.Server.Abstractions.dll 10.0.8 at C:\Program Files\dotnet\packs\Microsoft.AspNetCore.App.Ref\10.0.8\ref\net10.0\Microsoft.AspNetCore.Hosting.Server.Abstractions.dll
  - Microsoft.AspNetCore.Html.Abstractions.dll 10.0.8 at C:\Program Files\dotnet\packs\Microsoft.AspNetCore.App.Ref\10.0.8\ref\net10.0\Microsoft.AspNetCore.Html.Abstractions.dll
  - Microsoft.AspNetCore.Http.Abstractions.dll 10.0.8 at C:\Program Files\dotnet\packs\Microsoft.AspNetCore.App.Ref\10.0.8\ref\net10.0\Microsoft.AspNetCore.Http.Abstractions.dll
  - Microsoft.AspNetCore.Http.Connections.Common.dll 10.0.8 at C:\Program Files\dotnet\packs\Microsoft.AspNetCore.App.Ref\10.0.8\ref\net10.0\Microsoft.AspNetCore.Http.Connections.Common.dll
  - Microsoft.AspNetCore.Http.Connections.dll 10.0.8 at C:\Program Files\dotnet\packs\Microsoft.AspNetCore.App.Ref\10.0.8\ref\net10.0\Microsoft.AspNetCore.Http.Connections.dll
  - Microsoft.AspNetCore.Http.dll 10.0.8 at C:\Program Files\dotnet\packs\Microsoft.AspNetCore.App.Ref\10.0.8\ref\net10.0\Microsoft.AspNetCore.Http.dll
  - Microsoft.AspNetCore.Http.Extensions.dll 10.0.8 at C:\Program Files\dotnet\packs\Microsoft.AspNetCore.App.Ref\10.0.8\ref\net10.0\Microsoft.AspNetCore.Http.Extensions.dll
  - Microsoft.AspNetCore.Http.Features.dll 10.0.8 at C:\Program Files\dotnet\packs\Microsoft.AspNetCore.App.Ref\10.0.8\ref\net10.0\Microsoft.AspNetCore.Http.Features.dll
  - Microsoft.AspNetCore.Http.Results.dll 10.0.8 at C:\Program Files\dotnet\packs\Microsoft.AspNetCore.App.Ref\10.0.8\ref\net10.0\Microsoft.AspNetCore.Http.Results.dll
  - Microsoft.AspNetCore.HttpLogging.dll 10.0.8 at C:\Program Files\dotnet\packs\Microsoft.AspNetCore.App.Ref\10.0.8\ref\net10.0\Microsoft.AspNetCore.HttpLogging.dll
  - Microsoft.AspNetCore.HttpOverrides.dll 10.0.8 at C:\Program Files\dotnet\packs\Microsoft.AspNetCore.App.Ref\10.0.8\ref\net10.0\Microsoft.AspNetCore.HttpOverrides.dll
  - Microsoft.AspNetCore.HttpsPolicy.dll 10.0.8 at C:\Program Files\dotnet\packs\Microsoft.AspNetCore.App.Ref\10.0.8\ref\net10.0\Microsoft.AspNetCore.HttpsPolicy.dll
  - Microsoft.AspNetCore.Identity.dll 10.0.8 at C:\Program Files\dotnet\packs\Microsoft.AspNetCore.App.Ref\10.0.8\ref\net10.0\Microsoft.AspNetCore.Identity.dll
  - Microsoft.AspNetCore.Localization.dll 10.0.8 at C:\Program Files\dotnet\packs\Microsoft.AspNetCore.App.Ref\10.0.8\ref\net10.0\Microsoft.AspNetCore.Localization.dll
  - Microsoft.AspNetCore.Localization.Routing.dll 10.0.8 at C:\Program Files\dotnet\packs\Microsoft.AspNetCore.App.Ref\10.0.8\ref\net10.0\Microsoft.AspNetCore.Localization.Routing.dll
  - Microsoft.AspNetCore.Metadata.dll 10.0.8 at C:\Program Files\dotnet\packs\Microsoft.AspNetCore.App.Ref\10.0.8\ref\net10.0\Microsoft.AspNetCore.Metadata.dll
  - Microsoft.AspNetCore.Mvc.Abstractions.dll 10.0.8 at C:\Program Files\dotnet\packs\Microsoft.AspNetCore.App.Ref\10.0.8\ref\net10.0\Microsoft.AspNetCore.Mvc.Abstractions.dll
  - Microsoft.AspNetCore.Mvc.ApiExplorer.dll 10.0.8 at C:\Program Files\dotnet\packs\Microsoft.AspNetCore.App.Ref\10.0.8\ref\net10.0\Microsoft.AspNetCore.Mvc.ApiExplorer.dll
  - Microsoft.AspNetCore.Mvc.Core.dll 10.0.8 at C:\Program Files\dotnet\packs\Microsoft.AspNetCore.App.Ref\10.0.8\ref\net10.0\Microsoft.AspNetCore.Mvc.Core.dll
  - Microsoft.AspNetCore.Mvc.Cors.dll 10.0.8 at C:\Program Files\dotnet\packs\Microsoft.AspNetCore.App.Ref\10.0.8\ref\net10.0\Microsoft.AspNetCore.Mvc.Cors.dll
  - Microsoft.AspNetCore.Mvc.DataAnnotations.dll 10.0.8 at C:\Program Files\dotnet\packs\Microsoft.AspNetCore.App.Ref\10.0.8\ref\net10.0\Microsoft.AspNetCore.Mvc.DataAnnotations.dll
  - Microsoft.AspNetCore.Mvc.dll 10.0.8 at C:\Program Files\dotnet\packs\Microsoft.AspNetCore.App.Ref\10.0.8\ref\net10.0\Microsoft.AspNetCore.Mvc.dll
  - Microsoft.AspNetCore.Mvc.Formatters.Json.dll 10.0.8 at C:\Program Files\dotnet\packs\Microsoft.AspNetCore.App.Ref\10.0.8\ref\net10.0\Microsoft.AspNetCore.Mvc.Formatters.Json.dll
  - Microsoft.AspNetCore.Mvc.Formatters.Xml.dll 10.0.8 at C:\Program Files\dotnet\packs\Microsoft.AspNetCore.App.Ref\10.0.8\ref\net10.0\Microsoft.AspNetCore.Mvc.Formatters.Xml.dll
  - Microsoft.AspNetCore.Mvc.Localization.dll 10.0.8 at C:\Program Files\dotnet\packs\Microsoft.AspNetCore.App.Ref\10.0.8\ref\net10.0\Microsoft.AspNetCore.Mvc.Localization.dll
  - Microsoft.AspNetCore.Mvc.Razor.dll 10.0.8 at C:\Program Files\dotnet\packs\Microsoft.AspNetCore.App.Ref\10.0.8\ref\net10.0\Microsoft.AspNetCore.Mvc.Razor.dll
  - Microsoft.AspNetCore.Mvc.RazorPages.dll 10.0.8 at C:\Program Files\dotnet\packs\Microsoft.AspNetCore.App.Ref\10.0.8\ref\net10.0\Microsoft.AspNetCore.Mvc.RazorPages.dll
  - Microsoft.AspNetCore.Mvc.TagHelpers.dll 10.0.8 at C:\Program Files\dotnet\packs\Microsoft.AspNetCore.App.Ref\10.0.8\ref\net10.0\Microsoft.AspNetCore.Mvc.TagHelpers.dll
  - Microsoft.AspNetCore.Mvc.ViewFeatures.dll 10.0.8 at C:\Program Files\dotnet\packs\Microsoft.AspNetCore.App.Ref\10.0.8\ref\net10.0\Microsoft.AspNetCore.Mvc.ViewFeatures.dll
  - Microsoft.AspNetCore.OutputCaching.dll 10.0.8 at C:\Program Files\dotnet\packs\Microsoft.AspNetCore.App.Ref\10.0.8\ref\net10.0\Microsoft.AspNetCore.OutputCaching.dll
  - Microsoft.AspNetCore.RateLimiting.dll 10.0.8 at C:\Program Files\dotnet\packs\Microsoft.AspNetCore.App.Ref\10.0.8\ref\net10.0\Microsoft.AspNetCore.RateLimiting.dll
  - Microsoft.AspNetCore.Razor.dll 10.0.8 at C:\Program Files\dotnet\packs\Microsoft.AspNetCore.App.Ref\10.0.8\ref\net10.0\Microsoft.AspNetCore.Razor.dll
  - Microsoft.AspNetCore.Razor.Runtime.dll 10.0.8 at C:\Program Files\dotnet\packs\Microsoft.AspNetCore.App.Ref\10.0.8\ref\net10.0\Microsoft.AspNetCore.Razor.Runtime.dll
  - Microsoft.AspNetCore.RequestDecompression.dll 10.0.8 at C:\Program Files\dotnet\packs\Microsoft.AspNetCore.App.Ref\10.0.8\ref\net10.0\Microsoft.AspNetCore.RequestDecompression.dll
  - Microsoft.AspNetCore.ResponseCaching.Abstractions.dll 10.0.8 at C:\Program Files\dotnet\packs\Microsoft.AspNetCore.App.Ref\10.0.8\ref\net10.0\Microsoft.AspNetCore.ResponseCaching.Abstractions.dll
  - Microsoft.AspNetCore.ResponseCaching.dll 10.0.8 at C:\Program Files\dotnet\packs\Microsoft.AspNetCore.App.Ref\10.0.8\ref\net10.0\Microsoft.AspNetCore.ResponseCaching.dll
  - Microsoft.AspNetCore.ResponseCompression.dll 10.0.8 at C:\Program Files\dotnet\packs\Microsoft.AspNetCore.App.Ref\10.0.8\ref\net10.0\Microsoft.AspNetCore.ResponseCompression.dll
  - Microsoft.AspNetCore.Rewrite.dll 10.0.8 at C:\Program Files\dotnet\packs\Microsoft.AspNetCore.App.Ref\10.0.8\ref\net10.0\Microsoft.AspNetCore.Rewrite.dll
  - Microsoft.AspNetCore.Routing.Abstractions.dll 10.0.8 at C:\Program Files\dotnet\packs\Microsoft.AspNetCore.App.Ref\10.0.8\ref\net10.0\Microsoft.AspNetCore.Routing.Abstractions.dll
  - Microsoft.AspNetCore.Routing.dll 10.0.8 at C:\Program Files\dotnet\packs\Microsoft.AspNetCore.App.Ref\10.0.8\ref\net10.0\Microsoft.AspNetCore.Routing.dll
  - Microsoft.AspNetCore.Server.HttpSys.dll 10.0.8 at C:\Program Files\dotnet\packs\Microsoft.AspNetCore.App.Ref\10.0.8\ref\net10.0\Microsoft.AspNetCore.Server.HttpSys.dll
  - Microsoft.AspNetCore.Server.IIS.dll 10.0.8 at C:\Program Files\dotnet\packs\Microsoft.AspNetCore.App.Ref\10.0.8\ref\net10.0\Microsoft.AspNetCore.Server.IIS.dll
  - Microsoft.AspNetCore.Server.IISIntegration.dll 10.0.8 at C:\Program Files\dotnet\packs\Microsoft.AspNetCore.App.Ref\10.0.8\ref\net10.0\Microsoft.AspNetCore.Server.IISIntegration.dll
  - Microsoft.AspNetCore.Server.Kestrel.Core.dll 10.0.8 at C:\Program Files\dotnet\packs\Microsoft.AspNetCore.App.Ref\10.0.8\ref\net10.0\Microsoft.AspNetCore.Server.Kestrel.Core.dll
  - Microsoft.AspNetCore.Server.Kestrel.dll 10.0.8 at C:\Program Files\dotnet\packs\Microsoft.AspNetCore.App.Ref\10.0.8\ref\net10.0\Microsoft.AspNetCore.Server.Kestrel.dll
  - Microsoft.AspNetCore.Server.Kestrel.Transport.NamedPipes.dll 10.0.8 at C:\Program Files\dotnet\packs\Microsoft.AspNetCore.App.Ref\10.0.8\ref\net10.0\Microsoft.AspNetCore.Server.Kestrel.Transport.NamedPipes.dll
  - Microsoft.AspNetCore.Server.Kestrel.Transport.Quic.dll 10.0.8 at C:\Program Files\dotnet\packs\Microsoft.AspNetCore.App.Ref\10.0.8\ref\net10.0\Microsoft.AspNetCore.Server.Kestrel.Transport.Quic.dll
  - Microsoft.AspNetCore.Server.Kestrel.Transport.Sockets.dll 10.0.8 at C:\Program Files\dotnet\packs\Microsoft.AspNetCore.App.Ref\10.0.8\ref\net10.0\Microsoft.AspNetCore.Server.Kestrel.Transport.Sockets.dll
  - Microsoft.AspNetCore.Session.dll 10.0.8 at C:\Program Files\dotnet\packs\Microsoft.AspNetCore.App.Ref\10.0.8\ref\net10.0\Microsoft.AspNetCore.Session.dll
  - Microsoft.AspNetCore.SignalR.Common.dll 10.0.8 at C:\Program Files\dotnet\packs\Microsoft.AspNetCore.App.Ref\10.0.8\ref\net10.0\Microsoft.AspNetCore.SignalR.Common.dll
  - Microsoft.AspNetCore.SignalR.Core.dll 10.0.8 at C:\Program Files\dotnet\packs\Microsoft.AspNetCore.App.Ref\10.0.8\ref\net10.0\Microsoft.AspNetCore.SignalR.Core.dll
  - Microsoft.AspNetCore.SignalR.dll 10.0.8 at C:\Program Files\dotnet\packs\Microsoft.AspNetCore.App.Ref\10.0.8\ref\net10.0\Microsoft.AspNetCore.SignalR.dll
  - Microsoft.AspNetCore.SignalR.Protocols.Json.dll 10.0.8 at C:\Program Files\dotnet\packs\Microsoft.AspNetCore.App.Ref\10.0.8\ref\net10.0\Microsoft.AspNetCore.SignalR.Protocols.Json.dll
  - Microsoft.AspNetCore.StaticAssets.dll 10.0.8 at C:\Program Files\dotnet\packs\Microsoft.AspNetCore.App.Ref\10.0.8\ref\net10.0\Microsoft.AspNetCore.StaticAssets.dll
  - Microsoft.AspNetCore.StaticFiles.dll 10.0.8 at C:\Program Files\dotnet\packs\Microsoft.AspNetCore.App.Ref\10.0.8\ref\net10.0\Microsoft.AspNetCore.StaticFiles.dll
  - Microsoft.AspNetCore.WebSockets.dll 10.0.8 at C:\Program Files\dotnet\packs\Microsoft.AspNetCore.App.Ref\10.0.8\ref\net10.0\Microsoft.AspNetCore.WebSockets.dll
  - Microsoft.AspNetCore.WebUtilities.dll 10.0.8 at C:\Program Files\dotnet\packs\Microsoft.AspNetCore.App.Ref\10.0.8\ref\net10.0\Microsoft.AspNetCore.WebUtilities.dll
  - Microsoft.CSharp.dll 10.0.8 at C:\Program Files\dotnet\packs\Microsoft.NETCore.App.Ref\10.0.8\ref\net10.0\Microsoft.CSharp.dll
  - Microsoft.Extensions.AI.Abstractions.dll 10.4.0 at C:\Users\tddkhanh\.nuget\packages\microsoft.extensions.ai.abstractions\10.4.0\lib\net10.0\Microsoft.Extensions.AI.Abstractions.dll
  - Microsoft.Extensions.AI.dll 10.4.0 at C:\Users\tddkhanh\.nuget\packages\microsoft.extensions.ai\10.4.0\lib\net10.0\Microsoft.Extensions.AI.dll
  - Microsoft.Extensions.Caching.Abstractions.dll 10.0.8 at C:\Program Files\dotnet\packs\Microsoft.AspNetCore.App.Ref\10.0.8\ref\net10.0\Microsoft.Extensions.Caching.Abstractions.dll
  - Microsoft.Extensions.Caching.Memory.dll 10.0.8 at C:\Program Files\dotnet\packs\Microsoft.AspNetCore.App.Ref\10.0.8\ref\net10.0\Microsoft.Extensions.Caching.Memory.dll
  - Microsoft.Extensions.Configuration.Abstractions.dll 10.0.8 at C:\Program Files\dotnet\packs\Microsoft.AspNetCore.App.Ref\10.0.8\ref\net10.0\Microsoft.Extensions.Configuration.Abstractions.dll
  - Microsoft.Extensions.Configuration.Binder.dll 10.0.8 at C:\Program Files\dotnet\packs\Microsoft.AspNetCore.App.Ref\10.0.8\ref\net10.0\Microsoft.Extensions.Configuration.Binder.dll
  - Microsoft.Extensions.Configuration.CommandLine.dll 10.0.8 at C:\Program Files\dotnet\packs\Microsoft.AspNetCore.App.Ref\10.0.8\ref\net10.0\Microsoft.Extensions.Configuration.CommandLine.dll
  - Microsoft.Extensions.Configuration.dll 10.0.8 at C:\Program Files\dotnet\packs\Microsoft.AspNetCore.App.Ref\10.0.8\ref\net10.0\Microsoft.Extensions.Configuration.dll
  - Microsoft.Extensions.Configuration.EnvironmentVariables.dll 10.0.8 at C:\Program Files\dotnet\packs\Microsoft.AspNetCore.App.Ref\10.0.8\ref\net10.0\Microsoft.Extensions.Configuration.EnvironmentVariables.dll
  - Microsoft.Extensions.Configuration.FileExtensions.dll 10.0.8 at C:\Program Files\dotnet\packs\Microsoft.AspNetCore.App.Ref\10.0.8\ref\net10.0\Microsoft.Extensions.Configuration.FileExtensions.dll
  - Microsoft.Extensions.Configuration.Ini.dll 10.0.8 at C:\Program Files\dotnet\packs\Microsoft.AspNetCore.App.Ref\10.0.8\ref\net10.0\Microsoft.Extensions.Configuration.Ini.dll
  - Microsoft.Extensions.Configuration.Json.dll 10.0.8 at C:\Program Files\dotnet\packs\Microsoft.AspNetCore.App.Ref\10.0.8\ref\net10.0\Microsoft.Extensions.Configuration.Json.dll
  - Microsoft.Extensions.Configuration.KeyPerFile.dll 10.0.8 at C:\Program Files\dotnet\packs\Microsoft.AspNetCore.App.Ref\10.0.8\ref\net10.0\Microsoft.Extensions.Configuration.KeyPerFile.dll
  - Microsoft.Extensions.Configuration.UserSecrets.dll 10.0.8 at C:\Program Files\dotnet\packs\Microsoft.AspNetCore.App.Ref\10.0.8\ref\net10.0\Microsoft.Extensions.Configuration.UserSecrets.dll
  - Microsoft.Extensions.Configuration.Xml.dll 10.0.8 at C:\Program Files\dotnet\packs\Microsoft.AspNetCore.App.Ref\10.0.8\ref\net10.0\Microsoft.Extensions.Configuration.Xml.dll
  - Microsoft.Extensions.DependencyInjection.Abstractions.dll 10.0.8 at C:\Program Files\dotnet\packs\Microsoft.AspNetCore.App.Ref\10.0.8\ref\net10.0\Microsoft.Extensions.DependencyInjection.Abstractions.dll
  - Microsoft.Extensions.DependencyInjection.dll 10.0.8 at C:\Program Files\dotnet\packs\Microsoft.AspNetCore.App.Ref\10.0.8\ref\net10.0\Microsoft.Extensions.DependencyInjection.dll
  - Microsoft.Extensions.Diagnostics.Abstractions.dll 10.0.8 at C:\Program Files\dotnet\packs\Microsoft.AspNetCore.App.Ref\10.0.8\ref\net10.0\Microsoft.Extensions.Diagnostics.Abstractions.dll
  - Microsoft.Extensions.Diagnostics.dll 10.0.8 at C:\Program Files\dotnet\packs\Microsoft.AspNetCore.App.Ref\10.0.8\ref\net10.0\Microsoft.Extensions.Diagnostics.dll
  - Microsoft.Extensions.Diagnostics.HealthChecks.Abstractions.dll 10.0.8 at C:\Program Files\dotnet\packs\Microsoft.AspNetCore.App.Ref\10.0.8\ref\net10.0\Microsoft.Extensions.Diagnostics.HealthChecks.Abstractions.dll
  - Microsoft.Extensions.Diagnostics.HealthChecks.dll 10.0.8 at C:\Program Files\dotnet\packs\Microsoft.AspNetCore.App.Ref\10.0.8\ref\net10.0\Microsoft.Extensions.Diagnostics.HealthChecks.dll
  - Microsoft.Extensions.Features.dll 10.0.8 at C:\Program Files\dotnet\packs\Microsoft.AspNetCore.App.Ref\10.0.8\ref\net10.0\Microsoft.Extensions.Features.dll
  - Microsoft.Extensions.FileProviders.Abstractions.dll 10.0.8 at C:\Program Files\dotnet\packs\Microsoft.AspNetCore.App.Ref\10.0.8\ref\net10.0\Microsoft.Extensions.FileProviders.Abstractions.dll
  - Microsoft.Extensions.FileProviders.Composite.dll 10.0.8 at C:\Program Files\dotnet\packs\Microsoft.AspNetCore.App.Ref\10.0.8\ref\net10.0\Microsoft.Extensions.FileProviders.Composite.dll
  - Microsoft.Extensions.FileProviders.Embedded.dll 10.0.8 at C:\Program Files\dotnet\packs\Microsoft.AspNetCore.App.Ref\10.0.8\ref\net10.0\Microsoft.Extensions.FileProviders.Embedded.dll
  - Microsoft.Extensions.FileProviders.Physical.dll 10.0.8 at C:\Program Files\dotnet\packs\Microsoft.AspNetCore.App.Ref\10.0.8\ref\net10.0\Microsoft.Extensions.FileProviders.Physical.dll
  - Microsoft.Extensions.FileSystemGlobbing.dll 10.0.8 at C:\Program Files\dotnet\packs\Microsoft.AspNetCore.App.Ref\10.0.8\ref\net10.0\Microsoft.Extensions.FileSystemGlobbing.dll
  - Microsoft.Extensions.Hosting.Abstractions.dll 10.0.8 at C:\Program Files\dotnet\packs\Microsoft.AspNetCore.App.Ref\10.0.8\ref\net10.0\Microsoft.Extensions.Hosting.Abstractions.dll
  - Microsoft.Extensions.Hosting.dll 10.0.8 at C:\Program Files\dotnet\packs\Microsoft.AspNetCore.App.Ref\10.0.8\ref\net10.0\Microsoft.Extensions.Hosting.dll
  - Microsoft.Extensions.Http.dll 10.0.8 at C:\Program Files\dotnet\packs\Microsoft.AspNetCore.App.Ref\10.0.8\ref\net10.0\Microsoft.Extensions.Http.dll
  - Microsoft.Extensions.Identity.Core.dll 10.0.8 at C:\Program Files\dotnet\packs\Microsoft.AspNetCore.App.Ref\10.0.8\ref\net10.0\Microsoft.Extensions.Identity.Core.dll
  - Microsoft.Extensions.Identity.Stores.dll 10.0.8 at C:\Program Files\dotnet\packs\Microsoft.AspNetCore.App.Ref\10.0.8\ref\net10.0\Microsoft.Extensions.Identity.Stores.dll
  - Microsoft.Extensions.Localization.Abstractions.dll 10.0.8 at C:\Program Files\dotnet\packs\Microsoft.AspNetCore.App.Ref\10.0.8\ref\net10.0\Microsoft.Extensions.Localization.Abstractions.dll
  - Microsoft.Extensions.Localization.dll 10.0.8 at C:\Program Files\dotnet\packs\Microsoft.AspNetCore.App.Ref\10.0.8\ref\net10.0\Microsoft.Extensions.Localization.dll
  - Microsoft.Extensions.Logging.Abstractions.dll 10.0.8 at C:\Program Files\dotnet\packs\Microsoft.AspNetCore.App.Ref\10.0.8\ref\net10.0\Microsoft.Extensions.Logging.Abstractions.dll
  - Microsoft.Extensions.Logging.Configuration.dll 10.0.8 at C:\Program Files\dotnet\packs\Microsoft.AspNetCore.App.Ref\10.0.8\ref\net10.0\Microsoft.Extensions.Logging.Configuration.dll
  - Microsoft.Extensions.Logging.Console.dll 10.0.8 at C:\Program Files\dotnet\packs\Microsoft.AspNetCore.App.Ref\10.0.8\ref\net10.0\Microsoft.Extensions.Logging.Console.dll
  - Microsoft.Extensions.Logging.Debug.dll 10.0.8 at C:\Program Files\dotnet\packs\Microsoft.AspNetCore.App.Ref\10.0.8\ref\net10.0\Microsoft.Extensions.Logging.Debug.dll
  - Microsoft.Extensions.Logging.dll 10.0.8 at C:\Program Files\dotnet\packs\Microsoft.AspNetCore.App.Ref\10.0.8\ref\net10.0\Microsoft.Extensions.Logging.dll
  - Microsoft.Extensions.Logging.EventLog.dll 10.0.8 at C:\Program Files\dotnet\packs\Microsoft.AspNetCore.App.Ref\10.0.8\ref\net10.0\Microsoft.Extensions.Logging.EventLog.dll
  - Microsoft.Extensions.Logging.EventSource.dll 10.0.8 at C:\Program Files\dotnet\packs\Microsoft.AspNetCore.App.Ref\10.0.8\ref\net10.0\Microsoft.Extensions.Logging.EventSource.dll
  - Microsoft.Extensions.Logging.TraceSource.dll 10.0.8 at C:\Program Files\dotnet\packs\Microsoft.AspNetCore.App.Ref\10.0.8\ref\net10.0\Microsoft.Extensions.Logging.TraceSource.dll
  - Microsoft.Extensions.ObjectPool.dll 10.0.8 at C:\Program Files\dotnet\packs\Microsoft.AspNetCore.App.Ref\10.0.8\ref\net10.0\Microsoft.Extensions.ObjectPool.dll
  - Microsoft.Extensions.Options.ConfigurationExtensions.dll 10.0.8 at C:\Program Files\dotnet\packs\Microsoft.AspNetCore.App.Ref\10.0.8\ref\net10.0\Microsoft.Extensions.Options.ConfigurationExtensions.dll
  - Microsoft.Extensions.Options.DataAnnotations.dll 10.0.8 at C:\Program Files\dotnet\packs\Microsoft.AspNetCore.App.Ref\10.0.8\ref\net10.0\Microsoft.Extensions.Options.DataAnnotations.dll
  - Microsoft.Extensions.Options.dll 10.0.8 at C:\Program Files\dotnet\packs\Microsoft.AspNetCore.App.Ref\10.0.8\ref\net10.0\Microsoft.Extensions.Options.dll
  - Microsoft.Extensions.Primitives.dll 10.0.8 at C:\Program Files\dotnet\packs\Microsoft.AspNetCore.App.Ref\10.0.8\ref\net10.0\Microsoft.Extensions.Primitives.dll
  - Microsoft.Extensions.Validation.dll 10.0.8 at C:\Program Files\dotnet\packs\Microsoft.AspNetCore.App.Ref\10.0.8\ref\net10.0\Microsoft.Extensions.Validation.dll
  - Microsoft.Extensions.WebEncoders.dll 10.0.8 at C:\Program Files\dotnet\packs\Microsoft.AspNetCore.App.Ref\10.0.8\ref\net10.0\Microsoft.Extensions.WebEncoders.dll
  - Microsoft.JSInterop.dll 10.0.8 at C:\Program Files\dotnet\packs\Microsoft.AspNetCore.App.Ref\10.0.8\ref\net10.0\Microsoft.JSInterop.dll
  - Microsoft.Net.Http.Headers.dll 10.0.8 at C:\Program Files\dotnet\packs\Microsoft.AspNetCore.App.Ref\10.0.8\ref\net10.0\Microsoft.Net.Http.Headers.dll
  - Microsoft.VisualBasic.Core.dll 10.0.8 at C:\Program Files\dotnet\packs\Microsoft.NETCore.App.Ref\10.0.8\ref\net10.0\Microsoft.VisualBasic.Core.dll
  - Microsoft.VisualBasic.dll 10.0.8 at C:\Program Files\dotnet\packs\Microsoft.NETCore.App.Ref\10.0.8\ref\net10.0\Microsoft.VisualBasic.dll
  - Microsoft.Win32.Primitives.dll 10.0.8 at C:\Program Files\dotnet\packs\Microsoft.NETCore.App.Ref\10.0.8\ref\net10.0\Microsoft.Win32.Primitives.dll
  - Microsoft.Win32.Registry.dll 10.0.8 at C:\Program Files\dotnet\packs\Microsoft.NETCore.App.Ref\10.0.8\ref\net10.0\Microsoft.Win32.Registry.dll
  - mscorlib.dll 10.0.8 at C:\Program Files\dotnet\packs\Microsoft.NETCore.App.Ref\10.0.8\ref\net10.0\mscorlib.dll
  - netstandard.dll 10.0.8 at C:\Program Files\dotnet\packs\Microsoft.NETCore.App.Ref\10.0.8\ref\net10.0\netstandard.dll
  - System.AppContext.dll 10.0.8 at C:\Program Files\dotnet\packs\Microsoft.NETCore.App.Ref\10.0.8\ref\net10.0\System.AppContext.dll
  - System.Buffers.dll 10.0.8 at C:\Program Files\dotnet\packs\Microsoft.NETCore.App.Ref\10.0.8\ref\net10.0\System.Buffers.dll
  - System.Collections.Concurrent.dll 10.0.8 at C:\Program Files\dotnet\packs\Microsoft.NETCore.App.Ref\10.0.8\ref\net10.0\System.Collections.Concurrent.dll
  - System.Collections.dll 10.0.8 at C:\Program Files\dotnet\packs\Microsoft.NETCore.App.Ref\10.0.8\ref\net10.0\System.Collections.dll
  - System.Collections.Immutable.dll 10.0.8 at C:\Program Files\dotnet\packs\Microsoft.NETCore.App.Ref\10.0.8\ref\net10.0\System.Collections.Immutable.dll
  - System.Collections.NonGeneric.dll 10.0.8 at C:\Program Files\dotnet\packs\Microsoft.NETCore.App.Ref\10.0.8\ref\net10.0\System.Collections.NonGeneric.dll
  - System.Collections.Specialized.dll 10.0.8 at C:\Program Files\dotnet\packs\Microsoft.NETCore.App.Ref\10.0.8\ref\net10.0\System.Collections.Specialized.dll
  - System.ComponentModel.Annotations.dll 10.0.8 at C:\Program Files\dotnet\packs\Microsoft.NETCore.App.Ref\10.0.8\ref\net10.0\System.ComponentModel.Annotations.dll
  - System.ComponentModel.DataAnnotations.dll 10.0.8 at C:\Program Files\dotnet\packs\Microsoft.NETCore.App.Ref\10.0.8\ref\net10.0\System.ComponentModel.DataAnnotations.dll
  - System.ComponentModel.dll 10.0.8 at C:\Program Files\dotnet\packs\Microsoft.NETCore.App.Ref\10.0.8\ref\net10.0\System.ComponentModel.dll
  - System.ComponentModel.EventBasedAsync.dll 10.0.8 at C:\Program Files\dotnet\packs\Microsoft.NETCore.App.Ref\10.0.8\ref\net10.0\System.ComponentModel.EventBasedAsync.dll
  - System.ComponentModel.Primitives.dll 10.0.8 at C:\Program Files\dotnet\packs\Microsoft.NETCore.App.Ref\10.0.8\ref\net10.0\System.ComponentModel.Primitives.dll
  - System.ComponentModel.TypeConverter.dll 10.0.8 at C:\Program Files\dotnet\packs\Microsoft.NETCore.App.Ref\10.0.8\ref\net10.0\System.ComponentModel.TypeConverter.dll
  - System.Configuration.dll 10.0.8 at C:\Program Files\dotnet\packs\Microsoft.NETCore.App.Ref\10.0.8\ref\net10.0\System.Configuration.dll
  - System.Console.dll 10.0.8 at C:\Program Files\dotnet\packs\Microsoft.NETCore.App.Ref\10.0.8\ref\net10.0\System.Console.dll
  - System.Core.dll 10.0.8 at C:\Program Files\dotnet\packs\Microsoft.NETCore.App.Ref\10.0.8\ref\net10.0\System.Core.dll
  - System.Data.Common.dll 10.0.8 at C:\Program Files\dotnet\packs\Microsoft.NETCore.App.Ref\10.0.8\ref\net10.0\System.Data.Common.dll
  - System.Data.DataSetExtensions.dll 10.0.8 at C:\Program Files\dotnet\packs\Microsoft.NETCore.App.Ref\10.0.8\ref\net10.0\System.Data.DataSetExtensions.dll
  - System.Data.dll 10.0.8 at C:\Program Files\dotnet\packs\Microsoft.NETCore.App.Ref\10.0.8\ref\net10.0\System.Data.dll
  - System.Diagnostics.Contracts.dll 10.0.8 at C:\Program Files\dotnet\packs\Microsoft.NETCore.App.Ref\10.0.8\ref\net10.0\System.Diagnostics.Contracts.dll
  - System.Diagnostics.Debug.dll 10.0.8 at C:\Program Files\dotnet\packs\Microsoft.NETCore.App.Ref\10.0.8\ref\net10.0\System.Diagnostics.Debug.dll
  - System.Diagnostics.DiagnosticSource.dll 10.0.8 at C:\Program Files\dotnet\packs\Microsoft.NETCore.App.Ref\10.0.8\ref\net10.0\System.Diagnostics.DiagnosticSource.dll
  - System.Diagnostics.EventLog.dll 10.0.8 at C:\Program Files\dotnet\packs\Microsoft.AspNetCore.App.Ref\10.0.8\ref\net10.0\System.Diagnostics.EventLog.dll
  - System.Diagnostics.FileVersionInfo.dll 10.0.8 at C:\Program Files\dotnet\packs\Microsoft.NETCore.App.Ref\10.0.8\ref\net10.0\System.Diagnostics.FileVersionInfo.dll
  - System.Diagnostics.Process.dll 10.0.8 at C:\Program Files\dotnet\packs\Microsoft.NETCore.App.Ref\10.0.8\ref\net10.0\System.Diagnostics.Process.dll
  - System.Diagnostics.StackTrace.dll 10.0.8 at C:\Program Files\dotnet\packs\Microsoft.NETCore.App.Ref\10.0.8\ref\net10.0\System.Diagnostics.StackTrace.dll
  - System.Diagnostics.TextWriterTraceListener.dll 10.0.8 at C:\Program Files\dotnet\packs\Microsoft.NETCore.App.Ref\10.0.8\ref\net10.0\System.Diagnostics.TextWriterTraceListener.dll
  - System.Diagnostics.Tools.dll 10.0.8 at C:\Program Files\dotnet\packs\Microsoft.NETCore.App.Ref\10.0.8\ref\net10.0\System.Diagnostics.Tools.dll
  - System.Diagnostics.TraceSource.dll 10.0.8 at C:\Program Files\dotnet\packs\Microsoft.NETCore.App.Ref\10.0.8\ref\net10.0\System.Diagnostics.TraceSource.dll
  - System.Diagnostics.Tracing.dll 10.0.8 at C:\Program Files\dotnet\packs\Microsoft.NETCore.App.Ref\10.0.8\ref\net10.0\System.Diagnostics.Tracing.dll
  - System.dll 10.0.8 at C:\Program Files\dotnet\packs\Microsoft.NETCore.App.Ref\10.0.8\ref\net10.0\System.dll
  - System.Drawing.dll 10.0.8 at C:\Program Files\dotnet\packs\Microsoft.NETCore.App.Ref\10.0.8\ref\net10.0\System.Drawing.dll
  - System.Drawing.Primitives.dll 10.0.8 at C:\Program Files\dotnet\packs\Microsoft.NETCore.App.Ref\10.0.8\ref\net10.0\System.Drawing.Primitives.dll
  - System.Dynamic.Runtime.dll 10.0.8 at C:\Program Files\dotnet\packs\Microsoft.NETCore.App.Ref\10.0.8\ref\net10.0\System.Dynamic.Runtime.dll
  - System.Formats.Asn1.dll 10.0.8 at C:\Program Files\dotnet\packs\Microsoft.NETCore.App.Ref\10.0.8\ref\net10.0\System.Formats.Asn1.dll
  - System.Formats.Cbor.dll 10.0.8 at C:\Program Files\dotnet\packs\Microsoft.AspNetCore.App.Ref\10.0.8\ref\net10.0\System.Formats.Cbor.dll
  - System.Formats.Tar.dll 10.0.8 at C:\Program Files\dotnet\packs\Microsoft.NETCore.App.Ref\10.0.8\ref\net10.0\System.Formats.Tar.dll
  - System.Globalization.Calendars.dll 10.0.8 at C:\Program Files\dotnet\packs\Microsoft.NETCore.App.Ref\10.0.8\ref\net10.0\System.Globalization.Calendars.dll
  - System.Globalization.dll 10.0.8 at C:\Program Files\dotnet\packs\Microsoft.NETCore.App.Ref\10.0.8\ref\net10.0\System.Globalization.dll
  - System.Globalization.Extensions.dll 10.0.8 at C:\Program Files\dotnet\packs\Microsoft.NETCore.App.Ref\10.0.8\ref\net10.0\System.Globalization.Extensions.dll
  - System.IO.Compression.Brotli.dll 10.0.8 at C:\Program Files\dotnet\packs\Microsoft.NETCore.App.Ref\10.0.8\ref\net10.0\System.IO.Compression.Brotli.dll
  - System.IO.Compression.dll 10.0.8 at C:\Program Files\dotnet\packs\Microsoft.NETCore.App.Ref\10.0.8\ref\net10.0\System.IO.Compression.dll
  - System.IO.Compression.FileSystem.dll 10.0.8 at C:\Program Files\dotnet\packs\Microsoft.NETCore.App.Ref\10.0.8\ref\net10.0\System.IO.Compression.FileSystem.dll
  - System.IO.Compression.ZipFile.dll 10.0.8 at C:\Program Files\dotnet\packs\Microsoft.NETCore.App.Ref\10.0.8\ref\net10.0\System.IO.Compression.ZipFile.dll
  - System.IO.dll 10.0.8 at C:\Program Files\dotnet\packs\Microsoft.NETCore.App.Ref\10.0.8\ref\net10.0\System.IO.dll
  - System.IO.FileSystem.AccessControl.dll 10.0.8 at C:\Program Files\dotnet\packs\Microsoft.NETCore.App.Ref\10.0.8\ref\net10.0\System.IO.FileSystem.AccessControl.dll
  - System.IO.FileSystem.dll 10.0.8 at C:\Program Files\dotnet\packs\Microsoft.NETCore.App.Ref\10.0.8\ref\net10.0\System.IO.FileSystem.dll
  - System.IO.FileSystem.DriveInfo.dll 10.0.8 at C:\Program Files\dotnet\packs\Microsoft.NETCore.App.Ref\10.0.8\ref\net10.0\System.IO.FileSystem.DriveInfo.dll
  - System.IO.FileSystem.Primitives.dll 10.0.8 at C:\Program Files\dotnet\packs\Microsoft.NETCore.App.Ref\10.0.8\ref\net10.0\System.IO.FileSystem.Primitives.dll
  - System.IO.FileSystem.Watcher.dll 10.0.8 at C:\Program Files\dotnet\packs\Microsoft.NETCore.App.Ref\10.0.8\ref\net10.0\System.IO.FileSystem.Watcher.dll
  - System.IO.IsolatedStorage.dll 10.0.8 at C:\Program Files\dotnet\packs\Microsoft.NETCore.App.Ref\10.0.8\ref\net10.0\System.IO.IsolatedStorage.dll
  - System.IO.MemoryMappedFiles.dll 10.0.8 at C:\Program Files\dotnet\packs\Microsoft.NETCore.App.Ref\10.0.8\ref\net10.0\System.IO.MemoryMappedFiles.dll
  - System.IO.Pipelines.dll 10.0.8 at C:\Program Files\dotnet\packs\Microsoft.NETCore.App.Ref\10.0.8\ref\net10.0\System.IO.Pipelines.dll
  - System.IO.Pipes.AccessControl.dll 10.0.8 at C:\Program Files\dotnet\packs\Microsoft.NETCore.App.Ref\10.0.8\ref\net10.0\System.IO.Pipes.AccessControl.dll
  - System.IO.Pipes.dll 10.0.8 at C:\Program Files\dotnet\packs\Microsoft.NETCore.App.Ref\10.0.8\ref\net10.0\System.IO.Pipes.dll
  - System.IO.UnmanagedMemoryStream.dll 10.0.8 at C:\Program Files\dotnet\packs\Microsoft.NETCore.App.Ref\10.0.8\ref\net10.0\System.IO.UnmanagedMemoryStream.dll
  - System.Linq.AsyncEnumerable.dll 10.0.8 at C:\Program Files\dotnet\packs\Microsoft.NETCore.App.Ref\10.0.8\ref\net10.0\System.Linq.AsyncEnumerable.dll
  - System.Linq.dll 10.0.8 at C:\Program Files\dotnet\packs\Microsoft.NETCore.App.Ref\10.0.8\ref\net10.0\System.Linq.dll
  - System.Linq.Expressions.dll 10.0.8 at C:\Program Files\dotnet\packs\Microsoft.NETCore.App.Ref\10.0.8\ref\net10.0\System.Linq.Expressions.dll
  - System.Linq.Parallel.dll 10.0.8 at C:\Program Files\dotnet\packs\Microsoft.NETCore.App.Ref\10.0.8\ref\net10.0\System.Linq.Parallel.dll
  - System.Linq.Queryable.dll 10.0.8 at C:\Program Files\dotnet\packs\Microsoft.NETCore.App.Ref\10.0.8\ref\net10.0\System.Linq.Queryable.dll
  - System.Memory.dll 10.0.8 at C:\Program Files\dotnet\packs\Microsoft.NETCore.App.Ref\10.0.8\ref\net10.0\System.Memory.dll
  - System.Net.dll 10.0.8 at C:\Program Files\dotnet\packs\Microsoft.NETCore.App.Ref\10.0.8\ref\net10.0\System.Net.dll
  - System.Net.Http.dll 10.0.8 at C:\Program Files\dotnet\packs\Microsoft.NETCore.App.Ref\10.0.8\ref\net10.0\System.Net.Http.dll
  - System.Net.Http.Json.dll 10.0.8 at C:\Program Files\dotnet\packs\Microsoft.NETCore.App.Ref\10.0.8\ref\net10.0\System.Net.Http.Json.dll
  - System.Net.HttpListener.dll 10.0.8 at C:\Program Files\dotnet\packs\Microsoft.NETCore.App.Ref\10.0.8\ref\net10.0\System.Net.HttpListener.dll
  - System.Net.Mail.dll 10.0.8 at C:\Program Files\dotnet\packs\Microsoft.NETCore.App.Ref\10.0.8\ref\net10.0\System.Net.Mail.dll
  - System.Net.NameResolution.dll 10.0.8 at C:\Program Files\dotnet\packs\Microsoft.NETCore.App.Ref\10.0.8\ref\net10.0\System.Net.NameResolution.dll
  - System.Net.NetworkInformation.dll 10.0.8 at C:\Program Files\dotnet\packs\Microsoft.NETCore.App.Ref\10.0.8\ref\net10.0\System.Net.NetworkInformation.dll
  - System.Net.Ping.dll 10.0.8 at C:\Program Files\dotnet\packs\Microsoft.NETCore.App.Ref\10.0.8\ref\net10.0\System.Net.Ping.dll
  - System.Net.Primitives.dll 10.0.8 at C:\Program Files\dotnet\packs\Microsoft.NETCore.App.Ref\10.0.8\ref\net10.0\System.Net.Primitives.dll
  - System.Net.Quic.dll 10.0.8 at C:\Program Files\dotnet\packs\Microsoft.NETCore.App.Ref\10.0.8\ref\net10.0\System.Net.Quic.dll
  - System.Net.Requests.dll 10.0.8 at C:\Program Files\dotnet\packs\Microsoft.NETCore.App.Ref\10.0.8\ref\net10.0\System.Net.Requests.dll
  - System.Net.Security.dll 10.0.8 at C:\Program Files\dotnet\packs\Microsoft.NETCore.App.Ref\10.0.8\ref\net10.0\System.Net.Security.dll
  - System.Net.ServerSentEvents.dll 10.0.8 at C:\Program Files\dotnet\packs\Microsoft.NETCore.App.Ref\10.0.8\ref\net10.0\System.Net.ServerSentEvents.dll
  - System.Net.ServicePoint.dll 10.0.8 at C:\Program Files\dotnet\packs\Microsoft.NETCore.App.Ref\10.0.8\ref\net10.0\System.Net.ServicePoint.dll
  - System.Net.Sockets.dll 10.0.8 at C:\Program Files\dotnet\packs\Microsoft.NETCore.App.Ref\10.0.8\ref\net10.0\System.Net.Sockets.dll
  - System.Net.WebClient.dll 10.0.8 at C:\Program Files\dotnet\packs\Microsoft.NETCore.App.Ref\10.0.8\ref\net10.0\System.Net.WebClient.dll
  - System.Net.WebHeaderCollection.dll 10.0.8 at C:\Program Files\dotnet\packs\Microsoft.NETCore.App.Ref\10.0.8\ref\net10.0\System.Net.WebHeaderCollection.dll
  - System.Net.WebProxy.dll 10.0.8 at C:\Program Files\dotnet\packs\Microsoft.NETCore.App.Ref\10.0.8\ref\net10.0\System.Net.WebProxy.dll
  - System.Net.WebSockets.Client.dll 10.0.8 at C:\Program Files\dotnet\packs\Microsoft.NETCore.App.Ref\10.0.8\ref\net10.0\System.Net.WebSockets.Client.dll
  - System.Net.WebSockets.dll 10.0.8 at C:\Program Files\dotnet\packs\Microsoft.NETCore.App.Ref\10.0.8\ref\net10.0\System.Net.WebSockets.dll
  - System.Numerics.dll 10.0.8 at C:\Program Files\dotnet\packs\Microsoft.NETCore.App.Ref\10.0.8\ref\net10.0\System.Numerics.dll
  - System.Numerics.Tensors.dll 10.0.4 at C:\Users\tddkhanh\.nuget\packages\system.numerics.tensors\10.0.4\lib\net10.0\System.Numerics.Tensors.dll
  - System.Numerics.Vectors.dll 10.0.8 at C:\Program Files\dotnet\packs\Microsoft.NETCore.App.Ref\10.0.8\ref\net10.0\System.Numerics.Vectors.dll
  - System.ObjectModel.dll 10.0.8 at C:\Program Files\dotnet\packs\Microsoft.NETCore.App.Ref\10.0.8\ref\net10.0\System.ObjectModel.dll
  - System.Reflection.DispatchProxy.dll 10.0.8 at C:\Program Files\dotnet\packs\Microsoft.NETCore.App.Ref\10.0.8\ref\net10.0\System.Reflection.DispatchProxy.dll
  - System.Reflection.dll 10.0.8 at C:\Program Files\dotnet\packs\Microsoft.NETCore.App.Ref\10.0.8\ref\net10.0\System.Reflection.dll
  - System.Reflection.Emit.dll 10.0.8 at C:\Program Files\dotnet\packs\Microsoft.NETCore.App.Ref\10.0.8\ref\net10.0\System.Reflection.Emit.dll
  - System.Reflection.Emit.ILGeneration.dll 10.0.8 at C:\Program Files\dotnet\packs\Microsoft.NETCore.App.Ref\10.0.8\ref\net10.0\System.Reflection.Emit.ILGeneration.dll
  - System.Reflection.Emit.Lightweight.dll 10.0.8 at C:\Program Files\dotnet\packs\Microsoft.NETCore.App.Ref\10.0.8\ref\net10.0\System.Reflection.Emit.Lightweight.dll
  - System.Reflection.Extensions.dll 10.0.8 at C:\Program Files\dotnet\packs\Microsoft.NETCore.App.Ref\10.0.8\ref\net10.0\System.Reflection.Extensions.dll
  - System.Reflection.Metadata.dll 10.0.8 at C:\Program Files\dotnet\packs\Microsoft.NETCore.App.Ref\10.0.8\ref\net10.0\System.Reflection.Metadata.dll
  - System.Reflection.Primitives.dll 10.0.8 at C:\Program Files\dotnet\packs\Microsoft.NETCore.App.Ref\10.0.8\ref\net10.0\System.Reflection.Primitives.dll
  - System.Reflection.TypeExtensions.dll 10.0.8 at C:\Program Files\dotnet\packs\Microsoft.NETCore.App.Ref\10.0.8\ref\net10.0\System.Reflection.TypeExtensions.dll
  - System.Resources.Reader.dll 10.0.8 at C:\Program Files\dotnet\packs\Microsoft.NETCore.App.Ref\10.0.8\ref\net10.0\System.Resources.Reader.dll
  - System.Resources.ResourceManager.dll 10.0.8 at C:\Program Files\dotnet\packs\Microsoft.NETCore.App.Ref\10.0.8\ref\net10.0\System.Resources.ResourceManager.dll
  - System.Resources.Writer.dll 10.0.8 at C:\Program Files\dotnet\packs\Microsoft.NETCore.App.Ref\10.0.8\ref\net10.0\System.Resources.Writer.dll
  - System.Runtime.CompilerServices.Unsafe.dll 10.0.8 at C:\Program Files\dotnet\packs\Microsoft.NETCore.App.Ref\10.0.8\ref\net10.0\System.Runtime.CompilerServices.Unsafe.dll
  - System.Runtime.CompilerServices.VisualC.dll 10.0.8 at C:\Program Files\dotnet\packs\Microsoft.NETCore.App.Ref\10.0.8\ref\net10.0\System.Runtime.CompilerServices.VisualC.dll
  - System.Runtime.dll 10.0.8 at C:\Program Files\dotnet\packs\Microsoft.NETCore.App.Ref\10.0.8\ref\net10.0\System.Runtime.dll
  - System.Runtime.Extensions.dll 10.0.8 at C:\Program Files\dotnet\packs\Microsoft.NETCore.App.Ref\10.0.8\ref\net10.0\System.Runtime.Extensions.dll
  - System.Runtime.Handles.dll 10.0.8 at C:\Program Files\dotnet\packs\Microsoft.NETCore.App.Ref\10.0.8\ref\net10.0\System.Runtime.Handles.dll
  - System.Runtime.InteropServices.dll 10.0.8 at C:\Program Files\dotnet\packs\Microsoft.NETCore.App.Ref\10.0.8\ref\net10.0\System.Runtime.InteropServices.dll
  - System.Runtime.InteropServices.JavaScript.dll 10.0.8 at C:\Program Files\dotnet\packs\Microsoft.NETCore.App.Ref\10.0.8\ref\net10.0\System.Runtime.InteropServices.JavaScript.dll
  - System.Runtime.InteropServices.RuntimeInformation.dll 10.0.8 at C:\Program Files\dotnet\packs\Microsoft.NETCore.App.Ref\10.0.8\ref\net10.0\System.Runtime.InteropServices.RuntimeInformation.dll
  - System.Runtime.Intrinsics.dll 10.0.8 at C:\Program Files\dotnet\packs\Microsoft.NETCore.App.Ref\10.0.8\ref\net10.0\System.Runtime.Intrinsics.dll
  - System.Runtime.Loader.dll 10.0.8 at C:\Program Files\dotnet\packs\Microsoft.NETCore.App.Ref\10.0.8\ref\net10.0\System.Runtime.Loader.dll
  - System.Runtime.Numerics.dll 10.0.8 at C:\Program Files\dotnet\packs\Microsoft.NETCore.App.Ref\10.0.8\ref\net10.0\System.Runtime.Numerics.dll
  - System.Runtime.Serialization.dll 10.0.8 at C:\Program Files\dotnet\packs\Microsoft.NETCore.App.Ref\10.0.8\ref\net10.0\System.Runtime.Serialization.dll
  - System.Runtime.Serialization.Formatters.dll 10.0.8 at C:\Program Files\dotnet\packs\Microsoft.NETCore.App.Ref\10.0.8\ref\net10.0\System.Runtime.Serialization.Formatters.dll
  - System.Runtime.Serialization.Json.dll 10.0.8 at C:\Program Files\dotnet\packs\Microsoft.NETCore.App.Ref\10.0.8\ref\net10.0\System.Runtime.Serialization.Json.dll
  - System.Runtime.Serialization.Primitives.dll 10.0.8 at C:\Program Files\dotnet\packs\Microsoft.NETCore.App.Ref\10.0.8\ref\net10.0\System.Runtime.Serialization.Primitives.dll
  - System.Runtime.Serialization.Xml.dll 10.0.8 at C:\Program Files\dotnet\packs\Microsoft.NETCore.App.Ref\10.0.8\ref\net10.0\System.Runtime.Serialization.Xml.dll
  - System.Security.AccessControl.dll 10.0.8 at C:\Program Files\dotnet\packs\Microsoft.NETCore.App.Ref\10.0.8\ref\net10.0\System.Security.AccessControl.dll
  - System.Security.Claims.dll 10.0.8 at C:\Program Files\dotnet\packs\Microsoft.NETCore.App.Ref\10.0.8\ref\net10.0\System.Security.Claims.dll
  - System.Security.Cryptography.Algorithms.dll 10.0.8 at C:\Program Files\dotnet\packs\Microsoft.NETCore.App.Ref\10.0.8\ref\net10.0\System.Security.Cryptography.Algorithms.dll
  - System.Security.Cryptography.Cng.dll 10.0.8 at C:\Program Files\dotnet\packs\Microsoft.NETCore.App.Ref\10.0.8\ref\net10.0\System.Security.Cryptography.Cng.dll
  - System.Security.Cryptography.Csp.dll 10.0.8 at C:\Program Files\dotnet\packs\Microsoft.NETCore.App.Ref\10.0.8\ref\net10.0\System.Security.Cryptography.Csp.dll
  - System.Security.Cryptography.dll 10.0.8 at C:\Program Files\dotnet\packs\Microsoft.NETCore.App.Ref\10.0.8\ref\net10.0\System.Security.Cryptography.dll
  - System.Security.Cryptography.Encoding.dll 10.0.8 at C:\Program Files\dotnet\packs\Microsoft.NETCore.App.Ref\10.0.8\ref\net10.0\System.Security.Cryptography.Encoding.dll
  - System.Security.Cryptography.OpenSsl.dll 10.0.8 at C:\Program Files\dotnet\packs\Microsoft.NETCore.App.Ref\10.0.8\ref\net10.0\System.Security.Cryptography.OpenSsl.dll
  - System.Security.Cryptography.Pkcs.dll 9.0.9 at C:\Users\tddkhanh\.nuget\packages\system.security.cryptography.pkcs\9.0.9\lib\net9.0\System.Security.Cryptography.Pkcs.dll
  - System.Security.Cryptography.Primitives.dll 10.0.8 at C:\Program Files\dotnet\packs\Microsoft.NETCore.App.Ref\10.0.8\ref\net10.0\System.Security.Cryptography.Primitives.dll
  - System.Security.Cryptography.X509Certificates.dll 10.0.8 at C:\Program Files\dotnet\packs\Microsoft.NETCore.App.Ref\10.0.8\ref\net10.0\System.Security.Cryptography.X509Certificates.dll
  - System.Security.Cryptography.Xml.dll 10.0.8 at C:\Program Files\dotnet\packs\Microsoft.AspNetCore.App.Ref\10.0.8\ref\net10.0\System.Security.Cryptography.Xml.dll
  - System.Security.dll 10.0.8 at C:\Program Files\dotnet\packs\Microsoft.NETCore.App.Ref\10.0.8\ref\net10.0\System.Security.dll
  - System.Security.Principal.dll 10.0.8 at C:\Program Files\dotnet\packs\Microsoft.NETCore.App.Ref\10.0.8\ref\net10.0\System.Security.Principal.dll
  - System.Security.Principal.Windows.dll 10.0.8 at C:\Program Files\dotnet\packs\Microsoft.NETCore.App.Ref\10.0.8\ref\net10.0\System.Security.Principal.Windows.dll
  - System.Security.SecureString.dll 10.0.8 at C:\Program Files\dotnet\packs\Microsoft.NETCore.App.Ref\10.0.8\ref\net10.0\System.Security.SecureString.dll
  - System.ServiceModel.Web.dll 10.0.8 at C:\Program Files\dotnet\packs\Microsoft.NETCore.App.Ref\10.0.8\ref\net10.0\System.ServiceModel.Web.dll
  - System.ServiceProcess.dll 10.0.8 at C:\Program Files\dotnet\packs\Microsoft.NETCore.App.Ref\10.0.8\ref\net10.0\System.ServiceProcess.dll
  - System.Text.Encoding.CodePages.dll 10.0.8 at C:\Program Files\dotnet\packs\Microsoft.NETCore.App.Ref\10.0.8\ref\net10.0\System.Text.Encoding.CodePages.dll
  - System.Text.Encoding.dll 10.0.8 at C:\Program Files\dotnet\packs\Microsoft.NETCore.App.Ref\10.0.8\ref\net10.0\System.Text.Encoding.dll
  - System.Text.Encoding.Extensions.dll 10.0.8 at C:\Program Files\dotnet\packs\Microsoft.NETCore.App.Ref\10.0.8\ref\net10.0\System.Text.Encoding.Extensions.dll
  - System.Text.Encodings.Web.dll 10.0.8 at C:\Program Files\dotnet\packs\Microsoft.NETCore.App.Ref\10.0.8\ref\net10.0\System.Text.Encodings.Web.dll
  - System.Text.Json.dll 10.0.8 at C:\Program Files\dotnet\packs\Microsoft.NETCore.App.Ref\10.0.8\ref\net10.0\System.Text.Json.dll
  - System.Text.RegularExpressions.dll 10.0.8 at C:\Program Files\dotnet\packs\Microsoft.NETCore.App.Ref\10.0.8\ref\net10.0\System.Text.RegularExpressions.dll
  - System.Threading.AccessControl.dll 10.0.8 at C:\Program Files\dotnet\packs\Microsoft.NETCore.App.Ref\10.0.8\ref\net10.0\System.Threading.AccessControl.dll
  - System.Threading.Channels.dll 10.0.8 at C:\Program Files\dotnet\packs\Microsoft.NETCore.App.Ref\10.0.8\ref\net10.0\System.Threading.Channels.dll
  - System.Threading.dll 10.0.8 at C:\Program Files\dotnet\packs\Microsoft.NETCore.App.Ref\10.0.8\ref\net10.0\System.Threading.dll
  - System.Threading.Overlapped.dll 10.0.8 at C:\Program Files\dotnet\packs\Microsoft.NETCore.App.Ref\10.0.8\ref\net10.0\System.Threading.Overlapped.dll
  - System.Threading.RateLimiting.dll 10.0.8 at C:\Program Files\dotnet\packs\Microsoft.AspNetCore.App.Ref\10.0.8\ref\net10.0\System.Threading.RateLimiting.dll
  - System.Threading.Tasks.Dataflow.dll 10.0.8 at C:\Program Files\dotnet\packs\Microsoft.NETCore.App.Ref\10.0.8\ref\net10.0\System.Threading.Tasks.Dataflow.dll
  - System.Threading.Tasks.dll 10.0.8 at C:\Program Files\dotnet\packs\Microsoft.NETCore.App.Ref\10.0.8\ref\net10.0\System.Threading.Tasks.dll
  - System.Threading.Tasks.Extensions.dll 10.0.8 at C:\Program Files\dotnet\packs\Microsoft.NETCore.App.Ref\10.0.8\ref\net10.0\System.Threading.Tasks.Extensions.dll
  - System.Threading.Tasks.Parallel.dll 10.0.8 at C:\Program Files\dotnet\packs\Microsoft.NETCore.App.Ref\10.0.8\ref\net10.0\System.Threading.Tasks.Parallel.dll
  - System.Threading.Thread.dll 10.0.8 at C:\Program Files\dotnet\packs\Microsoft.NETCore.App.Ref\10.0.8\ref\net10.0\System.Threading.Thread.dll
  - System.Threading.ThreadPool.dll 10.0.8 at C:\Program Files\dotnet\packs\Microsoft.NETCore.App.Ref\10.0.8\ref\net10.0\System.Threading.ThreadPool.dll
  - System.Threading.Timer.dll 10.0.8 at C:\Program Files\dotnet\packs\Microsoft.NETCore.App.Ref\10.0.8\ref\net10.0\System.Threading.Timer.dll
  - System.Transactions.dll 10.0.8 at C:\Program Files\dotnet\packs\Microsoft.NETCore.App.Ref\10.0.8\ref\net10.0\System.Transactions.dll
  - System.Transactions.Local.dll 10.0.8 at C:\Program Files\dotnet\packs\Microsoft.NETCore.App.Ref\10.0.8\ref\net10.0\System.Transactions.Local.dll
  - System.ValueTuple.dll 10.0.8 at C:\Program Files\dotnet\packs\Microsoft.NETCore.App.Ref\10.0.8\ref\net10.0\System.ValueTuple.dll
  - System.Web.dll 10.0.8 at C:\Program Files\dotnet\packs\Microsoft.NETCore.App.Ref\10.0.8\ref\net10.0\System.Web.dll
  - System.Web.HttpUtility.dll 10.0.8 at C:\Program Files\dotnet\packs\Microsoft.NETCore.App.Ref\10.0.8\ref\net10.0\System.Web.HttpUtility.dll
  - System.Windows.dll 10.0.8 at C:\Program Files\dotnet\packs\Microsoft.NETCore.App.Ref\10.0.8\ref\net10.0\System.Windows.dll
  - System.Xml.dll 10.0.8 at C:\Program Files\dotnet\packs\Microsoft.NETCore.App.Ref\10.0.8\ref\net10.0\System.Xml.dll
  - System.Xml.Linq.dll 10.0.8 at C:\Program Files\dotnet\packs\Microsoft.NETCore.App.Ref\10.0.8\ref\net10.0\System.Xml.Linq.dll
  - System.Xml.ReaderWriter.dll 10.0.8 at C:\Program Files\dotnet\packs\Microsoft.NETCore.App.Ref\10.0.8\ref\net10.0\System.Xml.ReaderWriter.dll
  - System.Xml.Serialization.dll 10.0.8 at C:\Program Files\dotnet\packs\Microsoft.NETCore.App.Ref\10.0.8\ref\net10.0\System.Xml.Serialization.dll
  - System.Xml.XDocument.dll 10.0.8 at C:\Program Files\dotnet\packs\Microsoft.NETCore.App.Ref\10.0.8\ref\net10.0\System.Xml.XDocument.dll
  - System.Xml.XmlDocument.dll 10.0.8 at C:\Program Files\dotnet\packs\Microsoft.NETCore.App.Ref\10.0.8\ref\net10.0\System.Xml.XmlDocument.dll
  - System.Xml.XmlSerializer.dll 10.0.8 at C:\Program Files\dotnet\packs\Microsoft.NETCore.App.Ref\10.0.8\ref\net10.0\System.Xml.XmlSerializer.dll
  - System.Xml.XPath.dll 10.0.8 at C:\Program Files\dotnet\packs\Microsoft.NETCore.App.Ref\10.0.8\ref\net10.0\System.Xml.XPath.dll
  - System.Xml.XPath.XDocument.dll 10.0.8 at C:\Program Files\dotnet\packs\Microsoft.NETCore.App.Ref\10.0.8\ref\net10.0\System.Xml.XPath.XDocument.dll
  - Telerik.AI.SmartComponents.Extensions.dll 2.2.1 at C:\Users\tddkhanh\.nuget\packages\telerik.ai.smartcomponents.extensions\2.2.1\lib\net8.0\Telerik.AI.SmartComponents.Extensions.dll
  - Telerik.Blazor.dll 14.0.0 at C:\Users\tddkhanh\.nuget\packages\telerik.ui.for.blazor\14.0.0\lib\net8.0\Telerik.Blazor.dll
  - Telerik.DataSource.dll 4.1.0 at C:\Users\tddkhanh\.nuget\packages\telerik.datasource\4.1.0\lib\net8.0\Telerik.DataSource.dll
  - Telerik.Documents.Core.dll 2026.2.519 at C:\Users\tddkhanh\.nuget\packages\telerik.documents.core\2026.2.519\lib\netstandard2.0\Telerik.Documents.Core.dll
  - Telerik.Documents.Fixed.dll 2026.2.519 at C:\Users\tddkhanh\.nuget\packages\telerik.documents.fixed\2026.2.519\lib\netstandard2.0\Telerik.Documents.Fixed.dll
  - Telerik.Documents.Spreadsheet.dll 2026.2.519 at C:\Users\tddkhanh\.nuget\packages\telerik.documents.spreadsheet\2026.2.519\lib\netstandard2.0\Telerik.Documents.Spreadsheet.dll
  - Telerik.Documents.Spreadsheet.FormatProviders.Pdf.dll 2026.2.519 at C:\Users\tddkhanh\.nuget\packages\telerik.documents.spreadsheet.formatproviders.pdf\2026.2.519\lib\netstandard2.0\Telerik.Documents.Spreadsheet.FormatProviders.Pdf.dll
  - Telerik.Documents.SpreadsheetStreaming.dll 2026.2.519 at C:\Users\tddkhanh\.nuget\packages\telerik.documents.spreadsheetstreaming\2026.2.519\lib\netstandard2.0\Telerik.Documents.SpreadsheetStreaming.dll
  - Telerik.FontIcons.dll 4.9.2 at C:\Users\tddkhanh\.nuget\packages\telerik.fonticons\4.9.2\lib\netstandard2.0\Telerik.FontIcons.dll
  - Telerik.Licensing.Runtime.dll 1.8.2 at C:\Users\tddkhanh\.nuget\packages\telerik.licensing\1.8.2\lib\net10.0\Telerik.Licensing.Runtime.dll
  - Telerik.Pivot.Core.dll 1.0.0 at C:\Users\tddkhanh\.nuget\packages\telerik.pivot.core\1.0.0\lib\net8.0\Telerik.Pivot.Core.dll
  - Telerik.Pivot.DataProviders.Xmla.dll 1.0.0 at C:\Users\tddkhanh\.nuget\packages\telerik.pivot.dataproviders.xmla\1.0.0\lib\net8.0\Telerik.Pivot.DataProviders.Xmla.dll
  - Telerik.Recurrence.dll 1.0.0 at C:\Users\tddkhanh\.nuget\packages\telerik.recurrence\1.0.0\lib\net8.0\Telerik.Recurrence.dll
  - Telerik.SvgIcons.dll 4.9.2 at C:\Users\tddkhanh\.nuget\packages\telerik.svgicons\4.9.2\lib\netstandard2.0\Telerik.SvgIcons.dll
  - Telerik.Zip.dll 2026.2.519 at C:\Users\tddkhanh\.nuget\packages\telerik.zip\2026.2.519\lib\netstandard2.0\Telerik.Zip.dll
  - WindowsBase.dll 10.0.8 at C:\Program Files\dotnet\packs\Microsoft.NETCore.App.Ref\10.0.8\ref\net10.0\WindowsBase.dll
  MachineId=T67PQYIlb9W6VOVNpg1C57e7U0Q=

[2026-05-29 02:05:34.876] [Low]   Looking for Telerik product metadata in referenced assemblies
      - C:\Users\tddkhanh\.nuget\packages\telerik.ui.for.blazor\14.0.0\lib\net8.0\Telerik.Blazor.dll
        ProductCode: BLAZOR, LicenseDate: 2026-05-20, ProductName: Telerik UI for Blazor, ProductVersion: 14.0.0.0, Flags: None
        Transitive product references:
        - DPL 2026-05-19 (redistributed by: RCWPF;RCWF;MAUI;UIXAM;WINUI;RCAJAX;KENDOUIMVC;UIASPCORE;BLAZOR) Telerik Document Processing Libraries 2026.2.519.20
      - C:\Users\tddkhanh\.nuget\packages\telerik.documents.core\2026.2.519\lib\netstandard2.0\Telerik.Documents.Core.dll
        ProductCode: DPL, LicenseDate: 2026-05-19, Redistributed By: RCWPF, RCWF, MAUI, UIXAM, WINUI, RCAJAX, KENDOUIMVC, UIASPCORE, BLAZOR, ProductName: Telerik Document Processing Libraries, ProductVersion: 2026.2.519.20, Flags: None
      - C:\Users\tddkhanh\.nuget\packages\telerik.documents.fixed\2026.2.519\lib\netstandard2.0\Telerik.Documents.Fixed.dll
        ProductCode: DPL, LicenseDate: 2026-05-19, Redistributed By: RCWPF, RCWF, MAUI, UIXAM, WINUI, RCAJAX, KENDOUIMVC, UIASPCORE, BLAZOR, ProductName: Telerik Document Processing Libraries, ProductVersion: 2026.2.519.20, Flags: None
      - C:\Users\tddkhanh\.nuget\packages\telerik.documents.spreadsheet\2026.2.519\lib\netstandard2.0\Telerik.Documents.Spreadsheet.dll
        ProductCode: DPL, LicenseDate: 2026-05-19, Redistributed By: RCWPF, RCWF, MAUI, UIXAM, WINUI, RCAJAX, KENDOUIMVC, UIASPCORE, BLAZOR, ProductName: Telerik Document Processing Libraries, ProductVersion: 2026.2.519.20, Flags: None
      - C:\Users\tddkhanh\.nuget\packages\telerik.documents.spreadsheet.formatproviders.pdf\2026.2.519\lib\netstandard2.0\Telerik.Documents.Spreadsheet.FormatProviders.Pdf.dll
        ProductCode: DPL, LicenseDate: 2026-05-19, Redistributed By: RCWPF, RCWF, MAUI, UIXAM, WINUI, RCAJAX, KENDOUIMVC, UIASPCORE, BLAZOR, ProductName: Telerik Document Processing Libraries, ProductVersion: 2026.2.519.20, Flags: None
      - C:\Users\tddkhanh\.nuget\packages\telerik.documents.spreadsheetstreaming\2026.2.519\lib\netstandard2.0\Telerik.Documents.SpreadsheetStreaming.dll
        ProductCode: DPL, LicenseDate: 2026-05-19, Redistributed By: RCWPF, RCWF, MAUI, UIXAM, WINUI, RCAJAX, KENDOUIMVC, UIASPCORE, BLAZOR, ProductName: Telerik Document Processing Libraries, ProductVersion: 2026.2.519.20, Flags: None
      - C:\Users\tddkhanh\.nuget\packages\telerik.zip\2026.2.519\lib\netstandard2.0\Telerik.Zip.dll
        ProductCode: DPL, LicenseDate: 2026-05-19, Redistributed By: RCWPF, RCWF, MAUI, UIXAM, WINUI, RCAJAX, KENDOUIMVC, UIASPCORE, BLAZOR, ProductName: Telerik Document Processing Libraries, ProductVersion: 2026.2.519.20, Flags: None
      Unique Products:
      - "Telerik UI for Blazor" (BLAZOR) 14.0.0.0 @2026-05-20
      - "Telerik Document Processing Libraries" (DPL) 2026.2.519.20 @2026-05-19
      Found a total of 2 referenced Telerik products for net10.0

[2026-05-29 02:05:34.891] [Low]   Provision Licensing
        Looking up license file...
        - EnvironmentVariablePath: TELERIK_LICENSE_PATH (NotAvailable)
        - EnvironmentVariable: TELERIK_LICENSE (NotAvailable)
        - EnvironmentVariable: KENDO_UI_LICENSE (NotAvailable)
        - RecursiveFilePath: D:\Code\Blazor\TelerikGrid\TelerikGrid\telerik-license.txt (NotAvailable)
        - RecursiveFilePath: D:\Code\Blazor\TelerikGrid\TelerikGrid\kendo-ui-license.txt (NotAvailable)
        - RecursiveFilePath: D:\Code\Blazor\TelerikGrid\telerik-license.txt (NotAvailable)
        - RecursiveFilePath: D:\Code\Blazor\TelerikGrid\kendo-ui-license.txt (NotAvailable)
        - RecursiveFilePath: D:\Code\Blazor\telerik-license.txt (NotAvailable)
        - RecursiveFilePath: D:\Code\Blazor\kendo-ui-license.txt (NotAvailable)
        - RecursiveFilePath: D:\Code\telerik-license.txt (NotAvailable)
        - RecursiveFilePath: D:\Code\kendo-ui-license.txt (NotAvailable)
        - RecursiveFilePath: D:\telerik-license.txt (NotAvailable)
        - RecursiveFilePath: D:\kendo-ui-license.txt (NotAvailable)
        - UserDirectory: C:\Users\tddkhanh\AppData\Roaming\Telerik\telerik-license.txt (LicenseFound)
        - UserDirectory: C:\Users\tddkhanh\AppData\Roaming\Telerik\kendo-ui-license.txt (Skip)
        LicenseKey
        - AUD: t************@g****.com
        - UsedId: 344ca679-260a-4541-b9a7-cafe8537ed1f
        - LicenseId: de0ab21e-4a76-46d5-b1d8-a860fc8a108a
        - IssuedAt: 5/27/2026 11:20:30 PM
        - Licenses
          0) Trial BLAZOR, expiration 6/26/2026 3:27:27 AM, type: 'trial'
          1) Usage UserId: 344ca679-260a-4541-b9a7-cafe8537ed1f, LicenseId: de0ab21e-4a76-46d5-b1d8-a860fc8a108a, type: 'usage'

[2026-05-29 02:05:34.895] [Low]   License Resolution
        Messages
          - License OK for "Telerik UI for Blazor" (BLAZOR) 14.0.0.0 @2026-05-20 - Trial, valid until 2026-06-26.
          - License OK for "Telerik Document Processing Libraries" (DPL) 2026.2.519.20 @2026-05-19 - Trial for BLAZOR, valid until 2026-06-26.
        JWTs
          - eyJhbGciOiJSUzI1NiIsInR5cCI6IlRlbGVyaWsgTGljZW5zZSBFdmlkZW5jZSJ9.eyJjb2RlIjoiQkxBWk9SIiwidHlwZSI6InRyaWFsIiwiZXhwaXJhdGlvbiI6MTc4MjQ0NDQ0NywidXNlcklkIjoiMzQ0Y2E2NzktMjYwYS00NTQxLWI5YTctY2FmZTg1MzdlZDFmIiwibGljZW5zZUlkIjoiZGUwYWIyMWUtNGE3Ni00NmQ1LWIxZDgtYTg2MGZjOGExMDhhIn0.zRRYGeaQHW_-AN5jMEypWMNjOlATOXZHpV5AHN3NlbngssoYs7K9y_qOaxXPcylCIl3h5K6r9iwFKWe9xaIU0G-MXBTvRZpfbkiZtrYp4puaC1ONeHElHT_DqQnoqIb93UpJOBwO4SFWFzoHgPYcY7w8xTV82tVxIgXFRxwPyfGNrV7rD2oGDM3cvIFGOQT4i5dO67MzBDduG-4R9bofmMXKaj0qv69aM44f6A8t2DOPWIgTIqNcjp69XT-RM9i1zLy3sNEvrb9nntBRNqqXoj2OZtPiSjDFA6s-WWJkTpLuvZHieCL2T3LY_H0WNG2LHsYc2l4FPDttY99f0L27IA
        Licenses
          - License OK for "Telerik UI for Blazor" (BLAZOR) 14.0.0.0 @2026-05-20 - Trial, valid until 2026-06-26.
          - License OK for "Telerik Document Processing Libraries" (DPL) 2026.2.519.20 @2026-05-19 - Trial for BLAZOR, valid until 2026-06-26.

[2026-05-29 02:05:34.896] [Low] OutputType: Exe, ImportXamlTargets: False
[2026-05-29 02:05:34.897] [Low] LicenseEvidence CodeGen: Up to date!
[2026-05-29 02:05:34.907] [Low] 
      Call-Home Telerik Products (2 for net10.0)
      - "Telerik UI for Blazor" (BLAZOR) 14.0.0
      - "DPL" (DPL) 2026.2.519

[2026-05-29 02:05:34.907] [Low] 
[2026-05-29 02:05:34.908] [Low] 
      Call-Home Telerik Features (0 for net10.0)

[2026-05-29 02:05:34.908] [Low] 
[2026-05-29 02:05:34.939] [Low]   Report Telerik.Licensing
        UserId: 344ca679-260a-4541-b9a7-cafe8537ed1f
        LicenseId: de0ab21e-4a76-46d5-b1d8-a860fc8a108a
        Products
        - LicenseUsed BLAZOR 14.0.0.0 SKIPPED
        - LicenseUsed DPL 2026.2.519.20 SKIPPED
      Report finished in 00:00:00.0295366

[2026-05-29 02:05:34.940] [Low]   Sending Telemetry...
[2026-05-29 02:05:34.960] [Low]   Metrics done 00:00:00.0197844
[2026-05-29 02:05:34.961] [Normal] Resolve Telerik Products. Done (00:00:00.1939239) for net10.0
[2026-05-29 02:06:16.997] [Normal] Resolve Telerik Products.
  MSBuildProjectName=TelerikGrid
  MSBuildProjectDirectory=D:\Code\Blazor\TelerikGrid\TelerikGrid
  MSBuildProjectExtension=.csproj
  Language=C#
  OutputPath=bin\Debug\net10.0\
  Platform=AnyCPU
  TargetFramework=net10.0
  TargetFrameworks=
  TargetFrameworkVersion=v10.0
  VisualStudioVersion=18.0
  UsingMicrosoftNETSdk=true
  UsingMicrosoftNETSdkRazor=true
  UsingMicrosoftNETSdkWeb=true
  ImportXamlTargets=False
  OutputType=Exe
  UseMaui=
  NuGetPackageRoot=C:\Users\tddkhanh\.nuget\packages\

  PackageReferences
  - Telerik.UI.for.Blazor 14.0.0
  - Microsoft.AspNetCore.App.Internal.Assets 10.0.8
  ReferencePaths
  - Microsoft.AspNetCore.Antiforgery.dll 10.0.8 at C:\Program Files\dotnet\packs\Microsoft.AspNetCore.App.Ref\10.0.8\ref\net10.0\Microsoft.AspNetCore.Antiforgery.dll
  - Microsoft.AspNetCore.Authentication.Abstractions.dll 10.0.8 at C:\Program Files\dotnet\packs\Microsoft.AspNetCore.App.Ref\10.0.8\ref\net10.0\Microsoft.AspNetCore.Authentication.Abstractions.dll
  - Microsoft.AspNetCore.Authentication.BearerToken.dll 10.0.8 at C:\Program Files\dotnet\packs\Microsoft.AspNetCore.App.Ref\10.0.8\ref\net10.0\Microsoft.AspNetCore.Authentication.BearerToken.dll
  - Microsoft.AspNetCore.Authentication.Cookies.dll 10.0.8 at C:\Program Files\dotnet\packs\Microsoft.AspNetCore.App.Ref\10.0.8\ref\net10.0\Microsoft.AspNetCore.Authentication.Cookies.dll
  - Microsoft.AspNetCore.Authentication.Core.dll 10.0.8 at C:\Program Files\dotnet\packs\Microsoft.AspNetCore.App.Ref\10.0.8\ref\net10.0\Microsoft.AspNetCore.Authentication.Core.dll
  - Microsoft.AspNetCore.Authentication.dll 10.0.8 at C:\Program Files\dotnet\packs\Microsoft.AspNetCore.App.Ref\10.0.8\ref\net10.0\Microsoft.AspNetCore.Authentication.dll
  - Microsoft.AspNetCore.Authentication.OAuth.dll 10.0.8 at C:\Program Files\dotnet\packs\Microsoft.AspNetCore.App.Ref\10.0.8\ref\net10.0\Microsoft.AspNetCore.Authentication.OAuth.dll
  - Microsoft.AspNetCore.Authorization.dll 10.0.8 at C:\Program Files\dotnet\packs\Microsoft.AspNetCore.App.Ref\10.0.8\ref\net10.0\Microsoft.AspNetCore.Authorization.dll
  - Microsoft.AspNetCore.Authorization.Policy.dll 10.0.8 at C:\Program Files\dotnet\packs\Microsoft.AspNetCore.App.Ref\10.0.8\ref\net10.0\Microsoft.AspNetCore.Authorization.Policy.dll
  - Microsoft.AspNetCore.Components.Authorization.dll 10.0.8 at C:\Program Files\dotnet\packs\Microsoft.AspNetCore.App.Ref\10.0.8\ref\net10.0\Microsoft.AspNetCore.Components.Authorization.dll
  - Microsoft.AspNetCore.Components.dll 10.0.8 at C:\Program Files\dotnet\packs\Microsoft.AspNetCore.App.Ref\10.0.8\ref\net10.0\Microsoft.AspNetCore.Components.dll
  - Microsoft.AspNetCore.Components.Endpoints.dll 10.0.8 at C:\Program Files\dotnet\packs\Microsoft.AspNetCore.App.Ref\10.0.8\ref\net10.0\Microsoft.AspNetCore.Components.Endpoints.dll
  - Microsoft.AspNetCore.Components.Forms.dll 10.0.8 at C:\Program Files\dotnet\packs\Microsoft.AspNetCore.App.Ref\10.0.8\ref\net10.0\Microsoft.AspNetCore.Components.Forms.dll
  - Microsoft.AspNetCore.Components.Server.dll 10.0.8 at C:\Program Files\dotnet\packs\Microsoft.AspNetCore.App.Ref\10.0.8\ref\net10.0\Microsoft.AspNetCore.Components.Server.dll
  - Microsoft.AspNetCore.Components.Web.dll 10.0.8 at C:\Program Files\dotnet\packs\Microsoft.AspNetCore.App.Ref\10.0.8\ref\net10.0\Microsoft.AspNetCore.Components.Web.dll
  - Microsoft.AspNetCore.Connections.Abstractions.dll 10.0.8 at C:\Program Files\dotnet\packs\Microsoft.AspNetCore.App.Ref\10.0.8\ref\net10.0\Microsoft.AspNetCore.Connections.Abstractions.dll
  - Microsoft.AspNetCore.CookiePolicy.dll 10.0.8 at C:\Program Files\dotnet\packs\Microsoft.AspNetCore.App.Ref\10.0.8\ref\net10.0\Microsoft.AspNetCore.CookiePolicy.dll
  - Microsoft.AspNetCore.Cors.dll 10.0.8 at C:\Program Files\dotnet\packs\Microsoft.AspNetCore.App.Ref\10.0.8\ref\net10.0\Microsoft.AspNetCore.Cors.dll
  - Microsoft.AspNetCore.Cryptography.Internal.dll 10.0.8 at C:\Program Files\dotnet\packs\Microsoft.AspNetCore.App.Ref\10.0.8\ref\net10.0\Microsoft.AspNetCore.Cryptography.Internal.dll
  - Microsoft.AspNetCore.Cryptography.KeyDerivation.dll 10.0.8 at C:\Program Files\dotnet\packs\Microsoft.AspNetCore.App.Ref\10.0.8\ref\net10.0\Microsoft.AspNetCore.Cryptography.KeyDerivation.dll
  - Microsoft.AspNetCore.DataProtection.Abstractions.dll 10.0.8 at C:\Program Files\dotnet\packs\Microsoft.AspNetCore.App.Ref\10.0.8\ref\net10.0\Microsoft.AspNetCore.DataProtection.Abstractions.dll
  - Microsoft.AspNetCore.DataProtection.dll 10.0.8 at C:\Program Files\dotnet\packs\Microsoft.AspNetCore.App.Ref\10.0.8\ref\net10.0\Microsoft.AspNetCore.DataProtection.dll
  - Microsoft.AspNetCore.DataProtection.Extensions.dll 10.0.8 at C:\Program Files\dotnet\packs\Microsoft.AspNetCore.App.Ref\10.0.8\ref\net10.0\Microsoft.AspNetCore.DataProtection.Extensions.dll
  - Microsoft.AspNetCore.Diagnostics.Abstractions.dll 10.0.8 at C:\Program Files\dotnet\packs\Microsoft.AspNetCore.App.Ref\10.0.8\ref\net10.0\Microsoft.AspNetCore.Diagnostics.Abstractions.dll
  - Microsoft.AspNetCore.Diagnostics.dll 10.0.8 at C:\Program Files\dotnet\packs\Microsoft.AspNetCore.App.Ref\10.0.8\ref\net10.0\Microsoft.AspNetCore.Diagnostics.dll
  - Microsoft.AspNetCore.Diagnostics.HealthChecks.dll 10.0.8 at C:\Program Files\dotnet\packs\Microsoft.AspNetCore.App.Ref\10.0.8\ref\net10.0\Microsoft.AspNetCore.Diagnostics.HealthChecks.dll
  - Microsoft.AspNetCore.dll 10.0.8 at C:\Program Files\dotnet\packs\Microsoft.AspNetCore.App.Ref\10.0.8\ref\net10.0\Microsoft.AspNetCore.dll
  - Microsoft.AspNetCore.HostFiltering.dll 10.0.8 at C:\Program Files\dotnet\packs\Microsoft.AspNetCore.App.Ref\10.0.8\ref\net10.0\Microsoft.AspNetCore.HostFiltering.dll
  - Microsoft.AspNetCore.Hosting.Abstractions.dll 10.0.8 at C:\Program Files\dotnet\packs\Microsoft.AspNetCore.App.Ref\10.0.8\ref\net10.0\Microsoft.AspNetCore.Hosting.Abstractions.dll
  - Microsoft.AspNetCore.Hosting.dll 10.0.8 at C:\Program Files\dotnet\packs\Microsoft.AspNetCore.App.Ref\10.0.8\ref\net10.0\Microsoft.AspNetCore.Hosting.dll
  - Microsoft.AspNetCore.Hosting.Server.Abstractions.dll 10.0.8 at C:\Program Files\dotnet\packs\Microsoft.AspNetCore.App.Ref\10.0.8\ref\net10.0\Microsoft.AspNetCore.Hosting.Server.Abstractions.dll
  - Microsoft.AspNetCore.Html.Abstractions.dll 10.0.8 at C:\Program Files\dotnet\packs\Microsoft.AspNetCore.App.Ref\10.0.8\ref\net10.0\Microsoft.AspNetCore.Html.Abstractions.dll
  - Microsoft.AspNetCore.Http.Abstractions.dll 10.0.8 at C:\Program Files\dotnet\packs\Microsoft.AspNetCore.App.Ref\10.0.8\ref\net10.0\Microsoft.AspNetCore.Http.Abstractions.dll
  - Microsoft.AspNetCore.Http.Connections.Common.dll 10.0.8 at C:\Program Files\dotnet\packs\Microsoft.AspNetCore.App.Ref\10.0.8\ref\net10.0\Microsoft.AspNetCore.Http.Connections.Common.dll
  - Microsoft.AspNetCore.Http.Connections.dll 10.0.8 at C:\Program Files\dotnet\packs\Microsoft.AspNetCore.App.Ref\10.0.8\ref\net10.0\Microsoft.AspNetCore.Http.Connections.dll
  - Microsoft.AspNetCore.Http.dll 10.0.8 at C:\Program Files\dotnet\packs\Microsoft.AspNetCore.App.Ref\10.0.8\ref\net10.0\Microsoft.AspNetCore.Http.dll
  - Microsoft.AspNetCore.Http.Extensions.dll 10.0.8 at C:\Program Files\dotnet\packs\Microsoft.AspNetCore.App.Ref\10.0.8\ref\net10.0\Microsoft.AspNetCore.Http.Extensions.dll
  - Microsoft.AspNetCore.Http.Features.dll 10.0.8 at C:\Program Files\dotnet\packs\Microsoft.AspNetCore.App.Ref\10.0.8\ref\net10.0\Microsoft.AspNetCore.Http.Features.dll
  - Microsoft.AspNetCore.Http.Results.dll 10.0.8 at C:\Program Files\dotnet\packs\Microsoft.AspNetCore.App.Ref\10.0.8\ref\net10.0\Microsoft.AspNetCore.Http.Results.dll
  - Microsoft.AspNetCore.HttpLogging.dll 10.0.8 at C:\Program Files\dotnet\packs\Microsoft.AspNetCore.App.Ref\10.0.8\ref\net10.0\Microsoft.AspNetCore.HttpLogging.dll
  - Microsoft.AspNetCore.HttpOverrides.dll 10.0.8 at C:\Program Files\dotnet\packs\Microsoft.AspNetCore.App.Ref\10.0.8\ref\net10.0\Microsoft.AspNetCore.HttpOverrides.dll
  - Microsoft.AspNetCore.HttpsPolicy.dll 10.0.8 at C:\Program Files\dotnet\packs\Microsoft.AspNetCore.App.Ref\10.0.8\ref\net10.0\Microsoft.AspNetCore.HttpsPolicy.dll
  - Microsoft.AspNetCore.Identity.dll 10.0.8 at C:\Program Files\dotnet\packs\Microsoft.AspNetCore.App.Ref\10.0.8\ref\net10.0\Microsoft.AspNetCore.Identity.dll
  - Microsoft.AspNetCore.Localization.dll 10.0.8 at C:\Program Files\dotnet\packs\Microsoft.AspNetCore.App.Ref\10.0.8\ref\net10.0\Microsoft.AspNetCore.Localization.dll
  - Microsoft.AspNetCore.Localization.Routing.dll 10.0.8 at C:\Program Files\dotnet\packs\Microsoft.AspNetCore.App.Ref\10.0.8\ref\net10.0\Microsoft.AspNetCore.Localization.Routing.dll
  - Microsoft.AspNetCore.Metadata.dll 10.0.8 at C:\Program Files\dotnet\packs\Microsoft.AspNetCore.App.Ref\10.0.8\ref\net10.0\Microsoft.AspNetCore.Metadata.dll
  - Microsoft.AspNetCore.Mvc.Abstractions.dll 10.0.8 at C:\Program Files\dotnet\packs\Microsoft.AspNetCore.App.Ref\10.0.8\ref\net10.0\Microsoft.AspNetCore.Mvc.Abstractions.dll
  - Microsoft.AspNetCore.Mvc.ApiExplorer.dll 10.0.8 at C:\Program Files\dotnet\packs\Microsoft.AspNetCore.App.Ref\10.0.8\ref\net10.0\Microsoft.AspNetCore.Mvc.ApiExplorer.dll
  - Microsoft.AspNetCore.Mvc.Core.dll 10.0.8 at C:\Program Files\dotnet\packs\Microsoft.AspNetCore.App.Ref\10.0.8\ref\net10.0\Microsoft.AspNetCore.Mvc.Core.dll
  - Microsoft.AspNetCore.Mvc.Cors.dll 10.0.8 at C:\Program Files\dotnet\packs\Microsoft.AspNetCore.App.Ref\10.0.8\ref\net10.0\Microsoft.AspNetCore.Mvc.Cors.dll
  - Microsoft.AspNetCore.Mvc.DataAnnotations.dll 10.0.8 at C:\Program Files\dotnet\packs\Microsoft.AspNetCore.App.Ref\10.0.8\ref\net10.0\Microsoft.AspNetCore.Mvc.DataAnnotations.dll
  - Microsoft.AspNetCore.Mvc.dll 10.0.8 at C:\Program Files\dotnet\packs\Microsoft.AspNetCore.App.Ref\10.0.8\ref\net10.0\Microsoft.AspNetCore.Mvc.dll
  - Microsoft.AspNetCore.Mvc.Formatters.Json.dll 10.0.8 at C:\Program Files\dotnet\packs\Microsoft.AspNetCore.App.Ref\10.0.8\ref\net10.0\Microsoft.AspNetCore.Mvc.Formatters.Json.dll
  - Microsoft.AspNetCore.Mvc.Formatters.Xml.dll 10.0.8 at C:\Program Files\dotnet\packs\Microsoft.AspNetCore.App.Ref\10.0.8\ref\net10.0\Microsoft.AspNetCore.Mvc.Formatters.Xml.dll
  - Microsoft.AspNetCore.Mvc.Localization.dll 10.0.8 at C:\Program Files\dotnet\packs\Microsoft.AspNetCore.App.Ref\10.0.8\ref\net10.0\Microsoft.AspNetCore.Mvc.Localization.dll
  - Microsoft.AspNetCore.Mvc.Razor.dll 10.0.8 at C:\Program Files\dotnet\packs\Microsoft.AspNetCore.App.Ref\10.0.8\ref\net10.0\Microsoft.AspNetCore.Mvc.Razor.dll
  - Microsoft.AspNetCore.Mvc.RazorPages.dll 10.0.8 at C:\Program Files\dotnet\packs\Microsoft.AspNetCore.App.Ref\10.0.8\ref\net10.0\Microsoft.AspNetCore.Mvc.RazorPages.dll
  - Microsoft.AspNetCore.Mvc.TagHelpers.dll 10.0.8 at C:\Program Files\dotnet\packs\Microsoft.AspNetCore.App.Ref\10.0.8\ref\net10.0\Microsoft.AspNetCore.Mvc.TagHelpers.dll
  - Microsoft.AspNetCore.Mvc.ViewFeatures.dll 10.0.8 at C:\Program Files\dotnet\packs\Microsoft.AspNetCore.App.Ref\10.0.8\ref\net10.0\Microsoft.AspNetCore.Mvc.ViewFeatures.dll
  - Microsoft.AspNetCore.OutputCaching.dll 10.0.8 at C:\Program Files\dotnet\packs\Microsoft.AspNetCore.App.Ref\10.0.8\ref\net10.0\Microsoft.AspNetCore.OutputCaching.dll
  - Microsoft.AspNetCore.RateLimiting.dll 10.0.8 at C:\Program Files\dotnet\packs\Microsoft.AspNetCore.App.Ref\10.0.8\ref\net10.0\Microsoft.AspNetCore.RateLimiting.dll
  - Microsoft.AspNetCore.Razor.dll 10.0.8 at C:\Program Files\dotnet\packs\Microsoft.AspNetCore.App.Ref\10.0.8\ref\net10.0\Microsoft.AspNetCore.Razor.dll
  - Microsoft.AspNetCore.Razor.Runtime.dll 10.0.8 at C:\Program Files\dotnet\packs\Microsoft.AspNetCore.App.Ref\10.0.8\ref\net10.0\Microsoft.AspNetCore.Razor.Runtime.dll
  - Microsoft.AspNetCore.RequestDecompression.dll 10.0.8 at C:\Program Files\dotnet\packs\Microsoft.AspNetCore.App.Ref\10.0.8\ref\net10.0\Microsoft.AspNetCore.RequestDecompression.dll
  - Microsoft.AspNetCore.ResponseCaching.Abstractions.dll 10.0.8 at C:\Program Files\dotnet\packs\Microsoft.AspNetCore.App.Ref\10.0.8\ref\net10.0\Microsoft.AspNetCore.ResponseCaching.Abstractions.dll
  - Microsoft.AspNetCore.ResponseCaching.dll 10.0.8 at C:\Program Files\dotnet\packs\Microsoft.AspNetCore.App.Ref\10.0.8\ref\net10.0\Microsoft.AspNetCore.ResponseCaching.dll
  - Microsoft.AspNetCore.ResponseCompression.dll 10.0.8 at C:\Program Files\dotnet\packs\Microsoft.AspNetCore.App.Ref\10.0.8\ref\net10.0\Microsoft.AspNetCore.ResponseCompression.dll
  - Microsoft.AspNetCore.Rewrite.dll 10.0.8 at C:\Program Files\dotnet\packs\Microsoft.AspNetCore.App.Ref\10.0.8\ref\net10.0\Microsoft.AspNetCore.Rewrite.dll
  - Microsoft.AspNetCore.Routing.Abstractions.dll 10.0.8 at C:\Program Files\dotnet\packs\Microsoft.AspNetCore.App.Ref\10.0.8\ref\net10.0\Microsoft.AspNetCore.Routing.Abstractions.dll
  - Microsoft.AspNetCore.Routing.dll 10.0.8 at C:\Program Files\dotnet\packs\Microsoft.AspNetCore.App.Ref\10.0.8\ref\net10.0\Microsoft.AspNetCore.Routing.dll
  - Microsoft.AspNetCore.Server.HttpSys.dll 10.0.8 at C:\Program Files\dotnet\packs\Microsoft.AspNetCore.App.Ref\10.0.8\ref\net10.0\Microsoft.AspNetCore.Server.HttpSys.dll
  - Microsoft.AspNetCore.Server.IIS.dll 10.0.8 at C:\Program Files\dotnet\packs\Microsoft.AspNetCore.App.Ref\10.0.8\ref\net10.0\Microsoft.AspNetCore.Server.IIS.dll
  - Microsoft.AspNetCore.Server.IISIntegration.dll 10.0.8 at C:\Program Files\dotnet\packs\Microsoft.AspNetCore.App.Ref\10.0.8\ref\net10.0\Microsoft.AspNetCore.Server.IISIntegration.dll
  - Microsoft.AspNetCore.Server.Kestrel.Core.dll 10.0.8 at C:\Program Files\dotnet\packs\Microsoft.AspNetCore.App.Ref\10.0.8\ref\net10.0\Microsoft.AspNetCore.Server.Kestrel.Core.dll
  - Microsoft.AspNetCore.Server.Kestrel.dll 10.0.8 at C:\Program Files\dotnet\packs\Microsoft.AspNetCore.App.Ref\10.0.8\ref\net10.0\Microsoft.AspNetCore.Server.Kestrel.dll
  - Microsoft.AspNetCore.Server.Kestrel.Transport.NamedPipes.dll 10.0.8 at C:\Program Files\dotnet\packs\Microsoft.AspNetCore.App.Ref\10.0.8\ref\net10.0\Microsoft.AspNetCore.Server.Kestrel.Transport.NamedPipes.dll
  - Microsoft.AspNetCore.Server.Kestrel.Transport.Quic.dll 10.0.8 at C:\Program Files\dotnet\packs\Microsoft.AspNetCore.App.Ref\10.0.8\ref\net10.0\Microsoft.AspNetCore.Server.Kestrel.Transport.Quic.dll
  - Microsoft.AspNetCore.Server.Kestrel.Transport.Sockets.dll 10.0.8 at C:\Program Files\dotnet\packs\Microsoft.AspNetCore.App.Ref\10.0.8\ref\net10.0\Microsoft.AspNetCore.Server.Kestrel.Transport.Sockets.dll
  - Microsoft.AspNetCore.Session.dll 10.0.8 at C:\Program Files\dotnet\packs\Microsoft.AspNetCore.App.Ref\10.0.8\ref\net10.0\Microsoft.AspNetCore.Session.dll
  - Microsoft.AspNetCore.SignalR.Common.dll 10.0.8 at C:\Program Files\dotnet\packs\Microsoft.AspNetCore.App.Ref\10.0.8\ref\net10.0\Microsoft.AspNetCore.SignalR.Common.dll
  - Microsoft.AspNetCore.SignalR.Core.dll 10.0.8 at C:\Program Files\dotnet\packs\Microsoft.AspNetCore.App.Ref\10.0.8\ref\net10.0\Microsoft.AspNetCore.SignalR.Core.dll
  - Microsoft.AspNetCore.SignalR.dll 10.0.8 at C:\Program Files\dotnet\packs\Microsoft.AspNetCore.App.Ref\10.0.8\ref\net10.0\Microsoft.AspNetCore.SignalR.dll
  - Microsoft.AspNetCore.SignalR.Protocols.Json.dll 10.0.8 at C:\Program Files\dotnet\packs\Microsoft.AspNetCore.App.Ref\10.0.8\ref\net10.0\Microsoft.AspNetCore.SignalR.Protocols.Json.dll
  - Microsoft.AspNetCore.StaticAssets.dll 10.0.8 at C:\Program Files\dotnet\packs\Microsoft.AspNetCore.App.Ref\10.0.8\ref\net10.0\Microsoft.AspNetCore.StaticAssets.dll
  - Microsoft.AspNetCore.StaticFiles.dll 10.0.8 at C:\Program Files\dotnet\packs\Microsoft.AspNetCore.App.Ref\10.0.8\ref\net10.0\Microsoft.AspNetCore.StaticFiles.dll
  - Microsoft.AspNetCore.WebSockets.dll 10.0.8 at C:\Program Files\dotnet\packs\Microsoft.AspNetCore.App.Ref\10.0.8\ref\net10.0\Microsoft.AspNetCore.WebSockets.dll
  - Microsoft.AspNetCore.WebUtilities.dll 10.0.8 at C:\Program Files\dotnet\packs\Microsoft.AspNetCore.App.Ref\10.0.8\ref\net10.0\Microsoft.AspNetCore.WebUtilities.dll
  - Microsoft.CSharp.dll 10.0.8 at C:\Program Files\dotnet\packs\Microsoft.NETCore.App.Ref\10.0.8\ref\net10.0\Microsoft.CSharp.dll
  - Microsoft.Extensions.AI.Abstractions.dll 10.4.0 at C:\Users\tddkhanh\.nuget\packages\microsoft.extensions.ai.abstractions\10.4.0\lib\net10.0\Microsoft.Extensions.AI.Abstractions.dll
  - Microsoft.Extensions.AI.dll 10.4.0 at C:\Users\tddkhanh\.nuget\packages\microsoft.extensions.ai\10.4.0\lib\net10.0\Microsoft.Extensions.AI.dll
  - Microsoft.Extensions.Caching.Abstractions.dll 10.0.8 at C:\Program Files\dotnet\packs\Microsoft.AspNetCore.App.Ref\10.0.8\ref\net10.0\Microsoft.Extensions.Caching.Abstractions.dll
  - Microsoft.Extensions.Caching.Memory.dll 10.0.8 at C:\Program Files\dotnet\packs\Microsoft.AspNetCore.App.Ref\10.0.8\ref\net10.0\Microsoft.Extensions.Caching.Memory.dll
  - Microsoft.Extensions.Configuration.Abstractions.dll 10.0.8 at C:\Program Files\dotnet\packs\Microsoft.AspNetCore.App.Ref\10.0.8\ref\net10.0\Microsoft.Extensions.Configuration.Abstractions.dll
  - Microsoft.Extensions.Configuration.Binder.dll 10.0.8 at C:\Program Files\dotnet\packs\Microsoft.AspNetCore.App.Ref\10.0.8\ref\net10.0\Microsoft.Extensions.Configuration.Binder.dll
  - Microsoft.Extensions.Configuration.CommandLine.dll 10.0.8 at C:\Program Files\dotnet\packs\Microsoft.AspNetCore.App.Ref\10.0.8\ref\net10.0\Microsoft.Extensions.Configuration.CommandLine.dll
  - Microsoft.Extensions.Configuration.dll 10.0.8 at C:\Program Files\dotnet\packs\Microsoft.AspNetCore.App.Ref\10.0.8\ref\net10.0\Microsoft.Extensions.Configuration.dll
  - Microsoft.Extensions.Configuration.EnvironmentVariables.dll 10.0.8 at C:\Program Files\dotnet\packs\Microsoft.AspNetCore.App.Ref\10.0.8\ref\net10.0\Microsoft.Extensions.Configuration.EnvironmentVariables.dll
  - Microsoft.Extensions.Configuration.FileExtensions.dll 10.0.8 at C:\Program Files\dotnet\packs\Microsoft.AspNetCore.App.Ref\10.0.8\ref\net10.0\Microsoft.Extensions.Configuration.FileExtensions.dll
  - Microsoft.Extensions.Configuration.Ini.dll 10.0.8 at C:\Program Files\dotnet\packs\Microsoft.AspNetCore.App.Ref\10.0.8\ref\net10.0\Microsoft.Extensions.Configuration.Ini.dll
  - Microsoft.Extensions.Configuration.Json.dll 10.0.8 at C:\Program Files\dotnet\packs\Microsoft.AspNetCore.App.Ref\10.0.8\ref\net10.0\Microsoft.Extensions.Configuration.Json.dll
  - Microsoft.Extensions.Configuration.KeyPerFile.dll 10.0.8 at C:\Program Files\dotnet\packs\Microsoft.AspNetCore.App.Ref\10.0.8\ref\net10.0\Microsoft.Extensions.Configuration.KeyPerFile.dll
  - Microsoft.Extensions.Configuration.UserSecrets.dll 10.0.8 at C:\Program Files\dotnet\packs\Microsoft.AspNetCore.App.Ref\10.0.8\ref\net10.0\Microsoft.Extensions.Configuration.UserSecrets.dll
  - Microsoft.Extensions.Configuration.Xml.dll 10.0.8 at C:\Program Files\dotnet\packs\Microsoft.AspNetCore.App.Ref\10.0.8\ref\net10.0\Microsoft.Extensions.Configuration.Xml.dll
  - Microsoft.Extensions.DependencyInjection.Abstractions.dll 10.0.8 at C:\Program Files\dotnet\packs\Microsoft.AspNetCore.App.Ref\10.0.8\ref\net10.0\Microsoft.Extensions.DependencyInjection.Abstractions.dll
  - Microsoft.Extensions.DependencyInjection.dll 10.0.8 at C:\Program Files\dotnet\packs\Microsoft.AspNetCore.App.Ref\10.0.8\ref\net10.0\Microsoft.Extensions.DependencyInjection.dll
  - Microsoft.Extensions.Diagnostics.Abstractions.dll 10.0.8 at C:\Program Files\dotnet\packs\Microsoft.AspNetCore.App.Ref\10.0.8\ref\net10.0\Microsoft.Extensions.Diagnostics.Abstractions.dll
  - Microsoft.Extensions.Diagnostics.dll 10.0.8 at C:\Program Files\dotnet\packs\Microsoft.AspNetCore.App.Ref\10.0.8\ref\net10.0\Microsoft.Extensions.Diagnostics.dll
  - Microsoft.Extensions.Diagnostics.HealthChecks.Abstractions.dll 10.0.8 at C:\Program Files\dotnet\packs\Microsoft.AspNetCore.App.Ref\10.0.8\ref\net10.0\Microsoft.Extensions.Diagnostics.HealthChecks.Abstractions.dll
  - Microsoft.Extensions.Diagnostics.HealthChecks.dll 10.0.8 at C:\Program Files\dotnet\packs\Microsoft.AspNetCore.App.Ref\10.0.8\ref\net10.0\Microsoft.Extensions.Diagnostics.HealthChecks.dll
  - Microsoft.Extensions.Features.dll 10.0.8 at C:\Program Files\dotnet\packs\Microsoft.AspNetCore.App.Ref\10.0.8\ref\net10.0\Microsoft.Extensions.Features.dll
  - Microsoft.Extensions.FileProviders.Abstractions.dll 10.0.8 at C:\Program Files\dotnet\packs\Microsoft.AspNetCore.App.Ref\10.0.8\ref\net10.0\Microsoft.Extensions.FileProviders.Abstractions.dll
  - Microsoft.Extensions.FileProviders.Composite.dll 10.0.8 at C:\Program Files\dotnet\packs\Microsoft.AspNetCore.App.Ref\10.0.8\ref\net10.0\Microsoft.Extensions.FileProviders.Composite.dll
  - Microsoft.Extensions.FileProviders.Embedded.dll 10.0.8 at C:\Program Files\dotnet\packs\Microsoft.AspNetCore.App.Ref\10.0.8\ref\net10.0\Microsoft.Extensions.FileProviders.Embedded.dll
  - Microsoft.Extensions.FileProviders.Physical.dll 10.0.8 at C:\Program Files\dotnet\packs\Microsoft.AspNetCore.App.Ref\10.0.8\ref\net10.0\Microsoft.Extensions.FileProviders.Physical.dll
  - Microsoft.Extensions.FileSystemGlobbing.dll 10.0.8 at C:\Program Files\dotnet\packs\Microsoft.AspNetCore.App.Ref\10.0.8\ref\net10.0\Microsoft.Extensions.FileSystemGlobbing.dll
  - Microsoft.Extensions.Hosting.Abstractions.dll 10.0.8 at C:\Program Files\dotnet\packs\Microsoft.AspNetCore.App.Ref\10.0.8\ref\net10.0\Microsoft.Extensions.Hosting.Abstractions.dll
  - Microsoft.Extensions.Hosting.dll 10.0.8 at C:\Program Files\dotnet\packs\Microsoft.AspNetCore.App.Ref\10.0.8\ref\net10.0\Microsoft.Extensions.Hosting.dll
  - Microsoft.Extensions.Http.dll 10.0.8 at C:\Program Files\dotnet\packs\Microsoft.AspNetCore.App.Ref\10.0.8\ref\net10.0\Microsoft.Extensions.Http.dll
  - Microsoft.Extensions.Identity.Core.dll 10.0.8 at C:\Program Files\dotnet\packs\Microsoft.AspNetCore.App.Ref\10.0.8\ref\net10.0\Microsoft.Extensions.Identity.Core.dll
  - Microsoft.Extensions.Identity.Stores.dll 10.0.8 at C:\Program Files\dotnet\packs\Microsoft.AspNetCore.App.Ref\10.0.8\ref\net10.0\Microsoft.Extensions.Identity.Stores.dll
  - Microsoft.Extensions.Localization.Abstractions.dll 10.0.8 at C:\Program Files\dotnet\packs\Microsoft.AspNetCore.App.Ref\10.0.8\ref\net10.0\Microsoft.Extensions.Localization.Abstractions.dll
  - Microsoft.Extensions.Localization.dll 10.0.8 at C:\Program Files\dotnet\packs\Microsoft.AspNetCore.App.Ref\10.0.8\ref\net10.0\Microsoft.Extensions.Localization.dll
  - Microsoft.Extensions.Logging.Abstractions.dll 10.0.8 at C:\Program Files\dotnet\packs\Microsoft.AspNetCore.App.Ref\10.0.8\ref\net10.0\Microsoft.Extensions.Logging.Abstractions.dll
  - Microsoft.Extensions.Logging.Configuration.dll 10.0.8 at C:\Program Files\dotnet\packs\Microsoft.AspNetCore.App.Ref\10.0.8\ref\net10.0\Microsoft.Extensions.Logging.Configuration.dll
  - Microsoft.Extensions.Logging.Console.dll 10.0.8 at C:\Program Files\dotnet\packs\Microsoft.AspNetCore.App.Ref\10.0.8\ref\net10.0\Microsoft.Extensions.Logging.Console.dll
  - Microsoft.Extensions.Logging.Debug.dll 10.0.8 at C:\Program Files\dotnet\packs\Microsoft.AspNetCore.App.Ref\10.0.8\ref\net10.0\Microsoft.Extensions.Logging.Debug.dll
  - Microsoft.Extensions.Logging.dll 10.0.8 at C:\Program Files\dotnet\packs\Microsoft.AspNetCore.App.Ref\10.0.8\ref\net10.0\Microsoft.Extensions.Logging.dll
  - Microsoft.Extensions.Logging.EventLog.dll 10.0.8 at C:\Program Files\dotnet\packs\Microsoft.AspNetCore.App.Ref\10.0.8\ref\net10.0\Microsoft.Extensions.Logging.EventLog.dll
  - Microsoft.Extensions.Logging.EventSource.dll 10.0.8 at C:\Program Files\dotnet\packs\Microsoft.AspNetCore.App.Ref\10.0.8\ref\net10.0\Microsoft.Extensions.Logging.EventSource.dll
  - Microsoft.Extensions.Logging.TraceSource.dll 10.0.8 at C:\Program Files\dotnet\packs\Microsoft.AspNetCore.App.Ref\10.0.8\ref\net10.0\Microsoft.Extensions.Logging.TraceSource.dll
  - Microsoft.Extensions.ObjectPool.dll 10.0.8 at C:\Program Files\dotnet\packs\Microsoft.AspNetCore.App.Ref\10.0.8\ref\net10.0\Microsoft.Extensions.ObjectPool.dll
  - Microsoft.Extensions.Options.ConfigurationExtensions.dll 10.0.8 at C:\Program Files\dotnet\packs\Microsoft.AspNetCore.App.Ref\10.0.8\ref\net10.0\Microsoft.Extensions.Options.ConfigurationExtensions.dll
  - Microsoft.Extensions.Options.DataAnnotations.dll 10.0.8 at C:\Program Files\dotnet\packs\Microsoft.AspNetCore.App.Ref\10.0.8\ref\net10.0\Microsoft.Extensions.Options.DataAnnotations.dll
  - Microsoft.Extensions.Options.dll 10.0.8 at C:\Program Files\dotnet\packs\Microsoft.AspNetCore.App.Ref\10.0.8\ref\net10.0\Microsoft.Extensions.Options.dll
  - Microsoft.Extensions.Primitives.dll 10.0.8 at C:\Program Files\dotnet\packs\Microsoft.AspNetCore.App.Ref\10.0.8\ref\net10.0\Microsoft.Extensions.Primitives.dll
  - Microsoft.Extensions.Validation.dll 10.0.8 at C:\Program Files\dotnet\packs\Microsoft.AspNetCore.App.Ref\10.0.8\ref\net10.0\Microsoft.Extensions.Validation.dll
  - Microsoft.Extensions.WebEncoders.dll 10.0.8 at C:\Program Files\dotnet\packs\Microsoft.AspNetCore.App.Ref\10.0.8\ref\net10.0\Microsoft.Extensions.WebEncoders.dll
  - Microsoft.JSInterop.dll 10.0.8 at C:\Program Files\dotnet\packs\Microsoft.AspNetCore.App.Ref\10.0.8\ref\net10.0\Microsoft.JSInterop.dll
  - Microsoft.Net.Http.Headers.dll 10.0.8 at C:\Program Files\dotnet\packs\Microsoft.AspNetCore.App.Ref\10.0.8\ref\net10.0\Microsoft.Net.Http.Headers.dll
  - Microsoft.VisualBasic.Core.dll 10.0.8 at C:\Program Files\dotnet\packs\Microsoft.NETCore.App.Ref\10.0.8\ref\net10.0\Microsoft.VisualBasic.Core.dll
  - Microsoft.VisualBasic.dll 10.0.8 at C:\Program Files\dotnet\packs\Microsoft.NETCore.App.Ref\10.0.8\ref\net10.0\Microsoft.VisualBasic.dll
  - Microsoft.Win32.Primitives.dll 10.0.8 at C:\Program Files\dotnet\packs\Microsoft.NETCore.App.Ref\10.0.8\ref\net10.0\Microsoft.Win32.Primitives.dll
  - Microsoft.Win32.Registry.dll 10.0.8 at C:\Program Files\dotnet\packs\Microsoft.NETCore.App.Ref\10.0.8\ref\net10.0\Microsoft.Win32.Registry.dll
  - mscorlib.dll 10.0.8 at C:\Program Files\dotnet\packs\Microsoft.NETCore.App.Ref\10.0.8\ref\net10.0\mscorlib.dll
  - netstandard.dll 10.0.8 at C:\Program Files\dotnet\packs\Microsoft.NETCore.App.Ref\10.0.8\ref\net10.0\netstandard.dll
  - System.AppContext.dll 10.0.8 at C:\Program Files\dotnet\packs\Microsoft.NETCore.App.Ref\10.0.8\ref\net10.0\System.AppContext.dll
  - System.Buffers.dll 10.0.8 at C:\Program Files\dotnet\packs\Microsoft.NETCore.App.Ref\10.0.8\ref\net10.0\System.Buffers.dll
  - System.Collections.Concurrent.dll 10.0.8 at C:\Program Files\dotnet\packs\Microsoft.NETCore.App.Ref\10.0.8\ref\net10.0\System.Collections.Concurrent.dll
  - System.Collections.dll 10.0.8 at C:\Program Files\dotnet\packs\Microsoft.NETCore.App.Ref\10.0.8\ref\net10.0\System.Collections.dll
  - System.Collections.Immutable.dll 10.0.8 at C:\Program Files\dotnet\packs\Microsoft.NETCore.App.Ref\10.0.8\ref\net10.0\System.Collections.Immutable.dll
  - System.Collections.NonGeneric.dll 10.0.8 at C:\Program Files\dotnet\packs\Microsoft.NETCore.App.Ref\10.0.8\ref\net10.0\System.Collections.NonGeneric.dll
  - System.Collections.Specialized.dll 10.0.8 at C:\Program Files\dotnet\packs\Microsoft.NETCore.App.Ref\10.0.8\ref\net10.0\System.Collections.Specialized.dll
  - System.ComponentModel.Annotations.dll 10.0.8 at C:\Program Files\dotnet\packs\Microsoft.NETCore.App.Ref\10.0.8\ref\net10.0\System.ComponentModel.Annotations.dll
  - System.ComponentModel.DataAnnotations.dll 10.0.8 at C:\Program Files\dotnet\packs\Microsoft.NETCore.App.Ref\10.0.8\ref\net10.0\System.ComponentModel.DataAnnotations.dll
  - System.ComponentModel.dll 10.0.8 at C:\Program Files\dotnet\packs\Microsoft.NETCore.App.Ref\10.0.8\ref\net10.0\System.ComponentModel.dll
  - System.ComponentModel.EventBasedAsync.dll 10.0.8 at C:\Program Files\dotnet\packs\Microsoft.NETCore.App.Ref\10.0.8\ref\net10.0\System.ComponentModel.EventBasedAsync.dll
  - System.ComponentModel.Primitives.dll 10.0.8 at C:\Program Files\dotnet\packs\Microsoft.NETCore.App.Ref\10.0.8\ref\net10.0\System.ComponentModel.Primitives.dll
  - System.ComponentModel.TypeConverter.dll 10.0.8 at C:\Program Files\dotnet\packs\Microsoft.NETCore.App.Ref\10.0.8\ref\net10.0\System.ComponentModel.TypeConverter.dll
  - System.Configuration.dll 10.0.8 at C:\Program Files\dotnet\packs\Microsoft.NETCore.App.Ref\10.0.8\ref\net10.0\System.Configuration.dll
  - System.Console.dll 10.0.8 at C:\Program Files\dotnet\packs\Microsoft.NETCore.App.Ref\10.0.8\ref\net10.0\System.Console.dll
  - System.Core.dll 10.0.8 at C:\Program Files\dotnet\packs\Microsoft.NETCore.App.Ref\10.0.8\ref\net10.0\System.Core.dll
  - System.Data.Common.dll 10.0.8 at C:\Program Files\dotnet\packs\Microsoft.NETCore.App.Ref\10.0.8\ref\net10.0\System.Data.Common.dll
  - System.Data.DataSetExtensions.dll 10.0.8 at C:\Program Files\dotnet\packs\Microsoft.NETCore.App.Ref\10.0.8\ref\net10.0\System.Data.DataSetExtensions.dll
  - System.Data.dll 10.0.8 at C:\Program Files\dotnet\packs\Microsoft.NETCore.App.Ref\10.0.8\ref\net10.0\System.Data.dll
  - System.Diagnostics.Contracts.dll 10.0.8 at C:\Program Files\dotnet\packs\Microsoft.NETCore.App.Ref\10.0.8\ref\net10.0\System.Diagnostics.Contracts.dll
  - System.Diagnostics.Debug.dll 10.0.8 at C:\Program Files\dotnet\packs\Microsoft.NETCore.App.Ref\10.0.8\ref\net10.0\System.Diagnostics.Debug.dll
  - System.Diagnostics.DiagnosticSource.dll 10.0.8 at C:\Program Files\dotnet\packs\Microsoft.NETCore.App.Ref\10.0.8\ref\net10.0\System.Diagnostics.DiagnosticSource.dll
  - System.Diagnostics.EventLog.dll 10.0.8 at C:\Program Files\dotnet\packs\Microsoft.AspNetCore.App.Ref\10.0.8\ref\net10.0\System.Diagnostics.EventLog.dll
  - System.Diagnostics.FileVersionInfo.dll 10.0.8 at C:\Program Files\dotnet\packs\Microsoft.NETCore.App.Ref\10.0.8\ref\net10.0\System.Diagnostics.FileVersionInfo.dll
  - System.Diagnostics.Process.dll 10.0.8 at C:\Program Files\dotnet\packs\Microsoft.NETCore.App.Ref\10.0.8\ref\net10.0\System.Diagnostics.Process.dll
  - System.Diagnostics.StackTrace.dll 10.0.8 at C:\Program Files\dotnet\packs\Microsoft.NETCore.App.Ref\10.0.8\ref\net10.0\System.Diagnostics.StackTrace.dll
  - System.Diagnostics.TextWriterTraceListener.dll 10.0.8 at C:\Program Files\dotnet\packs\Microsoft.NETCore.App.Ref\10.0.8\ref\net10.0\System.Diagnostics.TextWriterTraceListener.dll
  - System.Diagnostics.Tools.dll 10.0.8 at C:\Program Files\dotnet\packs\Microsoft.NETCore.App.Ref\10.0.8\ref\net10.0\System.Diagnostics.Tools.dll
  - System.Diagnostics.TraceSource.dll 10.0.8 at C:\Program Files\dotnet\packs\Microsoft.NETCore.App.Ref\10.0.8\ref\net10.0\System.Diagnostics.TraceSource.dll
  - System.Diagnostics.Tracing.dll 10.0.8 at C:\Program Files\dotnet\packs\Microsoft.NETCore.App.Ref\10.0.8\ref\net10.0\System.Diagnostics.Tracing.dll
  - System.dll 10.0.8 at C:\Program Files\dotnet\packs\Microsoft.NETCore.App.Ref\10.0.8\ref\net10.0\System.dll
  - System.Drawing.dll 10.0.8 at C:\Program Files\dotnet\packs\Microsoft.NETCore.App.Ref\10.0.8\ref\net10.0\System.Drawing.dll
  - System.Drawing.Primitives.dll 10.0.8 at C:\Program Files\dotnet\packs\Microsoft.NETCore.App.Ref\10.0.8\ref\net10.0\System.Drawing.Primitives.dll
  - System.Dynamic.Runtime.dll 10.0.8 at C:\Program Files\dotnet\packs\Microsoft.NETCore.App.Ref\10.0.8\ref\net10.0\System.Dynamic.Runtime.dll
  - System.Formats.Asn1.dll 10.0.8 at C:\Program Files\dotnet\packs\Microsoft.NETCore.App.Ref\10.0.8\ref\net10.0\System.Formats.Asn1.dll
  - System.Formats.Cbor.dll 10.0.8 at C:\Program Files\dotnet\packs\Microsoft.AspNetCore.App.Ref\10.0.8\ref\net10.0\System.Formats.Cbor.dll
  - System.Formats.Tar.dll 10.0.8 at C:\Program Files\dotnet\packs\Microsoft.NETCore.App.Ref\10.0.8\ref\net10.0\System.Formats.Tar.dll
  - System.Globalization.Calendars.dll 10.0.8 at C:\Program Files\dotnet\packs\Microsoft.NETCore.App.Ref\10.0.8\ref\net10.0\System.Globalization.Calendars.dll
  - System.Globalization.dll 10.0.8 at C:\Program Files\dotnet\packs\Microsoft.NETCore.App.Ref\10.0.8\ref\net10.0\System.Globalization.dll
  - System.Globalization.Extensions.dll 10.0.8 at C:\Program Files\dotnet\packs\Microsoft.NETCore.App.Ref\10.0.8\ref\net10.0\System.Globalization.Extensions.dll
  - System.IO.Compression.Brotli.dll 10.0.8 at C:\Program Files\dotnet\packs\Microsoft.NETCore.App.Ref\10.0.8\ref\net10.0\System.IO.Compression.Brotli.dll
  - System.IO.Compression.dll 10.0.8 at C:\Program Files\dotnet\packs\Microsoft.NETCore.App.Ref\10.0.8\ref\net10.0\System.IO.Compression.dll
  - System.IO.Compression.FileSystem.dll 10.0.8 at C:\Program Files\dotnet\packs\Microsoft.NETCore.App.Ref\10.0.8\ref\net10.0\System.IO.Compression.FileSystem.dll
  - System.IO.Compression.ZipFile.dll 10.0.8 at C:\Program Files\dotnet\packs\Microsoft.NETCore.App.Ref\10.0.8\ref\net10.0\System.IO.Compression.ZipFile.dll
  - System.IO.dll 10.0.8 at C:\Program Files\dotnet\packs\Microsoft.NETCore.App.Ref\10.0.8\ref\net10.0\System.IO.dll
  - System.IO.FileSystem.AccessControl.dll 10.0.8 at C:\Program Files\dotnet\packs\Microsoft.NETCore.App.Ref\10.0.8\ref\net10.0\System.IO.FileSystem.AccessControl.dll
  - System.IO.FileSystem.dll 10.0.8 at C:\Program Files\dotnet\packs\Microsoft.NETCore.App.Ref\10.0.8\ref\net10.0\System.IO.FileSystem.dll
  - System.IO.FileSystem.DriveInfo.dll 10.0.8 at C:\Program Files\dotnet\packs\Microsoft.NETCore.App.Ref\10.0.8\ref\net10.0\System.IO.FileSystem.DriveInfo.dll
  - System.IO.FileSystem.Primitives.dll 10.0.8 at C:\Program Files\dotnet\packs\Microsoft.NETCore.App.Ref\10.0.8\ref\net10.0\System.IO.FileSystem.Primitives.dll
  - System.IO.FileSystem.Watcher.dll 10.0.8 at C:\Program Files\dotnet\packs\Microsoft.NETCore.App.Ref\10.0.8\ref\net10.0\System.IO.FileSystem.Watcher.dll
  - System.IO.IsolatedStorage.dll 10.0.8 at C:\Program Files\dotnet\packs\Microsoft.NETCore.App.Ref\10.0.8\ref\net10.0\System.IO.IsolatedStorage.dll
  - System.IO.MemoryMappedFiles.dll 10.0.8 at C:\Program Files\dotnet\packs\Microsoft.NETCore.App.Ref\10.0.8\ref\net10.0\System.IO.MemoryMappedFiles.dll
  - System.IO.Pipelines.dll 10.0.8 at C:\Program Files\dotnet\packs\Microsoft.NETCore.App.Ref\10.0.8\ref\net10.0\System.IO.Pipelines.dll
  - System.IO.Pipes.AccessControl.dll 10.0.8 at C:\Program Files\dotnet\packs\Microsoft.NETCore.App.Ref\10.0.8\ref\net10.0\System.IO.Pipes.AccessControl.dll
  - System.IO.Pipes.dll 10.0.8 at C:\Program Files\dotnet\packs\Microsoft.NETCore.App.Ref\10.0.8\ref\net10.0\System.IO.Pipes.dll
  - System.IO.UnmanagedMemoryStream.dll 10.0.8 at C:\Program Files\dotnet\packs\Microsoft.NETCore.App.Ref\10.0.8\ref\net10.0\System.IO.UnmanagedMemoryStream.dll
  - System.Linq.AsyncEnumerable.dll 10.0.8 at C:\Program Files\dotnet\packs\Microsoft.NETCore.App.Ref\10.0.8\ref\net10.0\System.Linq.AsyncEnumerable.dll
  - System.Linq.dll 10.0.8 at C:\Program Files\dotnet\packs\Microsoft.NETCore.App.Ref\10.0.8\ref\net10.0\System.Linq.dll
  - System.Linq.Expressions.dll 10.0.8 at C:\Program Files\dotnet\packs\Microsoft.NETCore.App.Ref\10.0.8\ref\net10.0\System.Linq.Expressions.dll
  - System.Linq.Parallel.dll 10.0.8 at C:\Program Files\dotnet\packs\Microsoft.NETCore.App.Ref\10.0.8\ref\net10.0\System.Linq.Parallel.dll
  - System.Linq.Queryable.dll 10.0.8 at C:\Program Files\dotnet\packs\Microsoft.NETCore.App.Ref\10.0.8\ref\net10.0\System.Linq.Queryable.dll
  - System.Memory.dll 10.0.8 at C:\Program Files\dotnet\packs\Microsoft.NETCore.App.Ref\10.0.8\ref\net10.0\System.Memory.dll
  - System.Net.dll 10.0.8 at C:\Program Files\dotnet\packs\Microsoft.NETCore.App.Ref\10.0.8\ref\net10.0\System.Net.dll
  - System.Net.Http.dll 10.0.8 at C:\Program Files\dotnet\packs\Microsoft.NETCore.App.Ref\10.0.8\ref\net10.0\System.Net.Http.dll
  - System.Net.Http.Json.dll 10.0.8 at C:\Program Files\dotnet\packs\Microsoft.NETCore.App.Ref\10.0.8\ref\net10.0\System.Net.Http.Json.dll
  - System.Net.HttpListener.dll 10.0.8 at C:\Program Files\dotnet\packs\Microsoft.NETCore.App.Ref\10.0.8\ref\net10.0\System.Net.HttpListener.dll
  - System.Net.Mail.dll 10.0.8 at C:\Program Files\dotnet\packs\Microsoft.NETCore.App.Ref\10.0.8\ref\net10.0\System.Net.Mail.dll
  - System.Net.NameResolution.dll 10.0.8 at C:\Program Files\dotnet\packs\Microsoft.NETCore.App.Ref\10.0.8\ref\net10.0\System.Net.NameResolution.dll
  - System.Net.NetworkInformation.dll 10.0.8 at C:\Program Files\dotnet\packs\Microsoft.NETCore.App.Ref\10.0.8\ref\net10.0\System.Net.NetworkInformation.dll
  - System.Net.Ping.dll 10.0.8 at C:\Program Files\dotnet\packs\Microsoft.NETCore.App.Ref\10.0.8\ref\net10.0\System.Net.Ping.dll
  - System.Net.Primitives.dll 10.0.8 at C:\Program Files\dotnet\packs\Microsoft.NETCore.App.Ref\10.0.8\ref\net10.0\System.Net.Primitives.dll
  - System.Net.Quic.dll 10.0.8 at C:\Program Files\dotnet\packs\Microsoft.NETCore.App.Ref\10.0.8\ref\net10.0\System.Net.Quic.dll
  - System.Net.Requests.dll 10.0.8 at C:\Program Files\dotnet\packs\Microsoft.NETCore.App.Ref\10.0.8\ref\net10.0\System.Net.Requests.dll
  - System.Net.Security.dll 10.0.8 at C:\Program Files\dotnet\packs\Microsoft.NETCore.App.Ref\10.0.8\ref\net10.0\System.Net.Security.dll
  - System.Net.ServerSentEvents.dll 10.0.8 at C:\Program Files\dotnet\packs\Microsoft.NETCore.App.Ref\10.0.8\ref\net10.0\System.Net.ServerSentEvents.dll
  - System.Net.ServicePoint.dll 10.0.8 at C:\Program Files\dotnet\packs\Microsoft.NETCore.App.Ref\10.0.8\ref\net10.0\System.Net.ServicePoint.dll
  - System.Net.Sockets.dll 10.0.8 at C:\Program Files\dotnet\packs\Microsoft.NETCore.App.Ref\10.0.8\ref\net10.0\System.Net.Sockets.dll
  - System.Net.WebClient.dll 10.0.8 at C:\Program Files\dotnet\packs\Microsoft.NETCore.App.Ref\10.0.8\ref\net10.0\System.Net.WebClient.dll
  - System.Net.WebHeaderCollection.dll 10.0.8 at C:\Program Files\dotnet\packs\Microsoft.NETCore.App.Ref\10.0.8\ref\net10.0\System.Net.WebHeaderCollection.dll
  - System.Net.WebProxy.dll 10.0.8 at C:\Program Files\dotnet\packs\Microsoft.NETCore.App.Ref\10.0.8\ref\net10.0\System.Net.WebProxy.dll
  - System.Net.WebSockets.Client.dll 10.0.8 at C:\Program Files\dotnet\packs\Microsoft.NETCore.App.Ref\10.0.8\ref\net10.0\System.Net.WebSockets.Client.dll
  - System.Net.WebSockets.dll 10.0.8 at C:\Program Files\dotnet\packs\Microsoft.NETCore.App.Ref\10.0.8\ref\net10.0\System.Net.WebSockets.dll
  - System.Numerics.dll 10.0.8 at C:\Program Files\dotnet\packs\Microsoft.NETCore.App.Ref\10.0.8\ref\net10.0\System.Numerics.dll
  - System.Numerics.Tensors.dll 10.0.4 at C:\Users\tddkhanh\.nuget\packages\system.numerics.tensors\10.0.4\lib\net10.0\System.Numerics.Tensors.dll
  - System.Numerics.Vectors.dll 10.0.8 at C:\Program Files\dotnet\packs\Microsoft.NETCore.App.Ref\10.0.8\ref\net10.0\System.Numerics.Vectors.dll
  - System.ObjectModel.dll 10.0.8 at C:\Program Files\dotnet\packs\Microsoft.NETCore.App.Ref\10.0.8\ref\net10.0\System.ObjectModel.dll
  - System.Reflection.DispatchProxy.dll 10.0.8 at C:\Program Files\dotnet\packs\Microsoft.NETCore.App.Ref\10.0.8\ref\net10.0\System.Reflection.DispatchProxy.dll
  - System.Reflection.dll 10.0.8 at C:\Program Files\dotnet\packs\Microsoft.NETCore.App.Ref\10.0.8\ref\net10.0\System.Reflection.dll
  - System.Reflection.Emit.dll 10.0.8 at C:\Program Files\dotnet\packs\Microsoft.NETCore.App.Ref\10.0.8\ref\net10.0\System.Reflection.Emit.dll
  - System.Reflection.Emit.ILGeneration.dll 10.0.8 at C:\Program Files\dotnet\packs\Microsoft.NETCore.App.Ref\10.0.8\ref\net10.0\System.Reflection.Emit.ILGeneration.dll
  - System.Reflection.Emit.Lightweight.dll 10.0.8 at C:\Program Files\dotnet\packs\Microsoft.NETCore.App.Ref\10.0.8\ref\net10.0\System.Reflection.Emit.Lightweight.dll
  - System.Reflection.Extensions.dll 10.0.8 at C:\Program Files\dotnet\packs\Microsoft.NETCore.App.Ref\10.0.8\ref\net10.0\System.Reflection.Extensions.dll
  - System.Reflection.Metadata.dll 10.0.8 at C:\Program Files\dotnet\packs\Microsoft.NETCore.App.Ref\10.0.8\ref\net10.0\System.Reflection.Metadata.dll
  - System.Reflection.Primitives.dll 10.0.8 at C:\Program Files\dotnet\packs\Microsoft.NETCore.App.Ref\10.0.8\ref\net10.0\System.Reflection.Primitives.dll
  - System.Reflection.TypeExtensions.dll 10.0.8 at C:\Program Files\dotnet\packs\Microsoft.NETCore.App.Ref\10.0.8\ref\net10.0\System.Reflection.TypeExtensions.dll
  - System.Resources.Reader.dll 10.0.8 at C:\Program Files\dotnet\packs\Microsoft.NETCore.App.Ref\10.0.8\ref\net10.0\System.Resources.Reader.dll
  - System.Resources.ResourceManager.dll 10.0.8 at C:\Program Files\dotnet\packs\Microsoft.NETCore.App.Ref\10.0.8\ref\net10.0\System.Resources.ResourceManager.dll
  - System.Resources.Writer.dll 10.0.8 at C:\Program Files\dotnet\packs\Microsoft.NETCore.App.Ref\10.0.8\ref\net10.0\System.Resources.Writer.dll
  - System.Runtime.CompilerServices.Unsafe.dll 10.0.8 at C:\Program Files\dotnet\packs\Microsoft.NETCore.App.Ref\10.0.8\ref\net10.0\System.Runtime.CompilerServices.Unsafe.dll
  - System.Runtime.CompilerServices.VisualC.dll 10.0.8 at C:\Program Files\dotnet\packs\Microsoft.NETCore.App.Ref\10.0.8\ref\net10.0\System.Runtime.CompilerServices.VisualC.dll
  - System.Runtime.dll 10.0.8 at C:\Program Files\dotnet\packs\Microsoft.NETCore.App.Ref\10.0.8\ref\net10.0\System.Runtime.dll
  - System.Runtime.Extensions.dll 10.0.8 at C:\Program Files\dotnet\packs\Microsoft.NETCore.App.Ref\10.0.8\ref\net10.0\System.Runtime.Extensions.dll
  - System.Runtime.Handles.dll 10.0.8 at C:\Program Files\dotnet\packs\Microsoft.NETCore.App.Ref\10.0.8\ref\net10.0\System.Runtime.Handles.dll
  - System.Runtime.InteropServices.dll 10.0.8 at C:\Program Files\dotnet\packs\Microsoft.NETCore.App.Ref\10.0.8\ref\net10.0\System.Runtime.InteropServices.dll
  - System.Runtime.InteropServices.JavaScript.dll 10.0.8 at C:\Program Files\dotnet\packs\Microsoft.NETCore.App.Ref\10.0.8\ref\net10.0\System.Runtime.InteropServices.JavaScript.dll
  - System.Runtime.InteropServices.RuntimeInformation.dll 10.0.8 at C:\Program Files\dotnet\packs\Microsoft.NETCore.App.Ref\10.0.8\ref\net10.0\System.Runtime.InteropServices.RuntimeInformation.dll
  - System.Runtime.Intrinsics.dll 10.0.8 at C:\Program Files\dotnet\packs\Microsoft.NETCore.App.Ref\10.0.8\ref\net10.0\System.Runtime.Intrinsics.dll
  - System.Runtime.Loader.dll 10.0.8 at C:\Program Files\dotnet\packs\Microsoft.NETCore.App.Ref\10.0.8\ref\net10.0\System.Runtime.Loader.dll
  - System.Runtime.Numerics.dll 10.0.8 at C:\Program Files\dotnet\packs\Microsoft.NETCore.App.Ref\10.0.8\ref\net10.0\System.Runtime.Numerics.dll
  - System.Runtime.Serialization.dll 10.0.8 at C:\Program Files\dotnet\packs\Microsoft.NETCore.App.Ref\10.0.8\ref\net10.0\System.Runtime.Serialization.dll
  - System.Runtime.Serialization.Formatters.dll 10.0.8 at C:\Program Files\dotnet\packs\Microsoft.NETCore.App.Ref\10.0.8\ref\net10.0\System.Runtime.Serialization.Formatters.dll
  - System.Runtime.Serialization.Json.dll 10.0.8 at C:\Program Files\dotnet\packs\Microsoft.NETCore.App.Ref\10.0.8\ref\net10.0\System.Runtime.Serialization.Json.dll
  - System.Runtime.Serialization.Primitives.dll 10.0.8 at C:\Program Files\dotnet\packs\Microsoft.NETCore.App.Ref\10.0.8\ref\net10.0\System.Runtime.Serialization.Primitives.dll
  - System.Runtime.Serialization.Xml.dll 10.0.8 at C:\Program Files\dotnet\packs\Microsoft.NETCore.App.Ref\10.0.8\ref\net10.0\System.Runtime.Serialization.Xml.dll
  - System.Security.AccessControl.dll 10.0.8 at C:\Program Files\dotnet\packs\Microsoft.NETCore.App.Ref\10.0.8\ref\net10.0\System.Security.AccessControl.dll
  - System.Security.Claims.dll 10.0.8 at C:\Program Files\dotnet\packs\Microsoft.NETCore.App.Ref\10.0.8\ref\net10.0\System.Security.Claims.dll
  - System.Security.Cryptography.Algorithms.dll 10.0.8 at C:\Program Files\dotnet\packs\Microsoft.NETCore.App.Ref\10.0.8\ref\net10.0\System.Security.Cryptography.Algorithms.dll
  - System.Security.Cryptography.Cng.dll 10.0.8 at C:\Program Files\dotnet\packs\Microsoft.NETCore.App.Ref\10.0.8\ref\net10.0\System.Security.Cryptography.Cng.dll
  - System.Security.Cryptography.Csp.dll 10.0.8 at C:\Program Files\dotnet\packs\Microsoft.NETCore.App.Ref\10.0.8\ref\net10.0\System.Security.Cryptography.Csp.dll
  - System.Security.Cryptography.dll 10.0.8 at C:\Program Files\dotnet\packs\Microsoft.NETCore.App.Ref\10.0.8\ref\net10.0\System.Security.Cryptography.dll
  - System.Security.Cryptography.Encoding.dll 10.0.8 at C:\Program Files\dotnet\packs\Microsoft.NETCore.App.Ref\10.0.8\ref\net10.0\System.Security.Cryptography.Encoding.dll
  - System.Security.Cryptography.OpenSsl.dll 10.0.8 at C:\Program Files\dotnet\packs\Microsoft.NETCore.App.Ref\10.0.8\ref\net10.0\System.Security.Cryptography.OpenSsl.dll
  - System.Security.Cryptography.Pkcs.dll 9.0.9 at C:\Users\tddkhanh\.nuget\packages\system.security.cryptography.pkcs\9.0.9\lib\net9.0\System.Security.Cryptography.Pkcs.dll
  - System.Security.Cryptography.Primitives.dll 10.0.8 at C:\Program Files\dotnet\packs\Microsoft.NETCore.App.Ref\10.0.8\ref\net10.0\System.Security.Cryptography.Primitives.dll
  - System.Security.Cryptography.X509Certificates.dll 10.0.8 at C:\Program Files\dotnet\packs\Microsoft.NETCore.App.Ref\10.0.8\ref\net10.0\System.Security.Cryptography.X509Certificates.dll
  - System.Security.Cryptography.Xml.dll 10.0.8 at C:\Program Files\dotnet\packs\Microsoft.AspNetCore.App.Ref\10.0.8\ref\net10.0\System.Security.Cryptography.Xml.dll
  - System.Security.dll 10.0.8 at C:\Program Files\dotnet\packs\Microsoft.NETCore.App.Ref\10.0.8\ref\net10.0\System.Security.dll
  - System.Security.Principal.dll 10.0.8 at C:\Program Files\dotnet\packs\Microsoft.NETCore.App.Ref\10.0.8\ref\net10.0\System.Security.Principal.dll
  - System.Security.Principal.Windows.dll 10.0.8 at C:\Program Files\dotnet\packs\Microsoft.NETCore.App.Ref\10.0.8\ref\net10.0\System.Security.Principal.Windows.dll
  - System.Security.SecureString.dll 10.0.8 at C:\Program Files\dotnet\packs\Microsoft.NETCore.App.Ref\10.0.8\ref\net10.0\System.Security.SecureString.dll
  - System.ServiceModel.Web.dll 10.0.8 at C:\Program Files\dotnet\packs\Microsoft.NETCore.App.Ref\10.0.8\ref\net10.0\System.ServiceModel.Web.dll
  - System.ServiceProcess.dll 10.0.8 at C:\Program Files\dotnet\packs\Microsoft.NETCore.App.Ref\10.0.8\ref\net10.0\System.ServiceProcess.dll
  - System.Text.Encoding.CodePages.dll 10.0.8 at C:\Program Files\dotnet\packs\Microsoft.NETCore.App.Ref\10.0.8\ref\net10.0\System.Text.Encoding.CodePages.dll
  - System.Text.Encoding.dll 10.0.8 at C:\Program Files\dotnet\packs\Microsoft.NETCore.App.Ref\10.0.8\ref\net10.0\System.Text.Encoding.dll
  - System.Text.Encoding.Extensions.dll 10.0.8 at C:\Program Files\dotnet\packs\Microsoft.NETCore.App.Ref\10.0.8\ref\net10.0\System.Text.Encoding.Extensions.dll
  - System.Text.Encodings.Web.dll 10.0.8 at C:\Program Files\dotnet\packs\Microsoft.NETCore.App.Ref\10.0.8\ref\net10.0\System.Text.Encodings.Web.dll
  - System.Text.Json.dll 10.0.8 at C:\Program Files\dotnet\packs\Microsoft.NETCore.App.Ref\10.0.8\ref\net10.0\System.Text.Json.dll
  - System.Text.RegularExpressions.dll 10.0.8 at C:\Program Files\dotnet\packs\Microsoft.NETCore.App.Ref\10.0.8\ref\net10.0\System.Text.RegularExpressions.dll
  - System.Threading.AccessControl.dll 10.0.8 at C:\Program Files\dotnet\packs\Microsoft.NETCore.App.Ref\10.0.8\ref\net10.0\System.Threading.AccessControl.dll
  - System.Threading.Channels.dll 10.0.8 at C:\Program Files\dotnet\packs\Microsoft.NETCore.App.Ref\10.0.8\ref\net10.0\System.Threading.Channels.dll
  - System.Threading.dll 10.0.8 at C:\Program Files\dotnet\packs\Microsoft.NETCore.App.Ref\10.0.8\ref\net10.0\System.Threading.dll
  - System.Threading.Overlapped.dll 10.0.8 at C:\Program Files\dotnet\packs\Microsoft.NETCore.App.Ref\10.0.8\ref\net10.0\System.Threading.Overlapped.dll
  - System.Threading.RateLimiting.dll 10.0.8 at C:\Program Files\dotnet\packs\Microsoft.AspNetCore.App.Ref\10.0.8\ref\net10.0\System.Threading.RateLimiting.dll
  - System.Threading.Tasks.Dataflow.dll 10.0.8 at C:\Program Files\dotnet\packs\Microsoft.NETCore.App.Ref\10.0.8\ref\net10.0\System.Threading.Tasks.Dataflow.dll
  - System.Threading.Tasks.dll 10.0.8 at C:\Program Files\dotnet\packs\Microsoft.NETCore.App.Ref\10.0.8\ref\net10.0\System.Threading.Tasks.dll
  - System.Threading.Tasks.Extensions.dll 10.0.8 at C:\Program Files\dotnet\packs\Microsoft.NETCore.App.Ref\10.0.8\ref\net10.0\System.Threading.Tasks.Extensions.dll
  - System.Threading.Tasks.Parallel.dll 10.0.8 at C:\Program Files\dotnet\packs\Microsoft.NETCore.App.Ref\10.0.8\ref\net10.0\System.Threading.Tasks.Parallel.dll
  - System.Threading.Thread.dll 10.0.8 at C:\Program Files\dotnet\packs\Microsoft.NETCore.App.Ref\10.0.8\ref\net10.0\System.Threading.Thread.dll
  - System.Threading.ThreadPool.dll 10.0.8 at C:\Program Files\dotnet\packs\Microsoft.NETCore.App.Ref\10.0.8\ref\net10.0\System.Threading.ThreadPool.dll
  - System.Threading.Timer.dll 10.0.8 at C:\Program Files\dotnet\packs\Microsoft.NETCore.App.Ref\10.0.8\ref\net10.0\System.Threading.Timer.dll
  - System.Transactions.dll 10.0.8 at C:\Program Files\dotnet\packs\Microsoft.NETCore.App.Ref\10.0.8\ref\net10.0\System.Transactions.dll
  - System.Transactions.Local.dll 10.0.8 at C:\Program Files\dotnet\packs\Microsoft.NETCore.App.Ref\10.0.8\ref\net10.0\System.Transactions.Local.dll
  - System.ValueTuple.dll 10.0.8 at C:\Program Files\dotnet\packs\Microsoft.NETCore.App.Ref\10.0.8\ref\net10.0\System.ValueTuple.dll
  - System.Web.dll 10.0.8 at C:\Program Files\dotnet\packs\Microsoft.NETCore.App.Ref\10.0.8\ref\net10.0\System.Web.dll
  - System.Web.HttpUtility.dll 10.0.8 at C:\Program Files\dotnet\packs\Microsoft.NETCore.App.Ref\10.0.8\ref\net10.0\System.Web.HttpUtility.dll
  - System.Windows.dll 10.0.8 at C:\Program Files\dotnet\packs\Microsoft.NETCore.App.Ref\10.0.8\ref\net10.0\System.Windows.dll
  - System.Xml.dll 10.0.8 at C:\Program Files\dotnet\packs\Microsoft.NETCore.App.Ref\10.0.8\ref\net10.0\System.Xml.dll
  - System.Xml.Linq.dll 10.0.8 at C:\Program Files\dotnet\packs\Microsoft.NETCore.App.Ref\10.0.8\ref\net10.0\System.Xml.Linq.dll
  - System.Xml.ReaderWriter.dll 10.0.8 at C:\Program Files\dotnet\packs\Microsoft.NETCore.App.Ref\10.0.8\ref\net10.0\System.Xml.ReaderWriter.dll
  - System.Xml.Serialization.dll 10.0.8 at C:\Program Files\dotnet\packs\Microsoft.NETCore.App.Ref\10.0.8\ref\net10.0\System.Xml.Serialization.dll
  - System.Xml.XDocument.dll 10.0.8 at C:\Program Files\dotnet\packs\Microsoft.NETCore.App.Ref\10.0.8\ref\net10.0\System.Xml.XDocument.dll
  - System.Xml.XmlDocument.dll 10.0.8 at C:\Program Files\dotnet\packs\Microsoft.NETCore.App.Ref\10.0.8\ref\net10.0\System.Xml.XmlDocument.dll
  - System.Xml.XmlSerializer.dll 10.0.8 at C:\Program Files\dotnet\packs\Microsoft.NETCore.App.Ref\10.0.8\ref\net10.0\System.Xml.XmlSerializer.dll
  - System.Xml.XPath.dll 10.0.8 at C:\Program Files\dotnet\packs\Microsoft.NETCore.App.Ref\10.0.8\ref\net10.0\System.Xml.XPath.dll
  - System.Xml.XPath.XDocument.dll 10.0.8 at C:\Program Files\dotnet\packs\Microsoft.NETCore.App.Ref\10.0.8\ref\net10.0\System.Xml.XPath.XDocument.dll
  - Telerik.AI.SmartComponents.Extensions.dll 2.2.1 at C:\Users\tddkhanh\.nuget\packages\telerik.ai.smartcomponents.extensions\2.2.1\lib\net8.0\Telerik.AI.SmartComponents.Extensions.dll
  - Telerik.Blazor.dll 14.0.0 at C:\Users\tddkhanh\.nuget\packages\telerik.ui.for.blazor\14.0.0\lib\net8.0\Telerik.Blazor.dll
  - Telerik.DataSource.dll 4.1.0 at C:\Users\tddkhanh\.nuget\packages\telerik.datasource\4.1.0\lib\net8.0\Telerik.DataSource.dll
  - Telerik.Documents.Core.dll 2026.2.519 at C:\Users\tddkhanh\.nuget\packages\telerik.documents.core\2026.2.519\lib\netstandard2.0\Telerik.Documents.Core.dll
  - Telerik.Documents.Fixed.dll 2026.2.519 at C:\Users\tddkhanh\.nuget\packages\telerik.documents.fixed\2026.2.519\lib\netstandard2.0\Telerik.Documents.Fixed.dll
  - Telerik.Documents.Spreadsheet.dll 2026.2.519 at C:\Users\tddkhanh\.nuget\packages\telerik.documents.spreadsheet\2026.2.519\lib\netstandard2.0\Telerik.Documents.Spreadsheet.dll
  - Telerik.Documents.Spreadsheet.FormatProviders.Pdf.dll 2026.2.519 at C:\Users\tddkhanh\.nuget\packages\telerik.documents.spreadsheet.formatproviders.pdf\2026.2.519\lib\netstandard2.0\Telerik.Documents.Spreadsheet.FormatProviders.Pdf.dll
  - Telerik.Documents.SpreadsheetStreaming.dll 2026.2.519 at C:\Users\tddkhanh\.nuget\packages\telerik.documents.spreadsheetstreaming\2026.2.519\lib\netstandard2.0\Telerik.Documents.SpreadsheetStreaming.dll
  - Telerik.FontIcons.dll 4.9.2 at C:\Users\tddkhanh\.nuget\packages\telerik.fonticons\4.9.2\lib\netstandard2.0\Telerik.FontIcons.dll
  - Telerik.Licensing.Runtime.dll 1.8.2 at C:\Users\tddkhanh\.nuget\packages\telerik.licensing\1.8.2\lib\net10.0\Telerik.Licensing.Runtime.dll
  - Telerik.Pivot.Core.dll 1.0.0 at C:\Users\tddkhanh\.nuget\packages\telerik.pivot.core\1.0.0\lib\net8.0\Telerik.Pivot.Core.dll
  - Telerik.Pivot.DataProviders.Xmla.dll 1.0.0 at C:\Users\tddkhanh\.nuget\packages\telerik.pivot.dataproviders.xmla\1.0.0\lib\net8.0\Telerik.Pivot.DataProviders.Xmla.dll
  - Telerik.Recurrence.dll 1.0.0 at C:\Users\tddkhanh\.nuget\packages\telerik.recurrence\1.0.0\lib\net8.0\Telerik.Recurrence.dll
  - Telerik.SvgIcons.dll 4.9.2 at C:\Users\tddkhanh\.nuget\packages\telerik.svgicons\4.9.2\lib\netstandard2.0\Telerik.SvgIcons.dll
  - Telerik.Zip.dll 2026.2.519 at C:\Users\tddkhanh\.nuget\packages\telerik.zip\2026.2.519\lib\netstandard2.0\Telerik.Zip.dll
  - WindowsBase.dll 10.0.8 at C:\Program Files\dotnet\packs\Microsoft.NETCore.App.Ref\10.0.8\ref\net10.0\WindowsBase.dll
  MachineId=T67PQYIlb9W6VOVNpg1C57e7U0Q=

[2026-05-29 02:06:17.056] [Low]   Looking for Telerik product metadata in referenced assemblies
      - C:\Users\tddkhanh\.nuget\packages\telerik.ui.for.blazor\14.0.0\lib\net8.0\Telerik.Blazor.dll
        ProductCode: BLAZOR, LicenseDate: 2026-05-20, ProductName: Telerik UI for Blazor, ProductVersion: 14.0.0.0, Flags: None
        Transitive product references:
        - DPL 2026-05-19 (redistributed by: RCWPF;RCWF;MAUI;UIXAM;WINUI;RCAJAX;KENDOUIMVC;UIASPCORE;BLAZOR) Telerik Document Processing Libraries 2026.2.519.20
      - C:\Users\tddkhanh\.nuget\packages\telerik.documents.core\2026.2.519\lib\netstandard2.0\Telerik.Documents.Core.dll
        ProductCode: DPL, LicenseDate: 2026-05-19, Redistributed By: RCWPF, RCWF, MAUI, UIXAM, WINUI, RCAJAX, KENDOUIMVC, UIASPCORE, BLAZOR, ProductName: Telerik Document Processing Libraries, ProductVersion: 2026.2.519.20, Flags: None
      - C:\Users\tddkhanh\.nuget\packages\telerik.documents.fixed\2026.2.519\lib\netstandard2.0\Telerik.Documents.Fixed.dll
        ProductCode: DPL, LicenseDate: 2026-05-19, Redistributed By: RCWPF, RCWF, MAUI, UIXAM, WINUI, RCAJAX, KENDOUIMVC, UIASPCORE, BLAZOR, ProductName: Telerik Document Processing Libraries, ProductVersion: 2026.2.519.20, Flags: None
      - C:\Users\tddkhanh\.nuget\packages\telerik.documents.spreadsheet\2026.2.519\lib\netstandard2.0\Telerik.Documents.Spreadsheet.dll
        ProductCode: DPL, LicenseDate: 2026-05-19, Redistributed By: RCWPF, RCWF, MAUI, UIXAM, WINUI, RCAJAX, KENDOUIMVC, UIASPCORE, BLAZOR, ProductName: Telerik Document Processing Libraries, ProductVersion: 2026.2.519.20, Flags: None
      - C:\Users\tddkhanh\.nuget\packages\telerik.documents.spreadsheet.formatproviders.pdf\2026.2.519\lib\netstandard2.0\Telerik.Documents.Spreadsheet.FormatProviders.Pdf.dll
        ProductCode: DPL, LicenseDate: 2026-05-19, Redistributed By: RCWPF, RCWF, MAUI, UIXAM, WINUI, RCAJAX, KENDOUIMVC, UIASPCORE, BLAZOR, ProductName: Telerik Document Processing Libraries, ProductVersion: 2026.2.519.20, Flags: None
      - C:\Users\tddkhanh\.nuget\packages\telerik.documents.spreadsheetstreaming\2026.2.519\lib\netstandard2.0\Telerik.Documents.SpreadsheetStreaming.dll
        ProductCode: DPL, LicenseDate: 2026-05-19, Redistributed By: RCWPF, RCWF, MAUI, UIXAM, WINUI, RCAJAX, KENDOUIMVC, UIASPCORE, BLAZOR, ProductName: Telerik Document Processing Libraries, ProductVersion: 2026.2.519.20, Flags: None
      - C:\Users\tddkhanh\.nuget\packages\telerik.zip\2026.2.519\lib\netstandard2.0\Telerik.Zip.dll
        ProductCode: DPL, LicenseDate: 2026-05-19, Redistributed By: RCWPF, RCWF, MAUI, UIXAM, WINUI, RCAJAX, KENDOUIMVC, UIASPCORE, BLAZOR, ProductName: Telerik Document Processing Libraries, ProductVersion: 2026.2.519.20, Flags: None
      Unique Products:
      - "Telerik UI for Blazor" (BLAZOR) 14.0.0.0 @2026-05-20
      - "Telerik Document Processing Libraries" (DPL) 2026.2.519.20 @2026-05-19
      Found a total of 2 referenced Telerik products for net10.0

[2026-05-29 02:06:17.073] [Low]   Provision Licensing
        Looking up license file...
        - EnvironmentVariablePath: TELERIK_LICENSE_PATH (NotAvailable)
        - EnvironmentVariable: TELERIK_LICENSE (NotAvailable)
        - EnvironmentVariable: KENDO_UI_LICENSE (NotAvailable)
        - RecursiveFilePath: D:\Code\Blazor\TelerikGrid\TelerikGrid\telerik-license.txt (NotAvailable)
        - RecursiveFilePath: D:\Code\Blazor\TelerikGrid\TelerikGrid\kendo-ui-license.txt (NotAvailable)
        - RecursiveFilePath: D:\Code\Blazor\TelerikGrid\telerik-license.txt (NotAvailable)
        - RecursiveFilePath: D:\Code\Blazor\TelerikGrid\kendo-ui-license.txt (NotAvailable)
        - RecursiveFilePath: D:\Code\Blazor\telerik-license.txt (NotAvailable)
        - RecursiveFilePath: D:\Code\Blazor\kendo-ui-license.txt (NotAvailable)
        - RecursiveFilePath: D:\Code\telerik-license.txt (NotAvailable)
        - RecursiveFilePath: D:\Code\kendo-ui-license.txt (NotAvailable)
        - RecursiveFilePath: D:\telerik-license.txt (NotAvailable)
        - RecursiveFilePath: D:\kendo-ui-license.txt (NotAvailable)
        - UserDirectory: C:\Users\tddkhanh\AppData\Roaming\Telerik\telerik-license.txt (LicenseFound)
        - UserDirectory: C:\Users\tddkhanh\AppData\Roaming\Telerik\kendo-ui-license.txt (Skip)
        LicenseKey
        - AUD: t************@g****.com
        - UsedId: 344ca679-260a-4541-b9a7-cafe8537ed1f
        - LicenseId: de0ab21e-4a76-46d5-b1d8-a860fc8a108a
        - IssuedAt: 5/27/2026 11:20:30 PM
        - Licenses
          0) Trial BLAZOR, expiration 6/26/2026 3:27:27 AM, type: 'trial'
          1) Usage UserId: 344ca679-260a-4541-b9a7-cafe8537ed1f, LicenseId: de0ab21e-4a76-46d5-b1d8-a860fc8a108a, type: 'usage'

[2026-05-29 02:06:17.077] [Low]   License Resolution
        Messages
          - License OK for "Telerik UI for Blazor" (BLAZOR) 14.0.0.0 @2026-05-20 - Trial, valid until 2026-06-26.
          - License OK for "Telerik Document Processing Libraries" (DPL) 2026.2.519.20 @2026-05-19 - Trial for BLAZOR, valid until 2026-06-26.
        JWTs
          - eyJhbGciOiJSUzI1NiIsInR5cCI6IlRlbGVyaWsgTGljZW5zZSBFdmlkZW5jZSJ9.eyJjb2RlIjoiQkxBWk9SIiwidHlwZSI6InRyaWFsIiwiZXhwaXJhdGlvbiI6MTc4MjQ0NDQ0NywidXNlcklkIjoiMzQ0Y2E2NzktMjYwYS00NTQxLWI5YTctY2FmZTg1MzdlZDFmIiwibGljZW5zZUlkIjoiZGUwYWIyMWUtNGE3Ni00NmQ1LWIxZDgtYTg2MGZjOGExMDhhIn0.zRRYGeaQHW_-AN5jMEypWMNjOlATOXZHpV5AHN3NlbngssoYs7K9y_qOaxXPcylCIl3h5K6r9iwFKWe9xaIU0G-MXBTvRZpfbkiZtrYp4puaC1ONeHElHT_DqQnoqIb93UpJOBwO4SFWFzoHgPYcY7w8xTV82tVxIgXFRxwPyfGNrV7rD2oGDM3cvIFGOQT4i5dO67MzBDduG-4R9bofmMXKaj0qv69aM44f6A8t2DOPWIgTIqNcjp69XT-RM9i1zLy3sNEvrb9nntBRNqqXoj2OZtPiSjDFA6s-WWJkTpLuvZHieCL2T3LY_H0WNG2LHsYc2l4FPDttY99f0L27IA
        Licenses
          - License OK for "Telerik UI for Blazor" (BLAZOR) 14.0.0.0 @2026-05-20 - Trial, valid until 2026-06-26.
          - License OK for "Telerik Document Processing Libraries" (DPL) 2026.2.519.20 @2026-05-19 - Trial for BLAZOR, valid until 2026-06-26.

[2026-05-29 02:06:17.078] [Low] OutputType: Exe, ImportXamlTargets: False
[2026-05-29 02:06:17.079] [Low] LicenseEvidence CodeGen: Up to date!
[2026-05-29 02:06:17.090] [Low] 
      Call-Home Telerik Products (2 for net10.0)
      - "Telerik UI for Blazor" (BLAZOR) 14.0.0
      - "DPL" (DPL) 2026.2.519

[2026-05-29 02:06:17.090] [Low] 
[2026-05-29 02:06:17.091] [Low] 
      Call-Home Telerik Features (0 for net10.0)

[2026-05-29 02:06:17.091] [Low] 
[2026-05-29 02:06:17.123] [Low]   Report Telerik.Licensing
        UserId: 344ca679-260a-4541-b9a7-cafe8537ed1f
        LicenseId: de0ab21e-4a76-46d5-b1d8-a860fc8a108a
        Products
        - LicenseUsed BLAZOR 14.0.0.0 SKIPPED
        - LicenseUsed DPL 2026.2.519.20 SKIPPED
      Report finished in 00:00:00.0307985

[2026-05-29 02:06:17.124] [Low]   Sending Telemetry...
[2026-05-29 02:06:17.143] [Low]   Metrics done 00:00:00.0191546
[2026-05-29 02:06:17.145] [Normal] Resolve Telerik Products. Done (00:00:00.2055422) for net10.0
[2026-05-29 02:16:07.330] [Normal] Resolve Telerik Products.
  MSBuildProjectName=TelerikGrid
  MSBuildProjectDirectory=D:\Code\Blazor\TelerikGrid\TelerikGrid
  MSBuildProjectExtension=.csproj
  Language=C#
  OutputPath=bin\Debug\net10.0\
  Platform=AnyCPU
  TargetFramework=net10.0
  TargetFrameworks=
  TargetFrameworkVersion=v10.0
  VisualStudioVersion=18.0
  UsingMicrosoftNETSdk=true
  UsingMicrosoftNETSdkRazor=true
  UsingMicrosoftNETSdkWeb=true
  ImportXamlTargets=False
  OutputType=Exe
  UseMaui=
  NuGetPackageRoot=C:\Users\tddkhanh\.nuget\packages\

  PackageReferences
  - Telerik.UI.for.Blazor 14.0.0
  - Microsoft.AspNetCore.App.Internal.Assets 10.0.8
  ReferencePaths
  - Microsoft.AspNetCore.Antiforgery.dll 10.0.8 at C:\Program Files\dotnet\packs\Microsoft.AspNetCore.App.Ref\10.0.8\ref\net10.0\Microsoft.AspNetCore.Antiforgery.dll
  - Microsoft.AspNetCore.Authentication.Abstractions.dll 10.0.8 at C:\Program Files\dotnet\packs\Microsoft.AspNetCore.App.Ref\10.0.8\ref\net10.0\Microsoft.AspNetCore.Authentication.Abstractions.dll
  - Microsoft.AspNetCore.Authentication.BearerToken.dll 10.0.8 at C:\Program Files\dotnet\packs\Microsoft.AspNetCore.App.Ref\10.0.8\ref\net10.0\Microsoft.AspNetCore.Authentication.BearerToken.dll
  - Microsoft.AspNetCore.Authentication.Cookies.dll 10.0.8 at C:\Program Files\dotnet\packs\Microsoft.AspNetCore.App.Ref\10.0.8\ref\net10.0\Microsoft.AspNetCore.Authentication.Cookies.dll
  - Microsoft.AspNetCore.Authentication.Core.dll 10.0.8 at C:\Program Files\dotnet\packs\Microsoft.AspNetCore.App.Ref\10.0.8\ref\net10.0\Microsoft.AspNetCore.Authentication.Core.dll
  - Microsoft.AspNetCore.Authentication.dll 10.0.8 at C:\Program Files\dotnet\packs\Microsoft.AspNetCore.App.Ref\10.0.8\ref\net10.0\Microsoft.AspNetCore.Authentication.dll
  - Microsoft.AspNetCore.Authentication.OAuth.dll 10.0.8 at C:\Program Files\dotnet\packs\Microsoft.AspNetCore.App.Ref\10.0.8\ref\net10.0\Microsoft.AspNetCore.Authentication.OAuth.dll
  - Microsoft.AspNetCore.Authorization.dll 10.0.8 at C:\Program Files\dotnet\packs\Microsoft.AspNetCore.App.Ref\10.0.8\ref\net10.0\Microsoft.AspNetCore.Authorization.dll
  - Microsoft.AspNetCore.Authorization.Policy.dll 10.0.8 at C:\Program Files\dotnet\packs\Microsoft.AspNetCore.App.Ref\10.0.8\ref\net10.0\Microsoft.AspNetCore.Authorization.Policy.dll
  - Microsoft.AspNetCore.Components.Authorization.dll 10.0.8 at C:\Program Files\dotnet\packs\Microsoft.AspNetCore.App.Ref\10.0.8\ref\net10.0\Microsoft.AspNetCore.Components.Authorization.dll
  - Microsoft.AspNetCore.Components.dll 10.0.8 at C:\Program Files\dotnet\packs\Microsoft.AspNetCore.App.Ref\10.0.8\ref\net10.0\Microsoft.AspNetCore.Components.dll
  - Microsoft.AspNetCore.Components.Endpoints.dll 10.0.8 at C:\Program Files\dotnet\packs\Microsoft.AspNetCore.App.Ref\10.0.8\ref\net10.0\Microsoft.AspNetCore.Components.Endpoints.dll
  - Microsoft.AspNetCore.Components.Forms.dll 10.0.8 at C:\Program Files\dotnet\packs\Microsoft.AspNetCore.App.Ref\10.0.8\ref\net10.0\Microsoft.AspNetCore.Components.Forms.dll
  - Microsoft.AspNetCore.Components.Server.dll 10.0.8 at C:\Program Files\dotnet\packs\Microsoft.AspNetCore.App.Ref\10.0.8\ref\net10.0\Microsoft.AspNetCore.Components.Server.dll
  - Microsoft.AspNetCore.Components.Web.dll 10.0.8 at C:\Program Files\dotnet\packs\Microsoft.AspNetCore.App.Ref\10.0.8\ref\net10.0\Microsoft.AspNetCore.Components.Web.dll
  - Microsoft.AspNetCore.Connections.Abstractions.dll 10.0.8 at C:\Program Files\dotnet\packs\Microsoft.AspNetCore.App.Ref\10.0.8\ref\net10.0\Microsoft.AspNetCore.Connections.Abstractions.dll
  - Microsoft.AspNetCore.CookiePolicy.dll 10.0.8 at C:\Program Files\dotnet\packs\Microsoft.AspNetCore.App.Ref\10.0.8\ref\net10.0\Microsoft.AspNetCore.CookiePolicy.dll
  - Microsoft.AspNetCore.Cors.dll 10.0.8 at C:\Program Files\dotnet\packs\Microsoft.AspNetCore.App.Ref\10.0.8\ref\net10.0\Microsoft.AspNetCore.Cors.dll
  - Microsoft.AspNetCore.Cryptography.Internal.dll 10.0.8 at C:\Program Files\dotnet\packs\Microsoft.AspNetCore.App.Ref\10.0.8\ref\net10.0\Microsoft.AspNetCore.Cryptography.Internal.dll
  - Microsoft.AspNetCore.Cryptography.KeyDerivation.dll 10.0.8 at C:\Program Files\dotnet\packs\Microsoft.AspNetCore.App.Ref\10.0.8\ref\net10.0\Microsoft.AspNetCore.Cryptography.KeyDerivation.dll
  - Microsoft.AspNetCore.DataProtection.Abstractions.dll 10.0.8 at C:\Program Files\dotnet\packs\Microsoft.AspNetCore.App.Ref\10.0.8\ref\net10.0\Microsoft.AspNetCore.DataProtection.Abstractions.dll
  - Microsoft.AspNetCore.DataProtection.dll 10.0.8 at C:\Program Files\dotnet\packs\Microsoft.AspNetCore.App.Ref\10.0.8\ref\net10.0\Microsoft.AspNetCore.DataProtection.dll
  - Microsoft.AspNetCore.DataProtection.Extensions.dll 10.0.8 at C:\Program Files\dotnet\packs\Microsoft.AspNetCore.App.Ref\10.0.8\ref\net10.0\Microsoft.AspNetCore.DataProtection.Extensions.dll
  - Microsoft.AspNetCore.Diagnostics.Abstractions.dll 10.0.8 at C:\Program Files\dotnet\packs\Microsoft.AspNetCore.App.Ref\10.0.8\ref\net10.0\Microsoft.AspNetCore.Diagnostics.Abstractions.dll
  - Microsoft.AspNetCore.Diagnostics.dll 10.0.8 at C:\Program Files\dotnet\packs\Microsoft.AspNetCore.App.Ref\10.0.8\ref\net10.0\Microsoft.AspNetCore.Diagnostics.dll
  - Microsoft.AspNetCore.Diagnostics.HealthChecks.dll 10.0.8 at C:\Program Files\dotnet\packs\Microsoft.AspNetCore.App.Ref\10.0.8\ref\net10.0\Microsoft.AspNetCore.Diagnostics.HealthChecks.dll
  - Microsoft.AspNetCore.dll 10.0.8 at C:\Program Files\dotnet\packs\Microsoft.AspNetCore.App.Ref\10.0.8\ref\net10.0\Microsoft.AspNetCore.dll
  - Microsoft.AspNetCore.HostFiltering.dll 10.0.8 at C:\Program Files\dotnet\packs\Microsoft.AspNetCore.App.Ref\10.0.8\ref\net10.0\Microsoft.AspNetCore.HostFiltering.dll
  - Microsoft.AspNetCore.Hosting.Abstractions.dll 10.0.8 at C:\Program Files\dotnet\packs\Microsoft.AspNetCore.App.Ref\10.0.8\ref\net10.0\Microsoft.AspNetCore.Hosting.Abstractions.dll
  - Microsoft.AspNetCore.Hosting.dll 10.0.8 at C:\Program Files\dotnet\packs\Microsoft.AspNetCore.App.Ref\10.0.8\ref\net10.0\Microsoft.AspNetCore.Hosting.dll
  - Microsoft.AspNetCore.Hosting.Server.Abstractions.dll 10.0.8 at C:\Program Files\dotnet\packs\Microsoft.AspNetCore.App.Ref\10.0.8\ref\net10.0\Microsoft.AspNetCore.Hosting.Server.Abstractions.dll
  - Microsoft.AspNetCore.Html.Abstractions.dll 10.0.8 at C:\Program Files\dotnet\packs\Microsoft.AspNetCore.App.Ref\10.0.8\ref\net10.0\Microsoft.AspNetCore.Html.Abstractions.dll
  - Microsoft.AspNetCore.Http.Abstractions.dll 10.0.8 at C:\Program Files\dotnet\packs\Microsoft.AspNetCore.App.Ref\10.0.8\ref\net10.0\Microsoft.AspNetCore.Http.Abstractions.dll
  - Microsoft.AspNetCore.Http.Connections.Common.dll 10.0.8 at C:\Program Files\dotnet\packs\Microsoft.AspNetCore.App.Ref\10.0.8\ref\net10.0\Microsoft.AspNetCore.Http.Connections.Common.dll
  - Microsoft.AspNetCore.Http.Connections.dll 10.0.8 at C:\Program Files\dotnet\packs\Microsoft.AspNetCore.App.Ref\10.0.8\ref\net10.0\Microsoft.AspNetCore.Http.Connections.dll
  - Microsoft.AspNetCore.Http.dll 10.0.8 at C:\Program Files\dotnet\packs\Microsoft.AspNetCore.App.Ref\10.0.8\ref\net10.0\Microsoft.AspNetCore.Http.dll
  - Microsoft.AspNetCore.Http.Extensions.dll 10.0.8 at C:\Program Files\dotnet\packs\Microsoft.AspNetCore.App.Ref\10.0.8\ref\net10.0\Microsoft.AspNetCore.Http.Extensions.dll
  - Microsoft.AspNetCore.Http.Features.dll 10.0.8 at C:\Program Files\dotnet\packs\Microsoft.AspNetCore.App.Ref\10.0.8\ref\net10.0\Microsoft.AspNetCore.Http.Features.dll
  - Microsoft.AspNetCore.Http.Results.dll 10.0.8 at C:\Program Files\dotnet\packs\Microsoft.AspNetCore.App.Ref\10.0.8\ref\net10.0\Microsoft.AspNetCore.Http.Results.dll
  - Microsoft.AspNetCore.HttpLogging.dll 10.0.8 at C:\Program Files\dotnet\packs\Microsoft.AspNetCore.App.Ref\10.0.8\ref\net10.0\Microsoft.AspNetCore.HttpLogging.dll
  - Microsoft.AspNetCore.HttpOverrides.dll 10.0.8 at C:\Program Files\dotnet\packs\Microsoft.AspNetCore.App.Ref\10.0.8\ref\net10.0\Microsoft.AspNetCore.HttpOverrides.dll
  - Microsoft.AspNetCore.HttpsPolicy.dll 10.0.8 at C:\Program Files\dotnet\packs\Microsoft.AspNetCore.App.Ref\10.0.8\ref\net10.0\Microsoft.AspNetCore.HttpsPolicy.dll
  - Microsoft.AspNetCore.Identity.dll 10.0.8 at C:\Program Files\dotnet\packs\Microsoft.AspNetCore.App.Ref\10.0.8\ref\net10.0\Microsoft.AspNetCore.Identity.dll
  - Microsoft.AspNetCore.Localization.dll 10.0.8 at C:\Program Files\dotnet\packs\Microsoft.AspNetCore.App.Ref\10.0.8\ref\net10.0\Microsoft.AspNetCore.Localization.dll
  - Microsoft.AspNetCore.Localization.Routing.dll 10.0.8 at C:\Program Files\dotnet\packs\Microsoft.AspNetCore.App.Ref\10.0.8\ref\net10.0\Microsoft.AspNetCore.Localization.Routing.dll
  - Microsoft.AspNetCore.Metadata.dll 10.0.8 at C:\Program Files\dotnet\packs\Microsoft.AspNetCore.App.Ref\10.0.8\ref\net10.0\Microsoft.AspNetCore.Metadata.dll
  - Microsoft.AspNetCore.Mvc.Abstractions.dll 10.0.8 at C:\Program Files\dotnet\packs\Microsoft.AspNetCore.App.Ref\10.0.8\ref\net10.0\Microsoft.AspNetCore.Mvc.Abstractions.dll
  - Microsoft.AspNetCore.Mvc.ApiExplorer.dll 10.0.8 at C:\Program Files\dotnet\packs\Microsoft.AspNetCore.App.Ref\10.0.8\ref\net10.0\Microsoft.AspNetCore.Mvc.ApiExplorer.dll
  - Microsoft.AspNetCore.Mvc.Core.dll 10.0.8 at C:\Program Files\dotnet\packs\Microsoft.AspNetCore.App.Ref\10.0.8\ref\net10.0\Microsoft.AspNetCore.Mvc.Core.dll
  - Microsoft.AspNetCore.Mvc.Cors.dll 10.0.8 at C:\Program Files\dotnet\packs\Microsoft.AspNetCore.App.Ref\10.0.8\ref\net10.0\Microsoft.AspNetCore.Mvc.Cors.dll
  - Microsoft.AspNetCore.Mvc.DataAnnotations.dll 10.0.8 at C:\Program Files\dotnet\packs\Microsoft.AspNetCore.App.Ref\10.0.8\ref\net10.0\Microsoft.AspNetCore.Mvc.DataAnnotations.dll
  - Microsoft.AspNetCore.Mvc.dll 10.0.8 at C:\Program Files\dotnet\packs\Microsoft.AspNetCore.App.Ref\10.0.8\ref\net10.0\Microsoft.AspNetCore.Mvc.dll
  - Microsoft.AspNetCore.Mvc.Formatters.Json.dll 10.0.8 at C:\Program Files\dotnet\packs\Microsoft.AspNetCore.App.Ref\10.0.8\ref\net10.0\Microsoft.AspNetCore.Mvc.Formatters.Json.dll
  - Microsoft.AspNetCore.Mvc.Formatters.Xml.dll 10.0.8 at C:\Program Files\dotnet\packs\Microsoft.AspNetCore.App.Ref\10.0.8\ref\net10.0\Microsoft.AspNetCore.Mvc.Formatters.Xml.dll
  - Microsoft.AspNetCore.Mvc.Localization.dll 10.0.8 at C:\Program Files\dotnet\packs\Microsoft.AspNetCore.App.Ref\10.0.8\ref\net10.0\Microsoft.AspNetCore.Mvc.Localization.dll
  - Microsoft.AspNetCore.Mvc.Razor.dll 10.0.8 at C:\Program Files\dotnet\packs\Microsoft.AspNetCore.App.Ref\10.0.8\ref\net10.0\Microsoft.AspNetCore.Mvc.Razor.dll
  - Microsoft.AspNetCore.Mvc.RazorPages.dll 10.0.8 at C:\Program Files\dotnet\packs\Microsoft.AspNetCore.App.Ref\10.0.8\ref\net10.0\Microsoft.AspNetCore.Mvc.RazorPages.dll
  - Microsoft.AspNetCore.Mvc.TagHelpers.dll 10.0.8 at C:\Program Files\dotnet\packs\Microsoft.AspNetCore.App.Ref\10.0.8\ref\net10.0\Microsoft.AspNetCore.Mvc.TagHelpers.dll
  - Microsoft.AspNetCore.Mvc.ViewFeatures.dll 10.0.8 at C:\Program Files\dotnet\packs\Microsoft.AspNetCore.App.Ref\10.0.8\ref\net10.0\Microsoft.AspNetCore.Mvc.ViewFeatures.dll
  - Microsoft.AspNetCore.OutputCaching.dll 10.0.8 at C:\Program Files\dotnet\packs\Microsoft.AspNetCore.App.Ref\10.0.8\ref\net10.0\Microsoft.AspNetCore.OutputCaching.dll
  - Microsoft.AspNetCore.RateLimiting.dll 10.0.8 at C:\Program Files\dotnet\packs\Microsoft.AspNetCore.App.Ref\10.0.8\ref\net10.0\Microsoft.AspNetCore.RateLimiting.dll
  - Microsoft.AspNetCore.Razor.dll 10.0.8 at C:\Program Files\dotnet\packs\Microsoft.AspNetCore.App.Ref\10.0.8\ref\net10.0\Microsoft.AspNetCore.Razor.dll
  - Microsoft.AspNetCore.Razor.Runtime.dll 10.0.8 at C:\Program Files\dotnet\packs\Microsoft.AspNetCore.App.Ref\10.0.8\ref\net10.0\Microsoft.AspNetCore.Razor.Runtime.dll
  - Microsoft.AspNetCore.RequestDecompression.dll 10.0.8 at C:\Program Files\dotnet\packs\Microsoft.AspNetCore.App.Ref\10.0.8\ref\net10.0\Microsoft.AspNetCore.RequestDecompression.dll
  - Microsoft.AspNetCore.ResponseCaching.Abstractions.dll 10.0.8 at C:\Program Files\dotnet\packs\Microsoft.AspNetCore.App.Ref\10.0.8\ref\net10.0\Microsoft.AspNetCore.ResponseCaching.Abstractions.dll
  - Microsoft.AspNetCore.ResponseCaching.dll 10.0.8 at C:\Program Files\dotnet\packs\Microsoft.AspNetCore.App.Ref\10.0.8\ref\net10.0\Microsoft.AspNetCore.ResponseCaching.dll
  - Microsoft.AspNetCore.ResponseCompression.dll 10.0.8 at C:\Program Files\dotnet\packs\Microsoft.AspNetCore.App.Ref\10.0.8\ref\net10.0\Microsoft.AspNetCore.ResponseCompression.dll
  - Microsoft.AspNetCore.Rewrite.dll 10.0.8 at C:\Program Files\dotnet\packs\Microsoft.AspNetCore.App.Ref\10.0.8\ref\net10.0\Microsoft.AspNetCore.Rewrite.dll
  - Microsoft.AspNetCore.Routing.Abstractions.dll 10.0.8 at C:\Program Files\dotnet\packs\Microsoft.AspNetCore.App.Ref\10.0.8\ref\net10.0\Microsoft.AspNetCore.Routing.Abstractions.dll
  - Microsoft.AspNetCore.Routing.dll 10.0.8 at C:\Program Files\dotnet\packs\Microsoft.AspNetCore.App.Ref\10.0.8\ref\net10.0\Microsoft.AspNetCore.Routing.dll
  - Microsoft.AspNetCore.Server.HttpSys.dll 10.0.8 at C:\Program Files\dotnet\packs\Microsoft.AspNetCore.App.Ref\10.0.8\ref\net10.0\Microsoft.AspNetCore.Server.HttpSys.dll
  - Microsoft.AspNetCore.Server.IIS.dll 10.0.8 at C:\Program Files\dotnet\packs\Microsoft.AspNetCore.App.Ref\10.0.8\ref\net10.0\Microsoft.AspNetCore.Server.IIS.dll
  - Microsoft.AspNetCore.Server.IISIntegration.dll 10.0.8 at C:\Program Files\dotnet\packs\Microsoft.AspNetCore.App.Ref\10.0.8\ref\net10.0\Microsoft.AspNetCore.Server.IISIntegration.dll
  - Microsoft.AspNetCore.Server.Kestrel.Core.dll 10.0.8 at C:\Program Files\dotnet\packs\Microsoft.AspNetCore.App.Ref\10.0.8\ref\net10.0\Microsoft.AspNetCore.Server.Kestrel.Core.dll
  - Microsoft.AspNetCore.Server.Kestrel.dll 10.0.8 at C:\Program Files\dotnet\packs\Microsoft.AspNetCore.App.Ref\10.0.8\ref\net10.0\Microsoft.AspNetCore.Server.Kestrel.dll
  - Microsoft.AspNetCore.Server.Kestrel.Transport.NamedPipes.dll 10.0.8 at C:\Program Files\dotnet\packs\Microsoft.AspNetCore.App.Ref\10.0.8\ref\net10.0\Microsoft.AspNetCore.Server.Kestrel.Transport.NamedPipes.dll
  - Microsoft.AspNetCore.Server.Kestrel.Transport.Quic.dll 10.0.8 at C:\Program Files\dotnet\packs\Microsoft.AspNetCore.App.Ref\10.0.8\ref\net10.0\Microsoft.AspNetCore.Server.Kestrel.Transport.Quic.dll
  - Microsoft.AspNetCore.Server.Kestrel.Transport.Sockets.dll 10.0.8 at C:\Program Files\dotnet\packs\Microsoft.AspNetCore.App.Ref\10.0.8\ref\net10.0\Microsoft.AspNetCore.Server.Kestrel.Transport.Sockets.dll
  - Microsoft.AspNetCore.Session.dll 10.0.8 at C:\Program Files\dotnet\packs\Microsoft.AspNetCore.App.Ref\10.0.8\ref\net10.0\Microsoft.AspNetCore.Session.dll
  - Microsoft.AspNetCore.SignalR.Common.dll 10.0.8 at C:\Program Files\dotnet\packs\Microsoft.AspNetCore.App.Ref\10.0.8\ref\net10.0\Microsoft.AspNetCore.SignalR.Common.dll
  - Microsoft.AspNetCore.SignalR.Core.dll 10.0.8 at C:\Program Files\dotnet\packs\Microsoft.AspNetCore.App.Ref\10.0.8\ref\net10.0\Microsoft.AspNetCore.SignalR.Core.dll
  - Microsoft.AspNetCore.SignalR.dll 10.0.8 at C:\Program Files\dotnet\packs\Microsoft.AspNetCore.App.Ref\10.0.8\ref\net10.0\Microsoft.AspNetCore.SignalR.dll
  - Microsoft.AspNetCore.SignalR.Protocols.Json.dll 10.0.8 at C:\Program Files\dotnet\packs\Microsoft.AspNetCore.App.Ref\10.0.8\ref\net10.0\Microsoft.AspNetCore.SignalR.Protocols.Json.dll
  - Microsoft.AspNetCore.StaticAssets.dll 10.0.8 at C:\Program Files\dotnet\packs\Microsoft.AspNetCore.App.Ref\10.0.8\ref\net10.0\Microsoft.AspNetCore.StaticAssets.dll
  - Microsoft.AspNetCore.StaticFiles.dll 10.0.8 at C:\Program Files\dotnet\packs\Microsoft.AspNetCore.App.Ref\10.0.8\ref\net10.0\Microsoft.AspNetCore.StaticFiles.dll
  - Microsoft.AspNetCore.WebSockets.dll 10.0.8 at C:\Program Files\dotnet\packs\Microsoft.AspNetCore.App.Ref\10.0.8\ref\net10.0\Microsoft.AspNetCore.WebSockets.dll
  - Microsoft.AspNetCore.WebUtilities.dll 10.0.8 at C:\Program Files\dotnet\packs\Microsoft.AspNetCore.App.Ref\10.0.8\ref\net10.0\Microsoft.AspNetCore.WebUtilities.dll
  - Microsoft.CSharp.dll 10.0.8 at C:\Program Files\dotnet\packs\Microsoft.NETCore.App.Ref\10.0.8\ref\net10.0\Microsoft.CSharp.dll
  - Microsoft.Extensions.AI.Abstractions.dll 10.4.0 at C:\Users\tddkhanh\.nuget\packages\microsoft.extensions.ai.abstractions\10.4.0\lib\net10.0\Microsoft.Extensions.AI.Abstractions.dll
  - Microsoft.Extensions.AI.dll 10.4.0 at C:\Users\tddkhanh\.nuget\packages\microsoft.extensions.ai\10.4.0\lib\net10.0\Microsoft.Extensions.AI.dll
  - Microsoft.Extensions.Caching.Abstractions.dll 10.0.8 at C:\Program Files\dotnet\packs\Microsoft.AspNetCore.App.Ref\10.0.8\ref\net10.0\Microsoft.Extensions.Caching.Abstractions.dll
  - Microsoft.Extensions.Caching.Memory.dll 10.0.8 at C:\Program Files\dotnet\packs\Microsoft.AspNetCore.App.Ref\10.0.8\ref\net10.0\Microsoft.Extensions.Caching.Memory.dll
  - Microsoft.Extensions.Configuration.Abstractions.dll 10.0.8 at C:\Program Files\dotnet\packs\Microsoft.AspNetCore.App.Ref\10.0.8\ref\net10.0\Microsoft.Extensions.Configuration.Abstractions.dll
  - Microsoft.Extensions.Configuration.Binder.dll 10.0.8 at C:\Program Files\dotnet\packs\Microsoft.AspNetCore.App.Ref\10.0.8\ref\net10.0\Microsoft.Extensions.Configuration.Binder.dll
  - Microsoft.Extensions.Configuration.CommandLine.dll 10.0.8 at C:\Program Files\dotnet\packs\Microsoft.AspNetCore.App.Ref\10.0.8\ref\net10.0\Microsoft.Extensions.Configuration.CommandLine.dll
  - Microsoft.Extensions.Configuration.dll 10.0.8 at C:\Program Files\dotnet\packs\Microsoft.AspNetCore.App.Ref\10.0.8\ref\net10.0\Microsoft.Extensions.Configuration.dll
  - Microsoft.Extensions.Configuration.EnvironmentVariables.dll 10.0.8 at C:\Program Files\dotnet\packs\Microsoft.AspNetCore.App.Ref\10.0.8\ref\net10.0\Microsoft.Extensions.Configuration.EnvironmentVariables.dll
  - Microsoft.Extensions.Configuration.FileExtensions.dll 10.0.8 at C:\Program Files\dotnet\packs\Microsoft.AspNetCore.App.Ref\10.0.8\ref\net10.0\Microsoft.Extensions.Configuration.FileExtensions.dll
  - Microsoft.Extensions.Configuration.Ini.dll 10.0.8 at C:\Program Files\dotnet\packs\Microsoft.AspNetCore.App.Ref\10.0.8\ref\net10.0\Microsoft.Extensions.Configuration.Ini.dll
  - Microsoft.Extensions.Configuration.Json.dll 10.0.8 at C:\Program Files\dotnet\packs\Microsoft.AspNetCore.App.Ref\10.0.8\ref\net10.0\Microsoft.Extensions.Configuration.Json.dll
  - Microsoft.Extensions.Configuration.KeyPerFile.dll 10.0.8 at C:\Program Files\dotnet\packs\Microsoft.AspNetCore.App.Ref\10.0.8\ref\net10.0\Microsoft.Extensions.Configuration.KeyPerFile.dll
  - Microsoft.Extensions.Configuration.UserSecrets.dll 10.0.8 at C:\Program Files\dotnet\packs\Microsoft.AspNetCore.App.Ref\10.0.8\ref\net10.0\Microsoft.Extensions.Configuration.UserSecrets.dll
  - Microsoft.Extensions.Configuration.Xml.dll 10.0.8 at C:\Program Files\dotnet\packs\Microsoft.AspNetCore.App.Ref\10.0.8\ref\net10.0\Microsoft.Extensions.Configuration.Xml.dll
  - Microsoft.Extensions.DependencyInjection.Abstractions.dll 10.0.8 at C:\Program Files\dotnet\packs\Microsoft.AspNetCore.App.Ref\10.0.8\ref\net10.0\Microsoft.Extensions.DependencyInjection.Abstractions.dll
  - Microsoft.Extensions.DependencyInjection.dll 10.0.8 at C:\Program Files\dotnet\packs\Microsoft.AspNetCore.App.Ref\10.0.8\ref\net10.0\Microsoft.Extensions.DependencyInjection.dll
  - Microsoft.Extensions.Diagnostics.Abstractions.dll 10.0.8 at C:\Program Files\dotnet\packs\Microsoft.AspNetCore.App.Ref\10.0.8\ref\net10.0\Microsoft.Extensions.Diagnostics.Abstractions.dll
  - Microsoft.Extensions.Diagnostics.dll 10.0.8 at C:\Program Files\dotnet\packs\Microsoft.AspNetCore.App.Ref\10.0.8\ref\net10.0\Microsoft.Extensions.Diagnostics.dll
  - Microsoft.Extensions.Diagnostics.HealthChecks.Abstractions.dll 10.0.8 at C:\Program Files\dotnet\packs\Microsoft.AspNetCore.App.Ref\10.0.8\ref\net10.0\Microsoft.Extensions.Diagnostics.HealthChecks.Abstractions.dll
  - Microsoft.Extensions.Diagnostics.HealthChecks.dll 10.0.8 at C:\Program Files\dotnet\packs\Microsoft.AspNetCore.App.Ref\10.0.8\ref\net10.0\Microsoft.Extensions.Diagnostics.HealthChecks.dll
  - Microsoft.Extensions.Features.dll 10.0.8 at C:\Program Files\dotnet\packs\Microsoft.AspNetCore.App.Ref\10.0.8\ref\net10.0\Microsoft.Extensions.Features.dll
  - Microsoft.Extensions.FileProviders.Abstractions.dll 10.0.8 at C:\Program Files\dotnet\packs\Microsoft.AspNetCore.App.Ref\10.0.8\ref\net10.0\Microsoft.Extensions.FileProviders.Abstractions.dll
  - Microsoft.Extensions.FileProviders.Composite.dll 10.0.8 at C:\Program Files\dotnet\packs\Microsoft.AspNetCore.App.Ref\10.0.8\ref\net10.0\Microsoft.Extensions.FileProviders.Composite.dll
  - Microsoft.Extensions.FileProviders.Embedded.dll 10.0.8 at C:\Program Files\dotnet\packs\Microsoft.AspNetCore.App.Ref\10.0.8\ref\net10.0\Microsoft.Extensions.FileProviders.Embedded.dll
  - Microsoft.Extensions.FileProviders.Physical.dll 10.0.8 at C:\Program Files\dotnet\packs\Microsoft.AspNetCore.App.Ref\10.0.8\ref\net10.0\Microsoft.Extensions.FileProviders.Physical.dll
  - Microsoft.Extensions.FileSystemGlobbing.dll 10.0.8 at C:\Program Files\dotnet\packs\Microsoft.AspNetCore.App.Ref\10.0.8\ref\net10.0\Microsoft.Extensions.FileSystemGlobbing.dll
  - Microsoft.Extensions.Hosting.Abstractions.dll 10.0.8 at C:\Program Files\dotnet\packs\Microsoft.AspNetCore.App.Ref\10.0.8\ref\net10.0\Microsoft.Extensions.Hosting.Abstractions.dll
  - Microsoft.Extensions.Hosting.dll 10.0.8 at C:\Program Files\dotnet\packs\Microsoft.AspNetCore.App.Ref\10.0.8\ref\net10.0\Microsoft.Extensions.Hosting.dll
  - Microsoft.Extensions.Http.dll 10.0.8 at C:\Program Files\dotnet\packs\Microsoft.AspNetCore.App.Ref\10.0.8\ref\net10.0\Microsoft.Extensions.Http.dll
  - Microsoft.Extensions.Identity.Core.dll 10.0.8 at C:\Program Files\dotnet\packs\Microsoft.AspNetCore.App.Ref\10.0.8\ref\net10.0\Microsoft.Extensions.Identity.Core.dll
  - Microsoft.Extensions.Identity.Stores.dll 10.0.8 at C:\Program Files\dotnet\packs\Microsoft.AspNetCore.App.Ref\10.0.8\ref\net10.0\Microsoft.Extensions.Identity.Stores.dll
  - Microsoft.Extensions.Localization.Abstractions.dll 10.0.8 at C:\Program Files\dotnet\packs\Microsoft.AspNetCore.App.Ref\10.0.8\ref\net10.0\Microsoft.Extensions.Localization.Abstractions.dll
  - Microsoft.Extensions.Localization.dll 10.0.8 at C:\Program Files\dotnet\packs\Microsoft.AspNetCore.App.Ref\10.0.8\ref\net10.0\Microsoft.Extensions.Localization.dll
  - Microsoft.Extensions.Logging.Abstractions.dll 10.0.8 at C:\Program Files\dotnet\packs\Microsoft.AspNetCore.App.Ref\10.0.8\ref\net10.0\Microsoft.Extensions.Logging.Abstractions.dll
  - Microsoft.Extensions.Logging.Configuration.dll 10.0.8 at C:\Program Files\dotnet\packs\Microsoft.AspNetCore.App.Ref\10.0.8\ref\net10.0\Microsoft.Extensions.Logging.Configuration.dll
  - Microsoft.Extensions.Logging.Console.dll 10.0.8 at C:\Program Files\dotnet\packs\Microsoft.AspNetCore.App.Ref\10.0.8\ref\net10.0\Microsoft.Extensions.Logging.Console.dll
  - Microsoft.Extensions.Logging.Debug.dll 10.0.8 at C:\Program Files\dotnet\packs\Microsoft.AspNetCore.App.Ref\10.0.8\ref\net10.0\Microsoft.Extensions.Logging.Debug.dll
  - Microsoft.Extensions.Logging.dll 10.0.8 at C:\Program Files\dotnet\packs\Microsoft.AspNetCore.App.Ref\10.0.8\ref\net10.0\Microsoft.Extensions.Logging.dll
  - Microsoft.Extensions.Logging.EventLog.dll 10.0.8 at C:\Program Files\dotnet\packs\Microsoft.AspNetCore.App.Ref\10.0.8\ref\net10.0\Microsoft.Extensions.Logging.EventLog.dll
  - Microsoft.Extensions.Logging.EventSource.dll 10.0.8 at C:\Program Files\dotnet\packs\Microsoft.AspNetCore.App.Ref\10.0.8\ref\net10.0\Microsoft.Extensions.Logging.EventSource.dll
  - Microsoft.Extensions.Logging.TraceSource.dll 10.0.8 at C:\Program Files\dotnet\packs\Microsoft.AspNetCore.App.Ref\10.0.8\ref\net10.0\Microsoft.Extensions.Logging.TraceSource.dll
  - Microsoft.Extensions.ObjectPool.dll 10.0.8 at C:\Program Files\dotnet\packs\Microsoft.AspNetCore.App.Ref\10.0.8\ref\net10.0\Microsoft.Extensions.ObjectPool.dll
  - Microsoft.Extensions.Options.ConfigurationExtensions.dll 10.0.8 at C:\Program Files\dotnet\packs\Microsoft.AspNetCore.App.Ref\10.0.8\ref\net10.0\Microsoft.Extensions.Options.ConfigurationExtensions.dll
  - Microsoft.Extensions.Options.DataAnnotations.dll 10.0.8 at C:\Program Files\dotnet\packs\Microsoft.AspNetCore.App.Ref\10.0.8\ref\net10.0\Microsoft.Extensions.Options.DataAnnotations.dll
  - Microsoft.Extensions.Options.dll 10.0.8 at C:\Program Files\dotnet\packs\Microsoft.AspNetCore.App.Ref\10.0.8\ref\net10.0\Microsoft.Extensions.Options.dll
  - Microsoft.Extensions.Primitives.dll 10.0.8 at C:\Program Files\dotnet\packs\Microsoft.AspNetCore.App.Ref\10.0.8\ref\net10.0\Microsoft.Extensions.Primitives.dll
  - Microsoft.Extensions.Validation.dll 10.0.8 at C:\Program Files\dotnet\packs\Microsoft.AspNetCore.App.Ref\10.0.8\ref\net10.0\Microsoft.Extensions.Validation.dll
  - Microsoft.Extensions.WebEncoders.dll 10.0.8 at C:\Program Files\dotnet\packs\Microsoft.AspNetCore.App.Ref\10.0.8\ref\net10.0\Microsoft.Extensions.WebEncoders.dll
  - Microsoft.JSInterop.dll 10.0.8 at C:\Program Files\dotnet\packs\Microsoft.AspNetCore.App.Ref\10.0.8\ref\net10.0\Microsoft.JSInterop.dll
  - Microsoft.Net.Http.Headers.dll 10.0.8 at C:\Program Files\dotnet\packs\Microsoft.AspNetCore.App.Ref\10.0.8\ref\net10.0\Microsoft.Net.Http.Headers.dll
  - Microsoft.VisualBasic.Core.dll 10.0.8 at C:\Program Files\dotnet\packs\Microsoft.NETCore.App.Ref\10.0.8\ref\net10.0\Microsoft.VisualBasic.Core.dll
  - Microsoft.VisualBasic.dll 10.0.8 at C:\Program Files\dotnet\packs\Microsoft.NETCore.App.Ref\10.0.8\ref\net10.0\Microsoft.VisualBasic.dll
  - Microsoft.Win32.Primitives.dll 10.0.8 at C:\Program Files\dotnet\packs\Microsoft.NETCore.App.Ref\10.0.8\ref\net10.0\Microsoft.Win32.Primitives.dll
  - Microsoft.Win32.Registry.dll 10.0.8 at C:\Program Files\dotnet\packs\Microsoft.NETCore.App.Ref\10.0.8\ref\net10.0\Microsoft.Win32.Registry.dll
  - mscorlib.dll 10.0.8 at C:\Program Files\dotnet\packs\Microsoft.NETCore.App.Ref\10.0.8\ref\net10.0\mscorlib.dll
  - netstandard.dll 10.0.8 at C:\Program Files\dotnet\packs\Microsoft.NETCore.App.Ref\10.0.8\ref\net10.0\netstandard.dll
  - System.AppContext.dll 10.0.8 at C:\Program Files\dotnet\packs\Microsoft.NETCore.App.Ref\10.0.8\ref\net10.0\System.AppContext.dll
  - System.Buffers.dll 10.0.8 at C:\Program Files\dotnet\packs\Microsoft.NETCore.App.Ref\10.0.8\ref\net10.0\System.Buffers.dll
  - System.Collections.Concurrent.dll 10.0.8 at C:\Program Files\dotnet\packs\Microsoft.NETCore.App.Ref\10.0.8\ref\net10.0\System.Collections.Concurrent.dll
  - System.Collections.dll 10.0.8 at C:\Program Files\dotnet\packs\Microsoft.NETCore.App.Ref\10.0.8\ref\net10.0\System.Collections.dll
  - System.Collections.Immutable.dll 10.0.8 at C:\Program Files\dotnet\packs\Microsoft.NETCore.App.Ref\10.0.8\ref\net10.0\System.Collections.Immutable.dll
  - System.Collections.NonGeneric.dll 10.0.8 at C:\Program Files\dotnet\packs\Microsoft.NETCore.App.Ref\10.0.8\ref\net10.0\System.Collections.NonGeneric.dll
  - System.Collections.Specialized.dll 10.0.8 at C:\Program Files\dotnet\packs\Microsoft.NETCore.App.Ref\10.0.8\ref\net10.0\System.Collections.Specialized.dll
  - System.ComponentModel.Annotations.dll 10.0.8 at C:\Program Files\dotnet\packs\Microsoft.NETCore.App.Ref\10.0.8\ref\net10.0\System.ComponentModel.Annotations.dll
  - System.ComponentModel.DataAnnotations.dll 10.0.8 at C:\Program Files\dotnet\packs\Microsoft.NETCore.App.Ref\10.0.8\ref\net10.0\System.ComponentModel.DataAnnotations.dll
  - System.ComponentModel.dll 10.0.8 at C:\Program Files\dotnet\packs\Microsoft.NETCore.App.Ref\10.0.8\ref\net10.0\System.ComponentModel.dll
  - System.ComponentModel.EventBasedAsync.dll 10.0.8 at C:\Program Files\dotnet\packs\Microsoft.NETCore.App.Ref\10.0.8\ref\net10.0\System.ComponentModel.EventBasedAsync.dll
  - System.ComponentModel.Primitives.dll 10.0.8 at C:\Program Files\dotnet\packs\Microsoft.NETCore.App.Ref\10.0.8\ref\net10.0\System.ComponentModel.Primitives.dll
  - System.ComponentModel.TypeConverter.dll 10.0.8 at C:\Program Files\dotnet\packs\Microsoft.NETCore.App.Ref\10.0.8\ref\net10.0\System.ComponentModel.TypeConverter.dll
  - System.Configuration.dll 10.0.8 at C:\Program Files\dotnet\packs\Microsoft.NETCore.App.Ref\10.0.8\ref\net10.0\System.Configuration.dll
  - System.Console.dll 10.0.8 at C:\Program Files\dotnet\packs\Microsoft.NETCore.App.Ref\10.0.8\ref\net10.0\System.Console.dll
  - System.Core.dll 10.0.8 at C:\Program Files\dotnet\packs\Microsoft.NETCore.App.Ref\10.0.8\ref\net10.0\System.Core.dll
  - System.Data.Common.dll 10.0.8 at C:\Program Files\dotnet\packs\Microsoft.NETCore.App.Ref\10.0.8\ref\net10.0\System.Data.Common.dll
  - System.Data.DataSetExtensions.dll 10.0.8 at C:\Program Files\dotnet\packs\Microsoft.NETCore.App.Ref\10.0.8\ref\net10.0\System.Data.DataSetExtensions.dll
  - System.Data.dll 10.0.8 at C:\Program Files\dotnet\packs\Microsoft.NETCore.App.Ref\10.0.8\ref\net10.0\System.Data.dll
  - System.Diagnostics.Contracts.dll 10.0.8 at C:\Program Files\dotnet\packs\Microsoft.NETCore.App.Ref\10.0.8\ref\net10.0\System.Diagnostics.Contracts.dll
  - System.Diagnostics.Debug.dll 10.0.8 at C:\Program Files\dotnet\packs\Microsoft.NETCore.App.Ref\10.0.8\ref\net10.0\System.Diagnostics.Debug.dll
  - System.Diagnostics.DiagnosticSource.dll 10.0.8 at C:\Program Files\dotnet\packs\Microsoft.NETCore.App.Ref\10.0.8\ref\net10.0\System.Diagnostics.DiagnosticSource.dll
  - System.Diagnostics.EventLog.dll 10.0.8 at C:\Program Files\dotnet\packs\Microsoft.AspNetCore.App.Ref\10.0.8\ref\net10.0\System.Diagnostics.EventLog.dll
  - System.Diagnostics.FileVersionInfo.dll 10.0.8 at C:\Program Files\dotnet\packs\Microsoft.NETCore.App.Ref\10.0.8\ref\net10.0\System.Diagnostics.FileVersionInfo.dll
  - System.Diagnostics.Process.dll 10.0.8 at C:\Program Files\dotnet\packs\Microsoft.NETCore.App.Ref\10.0.8\ref\net10.0\System.Diagnostics.Process.dll
  - System.Diagnostics.StackTrace.dll 10.0.8 at C:\Program Files\dotnet\packs\Microsoft.NETCore.App.Ref\10.0.8\ref\net10.0\System.Diagnostics.StackTrace.dll
  - System.Diagnostics.TextWriterTraceListener.dll 10.0.8 at C:\Program Files\dotnet\packs\Microsoft.NETCore.App.Ref\10.0.8\ref\net10.0\System.Diagnostics.TextWriterTraceListener.dll
  - System.Diagnostics.Tools.dll 10.0.8 at C:\Program Files\dotnet\packs\Microsoft.NETCore.App.Ref\10.0.8\ref\net10.0\System.Diagnostics.Tools.dll
  - System.Diagnostics.TraceSource.dll 10.0.8 at C:\Program Files\dotnet\packs\Microsoft.NETCore.App.Ref\10.0.8\ref\net10.0\System.Diagnostics.TraceSource.dll
  - System.Diagnostics.Tracing.dll 10.0.8 at C:\Program Files\dotnet\packs\Microsoft.NETCore.App.Ref\10.0.8\ref\net10.0\System.Diagnostics.Tracing.dll
  - System.dll 10.0.8 at C:\Program Files\dotnet\packs\Microsoft.NETCore.App.Ref\10.0.8\ref\net10.0\System.dll
  - System.Drawing.dll 10.0.8 at C:\Program Files\dotnet\packs\Microsoft.NETCore.App.Ref\10.0.8\ref\net10.0\System.Drawing.dll
  - System.Drawing.Primitives.dll 10.0.8 at C:\Program Files\dotnet\packs\Microsoft.NETCore.App.Ref\10.0.8\ref\net10.0\System.Drawing.Primitives.dll
  - System.Dynamic.Runtime.dll 10.0.8 at C:\Program Files\dotnet\packs\Microsoft.NETCore.App.Ref\10.0.8\ref\net10.0\System.Dynamic.Runtime.dll
  - System.Formats.Asn1.dll 10.0.8 at C:\Program Files\dotnet\packs\Microsoft.NETCore.App.Ref\10.0.8\ref\net10.0\System.Formats.Asn1.dll
  - System.Formats.Cbor.dll 10.0.8 at C:\Program Files\dotnet\packs\Microsoft.AspNetCore.App.Ref\10.0.8\ref\net10.0\System.Formats.Cbor.dll
  - System.Formats.Tar.dll 10.0.8 at C:\Program Files\dotnet\packs\Microsoft.NETCore.App.Ref\10.0.8\ref\net10.0\System.Formats.Tar.dll
  - System.Globalization.Calendars.dll 10.0.8 at C:\Program Files\dotnet\packs\Microsoft.NETCore.App.Ref\10.0.8\ref\net10.0\System.Globalization.Calendars.dll
  - System.Globalization.dll 10.0.8 at C:\Program Files\dotnet\packs\Microsoft.NETCore.App.Ref\10.0.8\ref\net10.0\System.Globalization.dll
  - System.Globalization.Extensions.dll 10.0.8 at C:\Program Files\dotnet\packs\Microsoft.NETCore.App.Ref\10.0.8\ref\net10.0\System.Globalization.Extensions.dll
  - System.IO.Compression.Brotli.dll 10.0.8 at C:\Program Files\dotnet\packs\Microsoft.NETCore.App.Ref\10.0.8\ref\net10.0\System.IO.Compression.Brotli.dll
  - System.IO.Compression.dll 10.0.8 at C:\Program Files\dotnet\packs\Microsoft.NETCore.App.Ref\10.0.8\ref\net10.0\System.IO.Compression.dll
  - System.IO.Compression.FileSystem.dll 10.0.8 at C:\Program Files\dotnet\packs\Microsoft.NETCore.App.Ref\10.0.8\ref\net10.0\System.IO.Compression.FileSystem.dll
  - System.IO.Compression.ZipFile.dll 10.0.8 at C:\Program Files\dotnet\packs\Microsoft.NETCore.App.Ref\10.0.8\ref\net10.0\System.IO.Compression.ZipFile.dll
  - System.IO.dll 10.0.8 at C:\Program Files\dotnet\packs\Microsoft.NETCore.App.Ref\10.0.8\ref\net10.0\System.IO.dll
  - System.IO.FileSystem.AccessControl.dll 10.0.8 at C:\Program Files\dotnet\packs\Microsoft.NETCore.App.Ref\10.0.8\ref\net10.0\System.IO.FileSystem.AccessControl.dll
  - System.IO.FileSystem.dll 10.0.8 at C:\Program Files\dotnet\packs\Microsoft.NETCore.App.Ref\10.0.8\ref\net10.0\System.IO.FileSystem.dll
  - System.IO.FileSystem.DriveInfo.dll 10.0.8 at C:\Program Files\dotnet\packs\Microsoft.NETCore.App.Ref\10.0.8\ref\net10.0\System.IO.FileSystem.DriveInfo.dll
  - System.IO.FileSystem.Primitives.dll 10.0.8 at C:\Program Files\dotnet\packs\Microsoft.NETCore.App.Ref\10.0.8\ref\net10.0\System.IO.FileSystem.Primitives.dll
  - System.IO.FileSystem.Watcher.dll 10.0.8 at C:\Program Files\dotnet\packs\Microsoft.NETCore.App.Ref\10.0.8\ref\net10.0\System.IO.FileSystem.Watcher.dll
  - System.IO.IsolatedStorage.dll 10.0.8 at C:\Program Files\dotnet\packs\Microsoft.NETCore.App.Ref\10.0.8\ref\net10.0\System.IO.IsolatedStorage.dll
  - System.IO.MemoryMappedFiles.dll 10.0.8 at C:\Program Files\dotnet\packs\Microsoft.NETCore.App.Ref\10.0.8\ref\net10.0\System.IO.MemoryMappedFiles.dll
  - System.IO.Pipelines.dll 10.0.8 at C:\Program Files\dotnet\packs\Microsoft.NETCore.App.Ref\10.0.8\ref\net10.0\System.IO.Pipelines.dll
  - System.IO.Pipes.AccessControl.dll 10.0.8 at C:\Program Files\dotnet\packs\Microsoft.NETCore.App.Ref\10.0.8\ref\net10.0\System.IO.Pipes.AccessControl.dll
  - System.IO.Pipes.dll 10.0.8 at C:\Program Files\dotnet\packs\Microsoft.NETCore.App.Ref\10.0.8\ref\net10.0\System.IO.Pipes.dll
  - System.IO.UnmanagedMemoryStream.dll 10.0.8 at C:\Program Files\dotnet\packs\Microsoft.NETCore.App.Ref\10.0.8\ref\net10.0\System.IO.UnmanagedMemoryStream.dll
  - System.Linq.AsyncEnumerable.dll 10.0.8 at C:\Program Files\dotnet\packs\Microsoft.NETCore.App.Ref\10.0.8\ref\net10.0\System.Linq.AsyncEnumerable.dll
  - System.Linq.dll 10.0.8 at C:\Program Files\dotnet\packs\Microsoft.NETCore.App.Ref\10.0.8\ref\net10.0\System.Linq.dll
  - System.Linq.Expressions.dll 10.0.8 at C:\Program Files\dotnet\packs\Microsoft.NETCore.App.Ref\10.0.8\ref\net10.0\System.Linq.Expressions.dll
  - System.Linq.Parallel.dll 10.0.8 at C:\Program Files\dotnet\packs\Microsoft.NETCore.App.Ref\10.0.8\ref\net10.0\System.Linq.Parallel.dll
  - System.Linq.Queryable.dll 10.0.8 at C:\Program Files\dotnet\packs\Microsoft.NETCore.App.Ref\10.0.8\ref\net10.0\System.Linq.Queryable.dll
  - System.Memory.dll 10.0.8 at C:\Program Files\dotnet\packs\Microsoft.NETCore.App.Ref\10.0.8\ref\net10.0\System.Memory.dll
  - System.Net.dll 10.0.8 at C:\Program Files\dotnet\packs\Microsoft.NETCore.App.Ref\10.0.8\ref\net10.0\System.Net.dll
  - System.Net.Http.dll 10.0.8 at C:\Program Files\dotnet\packs\Microsoft.NETCore.App.Ref\10.0.8\ref\net10.0\System.Net.Http.dll
  - System.Net.Http.Json.dll 10.0.8 at C:\Program Files\dotnet\packs\Microsoft.NETCore.App.Ref\10.0.8\ref\net10.0\System.Net.Http.Json.dll
  - System.Net.HttpListener.dll 10.0.8 at C:\Program Files\dotnet\packs\Microsoft.NETCore.App.Ref\10.0.8\ref\net10.0\System.Net.HttpListener.dll
  - System.Net.Mail.dll 10.0.8 at C:\Program Files\dotnet\packs\Microsoft.NETCore.App.Ref\10.0.8\ref\net10.0\System.Net.Mail.dll
  - System.Net.NameResolution.dll 10.0.8 at C:\Program Files\dotnet\packs\Microsoft.NETCore.App.Ref\10.0.8\ref\net10.0\System.Net.NameResolution.dll
  - System.Net.NetworkInformation.dll 10.0.8 at C:\Program Files\dotnet\packs\Microsoft.NETCore.App.Ref\10.0.8\ref\net10.0\System.Net.NetworkInformation.dll
  - System.Net.Ping.dll 10.0.8 at C:\Program Files\dotnet\packs\Microsoft.NETCore.App.Ref\10.0.8\ref\net10.0\System.Net.Ping.dll
  - System.Net.Primitives.dll 10.0.8 at C:\Program Files\dotnet\packs\Microsoft.NETCore.App.Ref\10.0.8\ref\net10.0\System.Net.Primitives.dll
  - System.Net.Quic.dll 10.0.8 at C:\Program Files\dotnet\packs\Microsoft.NETCore.App.Ref\10.0.8\ref\net10.0\System.Net.Quic.dll
  - System.Net.Requests.dll 10.0.8 at C:\Program Files\dotnet\packs\Microsoft.NETCore.App.Ref\10.0.8\ref\net10.0\System.Net.Requests.dll
  - System.Net.Security.dll 10.0.8 at C:\Program Files\dotnet\packs\Microsoft.NETCore.App.Ref\10.0.8\ref\net10.0\System.Net.Security.dll
  - System.Net.ServerSentEvents.dll 10.0.8 at C:\Program Files\dotnet\packs\Microsoft.NETCore.App.Ref\10.0.8\ref\net10.0\System.Net.ServerSentEvents.dll
  - System.Net.ServicePoint.dll 10.0.8 at C:\Program Files\dotnet\packs\Microsoft.NETCore.App.Ref\10.0.8\ref\net10.0\System.Net.ServicePoint.dll
  - System.Net.Sockets.dll 10.0.8 at C:\Program Files\dotnet\packs\Microsoft.NETCore.App.Ref\10.0.8\ref\net10.0\System.Net.Sockets.dll
  - System.Net.WebClient.dll 10.0.8 at C:\Program Files\dotnet\packs\Microsoft.NETCore.App.Ref\10.0.8\ref\net10.0\System.Net.WebClient.dll
  - System.Net.WebHeaderCollection.dll 10.0.8 at C:\Program Files\dotnet\packs\Microsoft.NETCore.App.Ref\10.0.8\ref\net10.0\System.Net.WebHeaderCollection.dll
  - System.Net.WebProxy.dll 10.0.8 at C:\Program Files\dotnet\packs\Microsoft.NETCore.App.Ref\10.0.8\ref\net10.0\System.Net.WebProxy.dll
  - System.Net.WebSockets.Client.dll 10.0.8 at C:\Program Files\dotnet\packs\Microsoft.NETCore.App.Ref\10.0.8\ref\net10.0\System.Net.WebSockets.Client.dll
  - System.Net.WebSockets.dll 10.0.8 at C:\Program Files\dotnet\packs\Microsoft.NETCore.App.Ref\10.0.8\ref\net10.0\System.Net.WebSockets.dll
  - System.Numerics.dll 10.0.8 at C:\Program Files\dotnet\packs\Microsoft.NETCore.App.Ref\10.0.8\ref\net10.0\System.Numerics.dll
  - System.Numerics.Tensors.dll 10.0.4 at C:\Users\tddkhanh\.nuget\packages\system.numerics.tensors\10.0.4\lib\net10.0\System.Numerics.Tensors.dll
  - System.Numerics.Vectors.dll 10.0.8 at C:\Program Files\dotnet\packs\Microsoft.NETCore.App.Ref\10.0.8\ref\net10.0\System.Numerics.Vectors.dll
  - System.ObjectModel.dll 10.0.8 at C:\Program Files\dotnet\packs\Microsoft.NETCore.App.Ref\10.0.8\ref\net10.0\System.ObjectModel.dll
  - System.Reflection.DispatchProxy.dll 10.0.8 at C:\Program Files\dotnet\packs\Microsoft.NETCore.App.Ref\10.0.8\ref\net10.0\System.Reflection.DispatchProxy.dll
  - System.Reflection.dll 10.0.8 at C:\Program Files\dotnet\packs\Microsoft.NETCore.App.Ref\10.0.8\ref\net10.0\System.Reflection.dll
  - System.Reflection.Emit.dll 10.0.8 at C:\Program Files\dotnet\packs\Microsoft.NETCore.App.Ref\10.0.8\ref\net10.0\System.Reflection.Emit.dll
  - System.Reflection.Emit.ILGeneration.dll 10.0.8 at C:\Program Files\dotnet\packs\Microsoft.NETCore.App.Ref\10.0.8\ref\net10.0\System.Reflection.Emit.ILGeneration.dll
  - System.Reflection.Emit.Lightweight.dll 10.0.8 at C:\Program Files\dotnet\packs\Microsoft.NETCore.App.Ref\10.0.8\ref\net10.0\System.Reflection.Emit.Lightweight.dll
  - System.Reflection.Extensions.dll 10.0.8 at C:\Program Files\dotnet\packs\Microsoft.NETCore.App.Ref\10.0.8\ref\net10.0\System.Reflection.Extensions.dll
  - System.Reflection.Metadata.dll 10.0.8 at C:\Program Files\dotnet\packs\Microsoft.NETCore.App.Ref\10.0.8\ref\net10.0\System.Reflection.Metadata.dll
  - System.Reflection.Primitives.dll 10.0.8 at C:\Program Files\dotnet\packs\Microsoft.NETCore.App.Ref\10.0.8\ref\net10.0\System.Reflection.Primitives.dll
  - System.Reflection.TypeExtensions.dll 10.0.8 at C:\Program Files\dotnet\packs\Microsoft.NETCore.App.Ref\10.0.8\ref\net10.0\System.Reflection.TypeExtensions.dll
  - System.Resources.Reader.dll 10.0.8 at C:\Program Files\dotnet\packs\Microsoft.NETCore.App.Ref\10.0.8\ref\net10.0\System.Resources.Reader.dll
  - System.Resources.ResourceManager.dll 10.0.8 at C:\Program Files\dotnet\packs\Microsoft.NETCore.App.Ref\10.0.8\ref\net10.0\System.Resources.ResourceManager.dll
  - System.Resources.Writer.dll 10.0.8 at C:\Program Files\dotnet\packs\Microsoft.NETCore.App.Ref\10.0.8\ref\net10.0\System.Resources.Writer.dll
  - System.Runtime.CompilerServices.Unsafe.dll 10.0.8 at C:\Program Files\dotnet\packs\Microsoft.NETCore.App.Ref\10.0.8\ref\net10.0\System.Runtime.CompilerServices.Unsafe.dll
  - System.Runtime.CompilerServices.VisualC.dll 10.0.8 at C:\Program Files\dotnet\packs\Microsoft.NETCore.App.Ref\10.0.8\ref\net10.0\System.Runtime.CompilerServices.VisualC.dll
  - System.Runtime.dll 10.0.8 at C:\Program Files\dotnet\packs\Microsoft.NETCore.App.Ref\10.0.8\ref\net10.0\System.Runtime.dll
  - System.Runtime.Extensions.dll 10.0.8 at C:\Program Files\dotnet\packs\Microsoft.NETCore.App.Ref\10.0.8\ref\net10.0\System.Runtime.Extensions.dll
  - System.Runtime.Handles.dll 10.0.8 at C:\Program Files\dotnet\packs\Microsoft.NETCore.App.Ref\10.0.8\ref\net10.0\System.Runtime.Handles.dll
  - System.Runtime.InteropServices.dll 10.0.8 at C:\Program Files\dotnet\packs\Microsoft.NETCore.App.Ref\10.0.8\ref\net10.0\System.Runtime.InteropServices.dll
  - System.Runtime.InteropServices.JavaScript.dll 10.0.8 at C:\Program Files\dotnet\packs\Microsoft.NETCore.App.Ref\10.0.8\ref\net10.0\System.Runtime.InteropServices.JavaScript.dll
  - System.Runtime.InteropServices.RuntimeInformation.dll 10.0.8 at C:\Program Files\dotnet\packs\Microsoft.NETCore.App.Ref\10.0.8\ref\net10.0\System.Runtime.InteropServices.RuntimeInformation.dll
  - System.Runtime.Intrinsics.dll 10.0.8 at C:\Program Files\dotnet\packs\Microsoft.NETCore.App.Ref\10.0.8\ref\net10.0\System.Runtime.Intrinsics.dll
  - System.Runtime.Loader.dll 10.0.8 at C:\Program Files\dotnet\packs\Microsoft.NETCore.App.Ref\10.0.8\ref\net10.0\System.Runtime.Loader.dll
  - System.Runtime.Numerics.dll 10.0.8 at C:\Program Files\dotnet\packs\Microsoft.NETCore.App.Ref\10.0.8\ref\net10.0\System.Runtime.Numerics.dll
  - System.Runtime.Serialization.dll 10.0.8 at C:\Program Files\dotnet\packs\Microsoft.NETCore.App.Ref\10.0.8\ref\net10.0\System.Runtime.Serialization.dll
  - System.Runtime.Serialization.Formatters.dll 10.0.8 at C:\Program Files\dotnet\packs\Microsoft.NETCore.App.Ref\10.0.8\ref\net10.0\System.Runtime.Serialization.Formatters.dll
  - System.Runtime.Serialization.Json.dll 10.0.8 at C:\Program Files\dotnet\packs\Microsoft.NETCore.App.Ref\10.0.8\ref\net10.0\System.Runtime.Serialization.Json.dll
  - System.Runtime.Serialization.Primitives.dll 10.0.8 at C:\Program Files\dotnet\packs\Microsoft.NETCore.App.Ref\10.0.8\ref\net10.0\System.Runtime.Serialization.Primitives.dll
  - System.Runtime.Serialization.Xml.dll 10.0.8 at C:\Program Files\dotnet\packs\Microsoft.NETCore.App.Ref\10.0.8\ref\net10.0\System.Runtime.Serialization.Xml.dll
  - System.Security.AccessControl.dll 10.0.8 at C:\Program Files\dotnet\packs\Microsoft.NETCore.App.Ref\10.0.8\ref\net10.0\System.Security.AccessControl.dll
  - System.Security.Claims.dll 10.0.8 at C:\Program Files\dotnet\packs\Microsoft.NETCore.App.Ref\10.0.8\ref\net10.0\System.Security.Claims.dll
  - System.Security.Cryptography.Algorithms.dll 10.0.8 at C:\Program Files\dotnet\packs\Microsoft.NETCore.App.Ref\10.0.8\ref\net10.0\System.Security.Cryptography.Algorithms.dll
  - System.Security.Cryptography.Cng.dll 10.0.8 at C:\Program Files\dotnet\packs\Microsoft.NETCore.App.Ref\10.0.8\ref\net10.0\System.Security.Cryptography.Cng.dll
  - System.Security.Cryptography.Csp.dll 10.0.8 at C:\Program Files\dotnet\packs\Microsoft.NETCore.App.Ref\10.0.8\ref\net10.0\System.Security.Cryptography.Csp.dll
  - System.Security.Cryptography.dll 10.0.8 at C:\Program Files\dotnet\packs\Microsoft.NETCore.App.Ref\10.0.8\ref\net10.0\System.Security.Cryptography.dll
  - System.Security.Cryptography.Encoding.dll 10.0.8 at C:\Program Files\dotnet\packs\Microsoft.NETCore.App.Ref\10.0.8\ref\net10.0\System.Security.Cryptography.Encoding.dll
  - System.Security.Cryptography.OpenSsl.dll 10.0.8 at C:\Program Files\dotnet\packs\Microsoft.NETCore.App.Ref\10.0.8\ref\net10.0\System.Security.Cryptography.OpenSsl.dll
  - System.Security.Cryptography.Pkcs.dll 9.0.9 at C:\Users\tddkhanh\.nuget\packages\system.security.cryptography.pkcs\9.0.9\lib\net9.0\System.Security.Cryptography.Pkcs.dll
  - System.Security.Cryptography.Primitives.dll 10.0.8 at C:\Program Files\dotnet\packs\Microsoft.NETCore.App.Ref\10.0.8\ref\net10.0\System.Security.Cryptography.Primitives.dll
  - System.Security.Cryptography.X509Certificates.dll 10.0.8 at C:\Program Files\dotnet\packs\Microsoft.NETCore.App.Ref\10.0.8\ref\net10.0\System.Security.Cryptography.X509Certificates.dll
  - System.Security.Cryptography.Xml.dll 10.0.8 at C:\Program Files\dotnet\packs\Microsoft.AspNetCore.App.Ref\10.0.8\ref\net10.0\System.Security.Cryptography.Xml.dll
  - System.Security.dll 10.0.8 at C:\Program Files\dotnet\packs\Microsoft.NETCore.App.Ref\10.0.8\ref\net10.0\System.Security.dll
  - System.Security.Principal.dll 10.0.8 at C:\Program Files\dotnet\packs\Microsoft.NETCore.App.Ref\10.0.8\ref\net10.0\System.Security.Principal.dll
  - System.Security.Principal.Windows.dll 10.0.8 at C:\Program Files\dotnet\packs\Microsoft.NETCore.App.Ref\10.0.8\ref\net10.0\System.Security.Principal.Windows.dll
  - System.Security.SecureString.dll 10.0.8 at C:\Program Files\dotnet\packs\Microsoft.NETCore.App.Ref\10.0.8\ref\net10.0\System.Security.SecureString.dll
  - System.ServiceModel.Web.dll 10.0.8 at C:\Program Files\dotnet\packs\Microsoft.NETCore.App.Ref\10.0.8\ref\net10.0\System.ServiceModel.Web.dll
  - System.ServiceProcess.dll 10.0.8 at C:\Program Files\dotnet\packs\Microsoft.NETCore.App.Ref\10.0.8\ref\net10.0\System.ServiceProcess.dll
  - System.Text.Encoding.CodePages.dll 10.0.8 at C:\Program Files\dotnet\packs\Microsoft.NETCore.App.Ref\10.0.8\ref\net10.0\System.Text.Encoding.CodePages.dll
  - System.Text.Encoding.dll 10.0.8 at C:\Program Files\dotnet\packs\Microsoft.NETCore.App.Ref\10.0.8\ref\net10.0\System.Text.Encoding.dll
  - System.Text.Encoding.Extensions.dll 10.0.8 at C:\Program Files\dotnet\packs\Microsoft.NETCore.App.Ref\10.0.8\ref\net10.0\System.Text.Encoding.Extensions.dll
  - System.Text.Encodings.Web.dll 10.0.8 at C:\Program Files\dotnet\packs\Microsoft.NETCore.App.Ref\10.0.8\ref\net10.0\System.Text.Encodings.Web.dll
  - System.Text.Json.dll 10.0.8 at C:\Program Files\dotnet\packs\Microsoft.NETCore.App.Ref\10.0.8\ref\net10.0\System.Text.Json.dll
  - System.Text.RegularExpressions.dll 10.0.8 at C:\Program Files\dotnet\packs\Microsoft.NETCore.App.Ref\10.0.8\ref\net10.0\System.Text.RegularExpressions.dll
  - System.Threading.AccessControl.dll 10.0.8 at C:\Program Files\dotnet\packs\Microsoft.NETCore.App.Ref\10.0.8\ref\net10.0\System.Threading.AccessControl.dll
  - System.Threading.Channels.dll 10.0.8 at C:\Program Files\dotnet\packs\Microsoft.NETCore.App.Ref\10.0.8\ref\net10.0\System.Threading.Channels.dll
  - System.Threading.dll 10.0.8 at C:\Program Files\dotnet\packs\Microsoft.NETCore.App.Ref\10.0.8\ref\net10.0\System.Threading.dll
  - System.Threading.Overlapped.dll 10.0.8 at C:\Program Files\dotnet\packs\Microsoft.NETCore.App.Ref\10.0.8\ref\net10.0\System.Threading.Overlapped.dll
  - System.Threading.RateLimiting.dll 10.0.8 at C:\Program Files\dotnet\packs\Microsoft.AspNetCore.App.Ref\10.0.8\ref\net10.0\System.Threading.RateLimiting.dll
  - System.Threading.Tasks.Dataflow.dll 10.0.8 at C:\Program Files\dotnet\packs\Microsoft.NETCore.App.Ref\10.0.8\ref\net10.0\System.Threading.Tasks.Dataflow.dll
  - System.Threading.Tasks.dll 10.0.8 at C:\Program Files\dotnet\packs\Microsoft.NETCore.App.Ref\10.0.8\ref\net10.0\System.Threading.Tasks.dll
  - System.Threading.Tasks.Extensions.dll 10.0.8 at C:\Program Files\dotnet\packs\Microsoft.NETCore.App.Ref\10.0.8\ref\net10.0\System.Threading.Tasks.Extensions.dll
  - System.Threading.Tasks.Parallel.dll 10.0.8 at C:\Program Files\dotnet\packs\Microsoft.NETCore.App.Ref\10.0.8\ref\net10.0\System.Threading.Tasks.Parallel.dll
  - System.Threading.Thread.dll 10.0.8 at C:\Program Files\dotnet\packs\Microsoft.NETCore.App.Ref\10.0.8\ref\net10.0\System.Threading.Thread.dll
  - System.Threading.ThreadPool.dll 10.0.8 at C:\Program Files\dotnet\packs\Microsoft.NETCore.App.Ref\10.0.8\ref\net10.0\System.Threading.ThreadPool.dll
  - System.Threading.Timer.dll 10.0.8 at C:\Program Files\dotnet\packs\Microsoft.NETCore.App.Ref\10.0.8\ref\net10.0\System.Threading.Timer.dll
  - System.Transactions.dll 10.0.8 at C:\Program Files\dotnet\packs\Microsoft.NETCore.App.Ref\10.0.8\ref\net10.0\System.Transactions.dll
  - System.Transactions.Local.dll 10.0.8 at C:\Program Files\dotnet\packs\Microsoft.NETCore.App.Ref\10.0.8\ref\net10.0\System.Transactions.Local.dll
  - System.ValueTuple.dll 10.0.8 at C:\Program Files\dotnet\packs\Microsoft.NETCore.App.Ref\10.0.8\ref\net10.0\System.ValueTuple.dll
  - System.Web.dll 10.0.8 at C:\Program Files\dotnet\packs\Microsoft.NETCore.App.Ref\10.0.8\ref\net10.0\System.Web.dll
  - System.Web.HttpUtility.dll 10.0.8 at C:\Program Files\dotnet\packs\Microsoft.NETCore.App.Ref\10.0.8\ref\net10.0\System.Web.HttpUtility.dll
  - System.Windows.dll 10.0.8 at C:\Program Files\dotnet\packs\Microsoft.NETCore.App.Ref\10.0.8\ref\net10.0\System.Windows.dll
  - System.Xml.dll 10.0.8 at C:\Program Files\dotnet\packs\Microsoft.NETCore.App.Ref\10.0.8\ref\net10.0\System.Xml.dll
  - System.Xml.Linq.dll 10.0.8 at C:\Program Files\dotnet\packs\Microsoft.NETCore.App.Ref\10.0.8\ref\net10.0\System.Xml.Linq.dll
  - System.Xml.ReaderWriter.dll 10.0.8 at C:\Program Files\dotnet\packs\Microsoft.NETCore.App.Ref\10.0.8\ref\net10.0\System.Xml.ReaderWriter.dll
  - System.Xml.Serialization.dll 10.0.8 at C:\Program Files\dotnet\packs\Microsoft.NETCore.App.Ref\10.0.8\ref\net10.0\System.Xml.Serialization.dll
  - System.Xml.XDocument.dll 10.0.8 at C:\Program Files\dotnet\packs\Microsoft.NETCore.App.Ref\10.0.8\ref\net10.0\System.Xml.XDocument.dll
  - System.Xml.XmlDocument.dll 10.0.8 at C:\Program Files\dotnet\packs\Microsoft.NETCore.App.Ref\10.0.8\ref\net10.0\System.Xml.XmlDocument.dll
  - System.Xml.XmlSerializer.dll 10.0.8 at C:\Program Files\dotnet\packs\Microsoft.NETCore.App.Ref\10.0.8\ref\net10.0\System.Xml.XmlSerializer.dll
  - System.Xml.XPath.dll 10.0.8 at C:\Program Files\dotnet\packs\Microsoft.NETCore.App.Ref\10.0.8\ref\net10.0\System.Xml.XPath.dll
  - System.Xml.XPath.XDocument.dll 10.0.8 at C:\Program Files\dotnet\packs\Microsoft.NETCore.App.Ref\10.0.8\ref\net10.0\System.Xml.XPath.XDocument.dll
  - Telerik.AI.SmartComponents.Extensions.dll 2.2.1 at C:\Users\tddkhanh\.nuget\packages\telerik.ai.smartcomponents.extensions\2.2.1\lib\net8.0\Telerik.AI.SmartComponents.Extensions.dll
  - Telerik.Blazor.dll 14.0.0 at C:\Users\tddkhanh\.nuget\packages\telerik.ui.for.blazor\14.0.0\lib\net8.0\Telerik.Blazor.dll
  - Telerik.DataSource.dll 4.1.0 at C:\Users\tddkhanh\.nuget\packages\telerik.datasource\4.1.0\lib\net8.0\Telerik.DataSource.dll
  - Telerik.Documents.Core.dll 2026.2.519 at C:\Users\tddkhanh\.nuget\packages\telerik.documents.core\2026.2.519\lib\netstandard2.0\Telerik.Documents.Core.dll
  - Telerik.Documents.Fixed.dll 2026.2.519 at C:\Users\tddkhanh\.nuget\packages\telerik.documents.fixed\2026.2.519\lib\netstandard2.0\Telerik.Documents.Fixed.dll
  - Telerik.Documents.Spreadsheet.dll 2026.2.519 at C:\Users\tddkhanh\.nuget\packages\telerik.documents.spreadsheet\2026.2.519\lib\netstandard2.0\Telerik.Documents.Spreadsheet.dll
  - Telerik.Documents.Spreadsheet.FormatProviders.Pdf.dll 2026.2.519 at C:\Users\tddkhanh\.nuget\packages\telerik.documents.spreadsheet.formatproviders.pdf\2026.2.519\lib\netstandard2.0\Telerik.Documents.Spreadsheet.FormatProviders.Pdf.dll
  - Telerik.Documents.SpreadsheetStreaming.dll 2026.2.519 at C:\Users\tddkhanh\.nuget\packages\telerik.documents.spreadsheetstreaming\2026.2.519\lib\netstandard2.0\Telerik.Documents.SpreadsheetStreaming.dll
  - Telerik.FontIcons.dll 4.9.2 at C:\Users\tddkhanh\.nuget\packages\telerik.fonticons\4.9.2\lib\netstandard2.0\Telerik.FontIcons.dll
  - Telerik.Licensing.Runtime.dll 1.8.2 at C:\Users\tddkhanh\.nuget\packages\telerik.licensing\1.8.2\lib\net10.0\Telerik.Licensing.Runtime.dll
  - Telerik.Pivot.Core.dll 1.0.0 at C:\Users\tddkhanh\.nuget\packages\telerik.pivot.core\1.0.0\lib\net8.0\Telerik.Pivot.Core.dll
  - Telerik.Pivot.DataProviders.Xmla.dll 1.0.0 at C:\Users\tddkhanh\.nuget\packages\telerik.pivot.dataproviders.xmla\1.0.0\lib\net8.0\Telerik.Pivot.DataProviders.Xmla.dll
  - Telerik.Recurrence.dll 1.0.0 at C:\Users\tddkhanh\.nuget\packages\telerik.recurrence\1.0.0\lib\net8.0\Telerik.Recurrence.dll
  - Telerik.SvgIcons.dll 4.9.2 at C:\Users\tddkhanh\.nuget\packages\telerik.svgicons\4.9.2\lib\netstandard2.0\Telerik.SvgIcons.dll
  - Telerik.Zip.dll 2026.2.519 at C:\Users\tddkhanh\.nuget\packages\telerik.zip\2026.2.519\lib\netstandard2.0\Telerik.Zip.dll
  - WindowsBase.dll 10.0.8 at C:\Program Files\dotnet\packs\Microsoft.NETCore.App.Ref\10.0.8\ref\net10.0\WindowsBase.dll
  MachineId=T67PQYIlb9W6VOVNpg1C57e7U0Q=

[2026-05-29 02:16:07.391] [Low]   Looking for Telerik product metadata in referenced assemblies
      - C:\Users\tddkhanh\.nuget\packages\telerik.ui.for.blazor\14.0.0\lib\net8.0\Telerik.Blazor.dll
        ProductCode: BLAZOR, LicenseDate: 2026-05-20, ProductName: Telerik UI for Blazor, ProductVersion: 14.0.0.0, Flags: None
        Transitive product references:
        - DPL 2026-05-19 (redistributed by: RCWPF;RCWF;MAUI;UIXAM;WINUI;RCAJAX;KENDOUIMVC;UIASPCORE;BLAZOR) Telerik Document Processing Libraries 2026.2.519.20
      - C:\Users\tddkhanh\.nuget\packages\telerik.documents.core\2026.2.519\lib\netstandard2.0\Telerik.Documents.Core.dll
        ProductCode: DPL, LicenseDate: 2026-05-19, Redistributed By: RCWPF, RCWF, MAUI, UIXAM, WINUI, RCAJAX, KENDOUIMVC, UIASPCORE, BLAZOR, ProductName: Telerik Document Processing Libraries, ProductVersion: 2026.2.519.20, Flags: None
      - C:\Users\tddkhanh\.nuget\packages\telerik.documents.fixed\2026.2.519\lib\netstandard2.0\Telerik.Documents.Fixed.dll
        ProductCode: DPL, LicenseDate: 2026-05-19, Redistributed By: RCWPF, RCWF, MAUI, UIXAM, WINUI, RCAJAX, KENDOUIMVC, UIASPCORE, BLAZOR, ProductName: Telerik Document Processing Libraries, ProductVersion: 2026.2.519.20, Flags: None
      - C:\Users\tddkhanh\.nuget\packages\telerik.documents.spreadsheet\2026.2.519\lib\netstandard2.0\Telerik.Documents.Spreadsheet.dll
        ProductCode: DPL, LicenseDate: 2026-05-19, Redistributed By: RCWPF, RCWF, MAUI, UIXAM, WINUI, RCAJAX, KENDOUIMVC, UIASPCORE, BLAZOR, ProductName: Telerik Document Processing Libraries, ProductVersion: 2026.2.519.20, Flags: None
      - C:\Users\tddkhanh\.nuget\packages\telerik.documents.spreadsheet.formatproviders.pdf\2026.2.519\lib\netstandard2.0\Telerik.Documents.Spreadsheet.FormatProviders.Pdf.dll
        ProductCode: DPL, LicenseDate: 2026-05-19, Redistributed By: RCWPF, RCWF, MAUI, UIXAM, WINUI, RCAJAX, KENDOUIMVC, UIASPCORE, BLAZOR, ProductName: Telerik Document Processing Libraries, ProductVersion: 2026.2.519.20, Flags: None
      - C:\Users\tddkhanh\.nuget\packages\telerik.documents.spreadsheetstreaming\2026.2.519\lib\netstandard2.0\Telerik.Documents.SpreadsheetStreaming.dll
        ProductCode: DPL, LicenseDate: 2026-05-19, Redistributed By: RCWPF, RCWF, MAUI, UIXAM, WINUI, RCAJAX, KENDOUIMVC, UIASPCORE, BLAZOR, ProductName: Telerik Document Processing Libraries, ProductVersion: 2026.2.519.20, Flags: None
      - C:\Users\tddkhanh\.nuget\packages\telerik.zip\2026.2.519\lib\netstandard2.0\Telerik.Zip.dll
        ProductCode: DPL, LicenseDate: 2026-05-19, Redistributed By: RCWPF, RCWF, MAUI, UIXAM, WINUI, RCAJAX, KENDOUIMVC, UIASPCORE, BLAZOR, ProductName: Telerik Document Processing Libraries, ProductVersion: 2026.2.519.20, Flags: None
      Unique Products:
      - "Telerik UI for Blazor" (BLAZOR) 14.0.0.0 @2026-05-20
      - "Telerik Document Processing Libraries" (DPL) 2026.2.519.20 @2026-05-19
      Found a total of 2 referenced Telerik products for net10.0

[2026-05-29 02:16:07.407] [Low]   Provision Licensing
        Looking up license file...
        - EnvironmentVariablePath: TELERIK_LICENSE_PATH (NotAvailable)
        - EnvironmentVariable: TELERIK_LICENSE (NotAvailable)
        - EnvironmentVariable: KENDO_UI_LICENSE (NotAvailable)
        - RecursiveFilePath: D:\Code\Blazor\TelerikGrid\TelerikGrid\telerik-license.txt (NotAvailable)
        - RecursiveFilePath: D:\Code\Blazor\TelerikGrid\TelerikGrid\kendo-ui-license.txt (NotAvailable)
        - RecursiveFilePath: D:\Code\Blazor\TelerikGrid\telerik-license.txt (NotAvailable)
        - RecursiveFilePath: D:\Code\Blazor\TelerikGrid\kendo-ui-license.txt (NotAvailable)
        - RecursiveFilePath: D:\Code\Blazor\telerik-license.txt (NotAvailable)
        - RecursiveFilePath: D:\Code\Blazor\kendo-ui-license.txt (NotAvailable)
        - RecursiveFilePath: D:\Code\telerik-license.txt (NotAvailable)
        - RecursiveFilePath: D:\Code\kendo-ui-license.txt (NotAvailable)
        - RecursiveFilePath: D:\telerik-license.txt (NotAvailable)
        - RecursiveFilePath: D:\kendo-ui-license.txt (NotAvailable)
        - UserDirectory: C:\Users\tddkhanh\AppData\Roaming\Telerik\telerik-license.txt (LicenseFound)
        - UserDirectory: C:\Users\tddkhanh\AppData\Roaming\Telerik\kendo-ui-license.txt (Skip)
        LicenseKey
        - AUD: t************@g****.com
        - UsedId: 344ca679-260a-4541-b9a7-cafe8537ed1f
        - LicenseId: de0ab21e-4a76-46d5-b1d8-a860fc8a108a
        - IssuedAt: 5/27/2026 11:20:30 PM
        - Licenses
          0) Trial BLAZOR, expiration 6/26/2026 3:27:27 AM, type: 'trial'
          1) Usage UserId: 344ca679-260a-4541-b9a7-cafe8537ed1f, LicenseId: de0ab21e-4a76-46d5-b1d8-a860fc8a108a, type: 'usage'

[2026-05-29 02:16:07.411] [Low]   License Resolution
        Messages
          - License OK for "Telerik UI for Blazor" (BLAZOR) 14.0.0.0 @2026-05-20 - Trial, valid until 2026-06-26.
          - License OK for "Telerik Document Processing Libraries" (DPL) 2026.2.519.20 @2026-05-19 - Trial for BLAZOR, valid until 2026-06-26.
        JWTs
          - eyJhbGciOiJSUzI1NiIsInR5cCI6IlRlbGVyaWsgTGljZW5zZSBFdmlkZW5jZSJ9.eyJjb2RlIjoiQkxBWk9SIiwidHlwZSI6InRyaWFsIiwiZXhwaXJhdGlvbiI6MTc4MjQ0NDQ0NywidXNlcklkIjoiMzQ0Y2E2NzktMjYwYS00NTQxLWI5YTctY2FmZTg1MzdlZDFmIiwibGljZW5zZUlkIjoiZGUwYWIyMWUtNGE3Ni00NmQ1LWIxZDgtYTg2MGZjOGExMDhhIn0.zRRYGeaQHW_-AN5jMEypWMNjOlATOXZHpV5AHN3NlbngssoYs7K9y_qOaxXPcylCIl3h5K6r9iwFKWe9xaIU0G-MXBTvRZpfbkiZtrYp4puaC1ONeHElHT_DqQnoqIb93UpJOBwO4SFWFzoHgPYcY7w8xTV82tVxIgXFRxwPyfGNrV7rD2oGDM3cvIFGOQT4i5dO67MzBDduG-4R9bofmMXKaj0qv69aM44f6A8t2DOPWIgTIqNcjp69XT-RM9i1zLy3sNEvrb9nntBRNqqXoj2OZtPiSjDFA6s-WWJkTpLuvZHieCL2T3LY_H0WNG2LHsYc2l4FPDttY99f0L27IA
        Licenses
          - License OK for "Telerik UI for Blazor" (BLAZOR) 14.0.0.0 @2026-05-20 - Trial, valid until 2026-06-26.
          - License OK for "Telerik Document Processing Libraries" (DPL) 2026.2.519.20 @2026-05-19 - Trial for BLAZOR, valid until 2026-06-26.

[2026-05-29 02:16:07.413] [Low] OutputType: Exe, ImportXamlTargets: False
[2026-05-29 02:16:07.414] [Low] LicenseEvidence CodeGen: Up to date!
[2026-05-29 02:16:07.425] [Low] 
      Call-Home Telerik Products (2 for net10.0)
      - "Telerik UI for Blazor" (BLAZOR) 14.0.0
      - "DPL" (DPL) 2026.2.519

[2026-05-29 02:16:07.425] [Low] 
[2026-05-29 02:16:07.426] [Low] 
      Call-Home Telerik Features (0 for net10.0)

[2026-05-29 02:16:07.426] [Low] 
[2026-05-29 02:16:07.460] [Low]   Report Telerik.Licensing
        UserId: 344ca679-260a-4541-b9a7-cafe8537ed1f
        LicenseId: de0ab21e-4a76-46d5-b1d8-a860fc8a108a
        Products
        - LicenseUsed BLAZOR 14.0.0.0 SKIPPED
        - LicenseUsed DPL 2026.2.519.20 SKIPPED
      Report finished in 00:00:00.0328312

[2026-05-29 02:16:07.460] [Low]   Sending Telemetry...
[2026-05-29 02:16:07.482] [Low]   Metrics done 00:00:00.0212819
[2026-05-29 02:16:07.483] [Normal] Resolve Telerik Products. Done (00:00:00.2006159) for net10.0
[2026-05-29 02:23:59.970] [Normal] Resolve Telerik Products.
  MSBuildProjectName=TelerikGrid
  MSBuildProjectDirectory=D:\Code\Blazor\TelerikGrid\TelerikGrid
  MSBuildProjectExtension=.csproj
  Language=C#
  OutputPath=bin\Debug\net10.0\
  Platform=AnyCPU
  TargetFramework=net10.0
  TargetFrameworks=
  TargetFrameworkVersion=v10.0
  VisualStudioVersion=18.0
  UsingMicrosoftNETSdk=true
  UsingMicrosoftNETSdkRazor=true
  UsingMicrosoftNETSdkWeb=true
  ImportXamlTargets=False
  OutputType=Exe
  UseMaui=
  NuGetPackageRoot=C:\Users\tddkhanh\.nuget\packages\

  PackageReferences
  - Telerik.UI.for.Blazor 14.0.0
  - Microsoft.AspNetCore.App.Internal.Assets 10.0.8
  ReferencePaths
  - Microsoft.AspNetCore.Antiforgery.dll 10.0.8 at C:\Program Files\dotnet\packs\Microsoft.AspNetCore.App.Ref\10.0.8\ref\net10.0\Microsoft.AspNetCore.Antiforgery.dll
  - Microsoft.AspNetCore.Authentication.Abstractions.dll 10.0.8 at C:\Program Files\dotnet\packs\Microsoft.AspNetCore.App.Ref\10.0.8\ref\net10.0\Microsoft.AspNetCore.Authentication.Abstractions.dll
  - Microsoft.AspNetCore.Authentication.BearerToken.dll 10.0.8 at C:\Program Files\dotnet\packs\Microsoft.AspNetCore.App.Ref\10.0.8\ref\net10.0\Microsoft.AspNetCore.Authentication.BearerToken.dll
  - Microsoft.AspNetCore.Authentication.Cookies.dll 10.0.8 at C:\Program Files\dotnet\packs\Microsoft.AspNetCore.App.Ref\10.0.8\ref\net10.0\Microsoft.AspNetCore.Authentication.Cookies.dll
  - Microsoft.AspNetCore.Authentication.Core.dll 10.0.8 at C:\Program Files\dotnet\packs\Microsoft.AspNetCore.App.Ref\10.0.8\ref\net10.0\Microsoft.AspNetCore.Authentication.Core.dll
  - Microsoft.AspNetCore.Authentication.dll 10.0.8 at C:\Program Files\dotnet\packs\Microsoft.AspNetCore.App.Ref\10.0.8\ref\net10.0\Microsoft.AspNetCore.Authentication.dll
  - Microsoft.AspNetCore.Authentication.OAuth.dll 10.0.8 at C:\Program Files\dotnet\packs\Microsoft.AspNetCore.App.Ref\10.0.8\ref\net10.0\Microsoft.AspNetCore.Authentication.OAuth.dll
  - Microsoft.AspNetCore.Authorization.dll 10.0.8 at C:\Program Files\dotnet\packs\Microsoft.AspNetCore.App.Ref\10.0.8\ref\net10.0\Microsoft.AspNetCore.Authorization.dll
  - Microsoft.AspNetCore.Authorization.Policy.dll 10.0.8 at C:\Program Files\dotnet\packs\Microsoft.AspNetCore.App.Ref\10.0.8\ref\net10.0\Microsoft.AspNetCore.Authorization.Policy.dll
  - Microsoft.AspNetCore.Components.Authorization.dll 10.0.8 at C:\Program Files\dotnet\packs\Microsoft.AspNetCore.App.Ref\10.0.8\ref\net10.0\Microsoft.AspNetCore.Components.Authorization.dll
  - Microsoft.AspNetCore.Components.dll 10.0.8 at C:\Program Files\dotnet\packs\Microsoft.AspNetCore.App.Ref\10.0.8\ref\net10.0\Microsoft.AspNetCore.Components.dll
  - Microsoft.AspNetCore.Components.Endpoints.dll 10.0.8 at C:\Program Files\dotnet\packs\Microsoft.AspNetCore.App.Ref\10.0.8\ref\net10.0\Microsoft.AspNetCore.Components.Endpoints.dll
  - Microsoft.AspNetCore.Components.Forms.dll 10.0.8 at C:\Program Files\dotnet\packs\Microsoft.AspNetCore.App.Ref\10.0.8\ref\net10.0\Microsoft.AspNetCore.Components.Forms.dll
  - Microsoft.AspNetCore.Components.Server.dll 10.0.8 at C:\Program Files\dotnet\packs\Microsoft.AspNetCore.App.Ref\10.0.8\ref\net10.0\Microsoft.AspNetCore.Components.Server.dll
  - Microsoft.AspNetCore.Components.Web.dll 10.0.8 at C:\Program Files\dotnet\packs\Microsoft.AspNetCore.App.Ref\10.0.8\ref\net10.0\Microsoft.AspNetCore.Components.Web.dll
  - Microsoft.AspNetCore.Connections.Abstractions.dll 10.0.8 at C:\Program Files\dotnet\packs\Microsoft.AspNetCore.App.Ref\10.0.8\ref\net10.0\Microsoft.AspNetCore.Connections.Abstractions.dll
  - Microsoft.AspNetCore.CookiePolicy.dll 10.0.8 at C:\Program Files\dotnet\packs\Microsoft.AspNetCore.App.Ref\10.0.8\ref\net10.0\Microsoft.AspNetCore.CookiePolicy.dll
  - Microsoft.AspNetCore.Cors.dll 10.0.8 at C:\Program Files\dotnet\packs\Microsoft.AspNetCore.App.Ref\10.0.8\ref\net10.0\Microsoft.AspNetCore.Cors.dll
  - Microsoft.AspNetCore.Cryptography.Internal.dll 10.0.8 at C:\Program Files\dotnet\packs\Microsoft.AspNetCore.App.Ref\10.0.8\ref\net10.0\Microsoft.AspNetCore.Cryptography.Internal.dll
  - Microsoft.AspNetCore.Cryptography.KeyDerivation.dll 10.0.8 at C:\Program Files\dotnet\packs\Microsoft.AspNetCore.App.Ref\10.0.8\ref\net10.0\Microsoft.AspNetCore.Cryptography.KeyDerivation.dll
  - Microsoft.AspNetCore.DataProtection.Abstractions.dll 10.0.8 at C:\Program Files\dotnet\packs\Microsoft.AspNetCore.App.Ref\10.0.8\ref\net10.0\Microsoft.AspNetCore.DataProtection.Abstractions.dll
  - Microsoft.AspNetCore.DataProtection.dll 10.0.8 at C:\Program Files\dotnet\packs\Microsoft.AspNetCore.App.Ref\10.0.8\ref\net10.0\Microsoft.AspNetCore.DataProtection.dll
  - Microsoft.AspNetCore.DataProtection.Extensions.dll 10.0.8 at C:\Program Files\dotnet\packs\Microsoft.AspNetCore.App.Ref\10.0.8\ref\net10.0\Microsoft.AspNetCore.DataProtection.Extensions.dll
  - Microsoft.AspNetCore.Diagnostics.Abstractions.dll 10.0.8 at C:\Program Files\dotnet\packs\Microsoft.AspNetCore.App.Ref\10.0.8\ref\net10.0\Microsoft.AspNetCore.Diagnostics.Abstractions.dll
  - Microsoft.AspNetCore.Diagnostics.dll 10.0.8 at C:\Program Files\dotnet\packs\Microsoft.AspNetCore.App.Ref\10.0.8\ref\net10.0\Microsoft.AspNetCore.Diagnostics.dll
  - Microsoft.AspNetCore.Diagnostics.HealthChecks.dll 10.0.8 at C:\Program Files\dotnet\packs\Microsoft.AspNetCore.App.Ref\10.0.8\ref\net10.0\Microsoft.AspNetCore.Diagnostics.HealthChecks.dll
  - Microsoft.AspNetCore.dll 10.0.8 at C:\Program Files\dotnet\packs\Microsoft.AspNetCore.App.Ref\10.0.8\ref\net10.0\Microsoft.AspNetCore.dll
  - Microsoft.AspNetCore.HostFiltering.dll 10.0.8 at C:\Program Files\dotnet\packs\Microsoft.AspNetCore.App.Ref\10.0.8\ref\net10.0\Microsoft.AspNetCore.HostFiltering.dll
  - Microsoft.AspNetCore.Hosting.Abstractions.dll 10.0.8 at C:\Program Files\dotnet\packs\Microsoft.AspNetCore.App.Ref\10.0.8\ref\net10.0\Microsoft.AspNetCore.Hosting.Abstractions.dll
  - Microsoft.AspNetCore.Hosting.dll 10.0.8 at C:\Program Files\dotnet\packs\Microsoft.AspNetCore.App.Ref\10.0.8\ref\net10.0\Microsoft.AspNetCore.Hosting.dll
  - Microsoft.AspNetCore.Hosting.Server.Abstractions.dll 10.0.8 at C:\Program Files\dotnet\packs\Microsoft.AspNetCore.App.Ref\10.0.8\ref\net10.0\Microsoft.AspNetCore.Hosting.Server.Abstractions.dll
  - Microsoft.AspNetCore.Html.Abstractions.dll 10.0.8 at C:\Program Files\dotnet\packs\Microsoft.AspNetCore.App.Ref\10.0.8\ref\net10.0\Microsoft.AspNetCore.Html.Abstractions.dll
  - Microsoft.AspNetCore.Http.Abstractions.dll 10.0.8 at C:\Program Files\dotnet\packs\Microsoft.AspNetCore.App.Ref\10.0.8\ref\net10.0\Microsoft.AspNetCore.Http.Abstractions.dll
  - Microsoft.AspNetCore.Http.Connections.Common.dll 10.0.8 at C:\Program Files\dotnet\packs\Microsoft.AspNetCore.App.Ref\10.0.8\ref\net10.0\Microsoft.AspNetCore.Http.Connections.Common.dll
  - Microsoft.AspNetCore.Http.Connections.dll 10.0.8 at C:\Program Files\dotnet\packs\Microsoft.AspNetCore.App.Ref\10.0.8\ref\net10.0\Microsoft.AspNetCore.Http.Connections.dll
  - Microsoft.AspNetCore.Http.dll 10.0.8 at C:\Program Files\dotnet\packs\Microsoft.AspNetCore.App.Ref\10.0.8\ref\net10.0\Microsoft.AspNetCore.Http.dll
  - Microsoft.AspNetCore.Http.Extensions.dll 10.0.8 at C:\Program Files\dotnet\packs\Microsoft.AspNetCore.App.Ref\10.0.8\ref\net10.0\Microsoft.AspNetCore.Http.Extensions.dll
  - Microsoft.AspNetCore.Http.Features.dll 10.0.8 at C:\Program Files\dotnet\packs\Microsoft.AspNetCore.App.Ref\10.0.8\ref\net10.0\Microsoft.AspNetCore.Http.Features.dll
  - Microsoft.AspNetCore.Http.Results.dll 10.0.8 at C:\Program Files\dotnet\packs\Microsoft.AspNetCore.App.Ref\10.0.8\ref\net10.0\Microsoft.AspNetCore.Http.Results.dll
  - Microsoft.AspNetCore.HttpLogging.dll 10.0.8 at C:\Program Files\dotnet\packs\Microsoft.AspNetCore.App.Ref\10.0.8\ref\net10.0\Microsoft.AspNetCore.HttpLogging.dll
  - Microsoft.AspNetCore.HttpOverrides.dll 10.0.8 at C:\Program Files\dotnet\packs\Microsoft.AspNetCore.App.Ref\10.0.8\ref\net10.0\Microsoft.AspNetCore.HttpOverrides.dll
  - Microsoft.AspNetCore.HttpsPolicy.dll 10.0.8 at C:\Program Files\dotnet\packs\Microsoft.AspNetCore.App.Ref\10.0.8\ref\net10.0\Microsoft.AspNetCore.HttpsPolicy.dll
  - Microsoft.AspNetCore.Identity.dll 10.0.8 at C:\Program Files\dotnet\packs\Microsoft.AspNetCore.App.Ref\10.0.8\ref\net10.0\Microsoft.AspNetCore.Identity.dll
  - Microsoft.AspNetCore.Localization.dll 10.0.8 at C:\Program Files\dotnet\packs\Microsoft.AspNetCore.App.Ref\10.0.8\ref\net10.0\Microsoft.AspNetCore.Localization.dll
  - Microsoft.AspNetCore.Localization.Routing.dll 10.0.8 at C:\Program Files\dotnet\packs\Microsoft.AspNetCore.App.Ref\10.0.8\ref\net10.0\Microsoft.AspNetCore.Localization.Routing.dll
  - Microsoft.AspNetCore.Metadata.dll 10.0.8 at C:\Program Files\dotnet\packs\Microsoft.AspNetCore.App.Ref\10.0.8\ref\net10.0\Microsoft.AspNetCore.Metadata.dll
  - Microsoft.AspNetCore.Mvc.Abstractions.dll 10.0.8 at C:\Program Files\dotnet\packs\Microsoft.AspNetCore.App.Ref\10.0.8\ref\net10.0\Microsoft.AspNetCore.Mvc.Abstractions.dll
  - Microsoft.AspNetCore.Mvc.ApiExplorer.dll 10.0.8 at C:\Program Files\dotnet\packs\Microsoft.AspNetCore.App.Ref\10.0.8\ref\net10.0\Microsoft.AspNetCore.Mvc.ApiExplorer.dll
  - Microsoft.AspNetCore.Mvc.Core.dll 10.0.8 at C:\Program Files\dotnet\packs\Microsoft.AspNetCore.App.Ref\10.0.8\ref\net10.0\Microsoft.AspNetCore.Mvc.Core.dll
  - Microsoft.AspNetCore.Mvc.Cors.dll 10.0.8 at C:\Program Files\dotnet\packs\Microsoft.AspNetCore.App.Ref\10.0.8\ref\net10.0\Microsoft.AspNetCore.Mvc.Cors.dll
  - Microsoft.AspNetCore.Mvc.DataAnnotations.dll 10.0.8 at C:\Program Files\dotnet\packs\Microsoft.AspNetCore.App.Ref\10.0.8\ref\net10.0\Microsoft.AspNetCore.Mvc.DataAnnotations.dll
  - Microsoft.AspNetCore.Mvc.dll 10.0.8 at C:\Program Files\dotnet\packs\Microsoft.AspNetCore.App.Ref\10.0.8\ref\net10.0\Microsoft.AspNetCore.Mvc.dll
  - Microsoft.AspNetCore.Mvc.Formatters.Json.dll 10.0.8 at C:\Program Files\dotnet\packs\Microsoft.AspNetCore.App.Ref\10.0.8\ref\net10.0\Microsoft.AspNetCore.Mvc.Formatters.Json.dll
  - Microsoft.AspNetCore.Mvc.Formatters.Xml.dll 10.0.8 at C:\Program Files\dotnet\packs\Microsoft.AspNetCore.App.Ref\10.0.8\ref\net10.0\Microsoft.AspNetCore.Mvc.Formatters.Xml.dll
  - Microsoft.AspNetCore.Mvc.Localization.dll 10.0.8 at C:\Program Files\dotnet\packs\Microsoft.AspNetCore.App.Ref\10.0.8\ref\net10.0\Microsoft.AspNetCore.Mvc.Localization.dll
  - Microsoft.AspNetCore.Mvc.Razor.dll 10.0.8 at C:\Program Files\dotnet\packs\Microsoft.AspNetCore.App.Ref\10.0.8\ref\net10.0\Microsoft.AspNetCore.Mvc.Razor.dll
  - Microsoft.AspNetCore.Mvc.RazorPages.dll 10.0.8 at C:\Program Files\dotnet\packs\Microsoft.AspNetCore.App.Ref\10.0.8\ref\net10.0\Microsoft.AspNetCore.Mvc.RazorPages.dll
  - Microsoft.AspNetCore.Mvc.TagHelpers.dll 10.0.8 at C:\Program Files\dotnet\packs\Microsoft.AspNetCore.App.Ref\10.0.8\ref\net10.0\Microsoft.AspNetCore.Mvc.TagHelpers.dll
  - Microsoft.AspNetCore.Mvc.ViewFeatures.dll 10.0.8 at C:\Program Files\dotnet\packs\Microsoft.AspNetCore.App.Ref\10.0.8\ref\net10.0\Microsoft.AspNetCore.Mvc.ViewFeatures.dll
  - Microsoft.AspNetCore.OutputCaching.dll 10.0.8 at C:\Program Files\dotnet\packs\Microsoft.AspNetCore.App.Ref\10.0.8\ref\net10.0\Microsoft.AspNetCore.OutputCaching.dll
  - Microsoft.AspNetCore.RateLimiting.dll 10.0.8 at C:\Program Files\dotnet\packs\Microsoft.AspNetCore.App.Ref\10.0.8\ref\net10.0\Microsoft.AspNetCore.RateLimiting.dll
  - Microsoft.AspNetCore.Razor.dll 10.0.8 at C:\Program Files\dotnet\packs\Microsoft.AspNetCore.App.Ref\10.0.8\ref\net10.0\Microsoft.AspNetCore.Razor.dll
  - Microsoft.AspNetCore.Razor.Runtime.dll 10.0.8 at C:\Program Files\dotnet\packs\Microsoft.AspNetCore.App.Ref\10.0.8\ref\net10.0\Microsoft.AspNetCore.Razor.Runtime.dll
  - Microsoft.AspNetCore.RequestDecompression.dll 10.0.8 at C:\Program Files\dotnet\packs\Microsoft.AspNetCore.App.Ref\10.0.8\ref\net10.0\Microsoft.AspNetCore.RequestDecompression.dll
  - Microsoft.AspNetCore.ResponseCaching.Abstractions.dll 10.0.8 at C:\Program Files\dotnet\packs\Microsoft.AspNetCore.App.Ref\10.0.8\ref\net10.0\Microsoft.AspNetCore.ResponseCaching.Abstractions.dll
  - Microsoft.AspNetCore.ResponseCaching.dll 10.0.8 at C:\Program Files\dotnet\packs\Microsoft.AspNetCore.App.Ref\10.0.8\ref\net10.0\Microsoft.AspNetCore.ResponseCaching.dll
  - Microsoft.AspNetCore.ResponseCompression.dll 10.0.8 at C:\Program Files\dotnet\packs\Microsoft.AspNetCore.App.Ref\10.0.8\ref\net10.0\Microsoft.AspNetCore.ResponseCompression.dll
  - Microsoft.AspNetCore.Rewrite.dll 10.0.8 at C:\Program Files\dotnet\packs\Microsoft.AspNetCore.App.Ref\10.0.8\ref\net10.0\Microsoft.AspNetCore.Rewrite.dll
  - Microsoft.AspNetCore.Routing.Abstractions.dll 10.0.8 at C:\Program Files\dotnet\packs\Microsoft.AspNetCore.App.Ref\10.0.8\ref\net10.0\Microsoft.AspNetCore.Routing.Abstractions.dll
  - Microsoft.AspNetCore.Routing.dll 10.0.8 at C:\Program Files\dotnet\packs\Microsoft.AspNetCore.App.Ref\10.0.8\ref\net10.0\Microsoft.AspNetCore.Routing.dll
  - Microsoft.AspNetCore.Server.HttpSys.dll 10.0.8 at C:\Program Files\dotnet\packs\Microsoft.AspNetCore.App.Ref\10.0.8\ref\net10.0\Microsoft.AspNetCore.Server.HttpSys.dll
  - Microsoft.AspNetCore.Server.IIS.dll 10.0.8 at C:\Program Files\dotnet\packs\Microsoft.AspNetCore.App.Ref\10.0.8\ref\net10.0\Microsoft.AspNetCore.Server.IIS.dll
  - Microsoft.AspNetCore.Server.IISIntegration.dll 10.0.8 at C:\Program Files\dotnet\packs\Microsoft.AspNetCore.App.Ref\10.0.8\ref\net10.0\Microsoft.AspNetCore.Server.IISIntegration.dll
  - Microsoft.AspNetCore.Server.Kestrel.Core.dll 10.0.8 at C:\Program Files\dotnet\packs\Microsoft.AspNetCore.App.Ref\10.0.8\ref\net10.0\Microsoft.AspNetCore.Server.Kestrel.Core.dll
  - Microsoft.AspNetCore.Server.Kestrel.dll 10.0.8 at C:\Program Files\dotnet\packs\Microsoft.AspNetCore.App.Ref\10.0.8\ref\net10.0\Microsoft.AspNetCore.Server.Kestrel.dll
  - Microsoft.AspNetCore.Server.Kestrel.Transport.NamedPipes.dll 10.0.8 at C:\Program Files\dotnet\packs\Microsoft.AspNetCore.App.Ref\10.0.8\ref\net10.0\Microsoft.AspNetCore.Server.Kestrel.Transport.NamedPipes.dll
  - Microsoft.AspNetCore.Server.Kestrel.Transport.Quic.dll 10.0.8 at C:\Program Files\dotnet\packs\Microsoft.AspNetCore.App.Ref\10.0.8\ref\net10.0\Microsoft.AspNetCore.Server.Kestrel.Transport.Quic.dll
  - Microsoft.AspNetCore.Server.Kestrel.Transport.Sockets.dll 10.0.8 at C:\Program Files\dotnet\packs\Microsoft.AspNetCore.App.Ref\10.0.8\ref\net10.0\Microsoft.AspNetCore.Server.Kestrel.Transport.Sockets.dll
  - Microsoft.AspNetCore.Session.dll 10.0.8 at C:\Program Files\dotnet\packs\Microsoft.AspNetCore.App.Ref\10.0.8\ref\net10.0\Microsoft.AspNetCore.Session.dll
  - Microsoft.AspNetCore.SignalR.Common.dll 10.0.8 at C:\Program Files\dotnet\packs\Microsoft.AspNetCore.App.Ref\10.0.8\ref\net10.0\Microsoft.AspNetCore.SignalR.Common.dll
  - Microsoft.AspNetCore.SignalR.Core.dll 10.0.8 at C:\Program Files\dotnet\packs\Microsoft.AspNetCore.App.Ref\10.0.8\ref\net10.0\Microsoft.AspNetCore.SignalR.Core.dll
  - Microsoft.AspNetCore.SignalR.dll 10.0.8 at C:\Program Files\dotnet\packs\Microsoft.AspNetCore.App.Ref\10.0.8\ref\net10.0\Microsoft.AspNetCore.SignalR.dll
  - Microsoft.AspNetCore.SignalR.Protocols.Json.dll 10.0.8 at C:\Program Files\dotnet\packs\Microsoft.AspNetCore.App.Ref\10.0.8\ref\net10.0\Microsoft.AspNetCore.SignalR.Protocols.Json.dll
  - Microsoft.AspNetCore.StaticAssets.dll 10.0.8 at C:\Program Files\dotnet\packs\Microsoft.AspNetCore.App.Ref\10.0.8\ref\net10.0\Microsoft.AspNetCore.StaticAssets.dll
  - Microsoft.AspNetCore.StaticFiles.dll 10.0.8 at C:\Program Files\dotnet\packs\Microsoft.AspNetCore.App.Ref\10.0.8\ref\net10.0\Microsoft.AspNetCore.StaticFiles.dll
  - Microsoft.AspNetCore.WebSockets.dll 10.0.8 at C:\Program Files\dotnet\packs\Microsoft.AspNetCore.App.Ref\10.0.8\ref\net10.0\Microsoft.AspNetCore.WebSockets.dll
  - Microsoft.AspNetCore.WebUtilities.dll 10.0.8 at C:\Program Files\dotnet\packs\Microsoft.AspNetCore.App.Ref\10.0.8\ref\net10.0\Microsoft.AspNetCore.WebUtilities.dll
  - Microsoft.CSharp.dll 10.0.8 at C:\Program Files\dotnet\packs\Microsoft.NETCore.App.Ref\10.0.8\ref\net10.0\Microsoft.CSharp.dll
  - Microsoft.Extensions.AI.Abstractions.dll 10.4.0 at C:\Users\tddkhanh\.nuget\packages\microsoft.extensions.ai.abstractions\10.4.0\lib\net10.0\Microsoft.Extensions.AI.Abstractions.dll
  - Microsoft.Extensions.AI.dll 10.4.0 at C:\Users\tddkhanh\.nuget\packages\microsoft.extensions.ai\10.4.0\lib\net10.0\Microsoft.Extensions.AI.dll
  - Microsoft.Extensions.Caching.Abstractions.dll 10.0.8 at C:\Program Files\dotnet\packs\Microsoft.AspNetCore.App.Ref\10.0.8\ref\net10.0\Microsoft.Extensions.Caching.Abstractions.dll
  - Microsoft.Extensions.Caching.Memory.dll 10.0.8 at C:\Program Files\dotnet\packs\Microsoft.AspNetCore.App.Ref\10.0.8\ref\net10.0\Microsoft.Extensions.Caching.Memory.dll
  - Microsoft.Extensions.Configuration.Abstractions.dll 10.0.8 at C:\Program Files\dotnet\packs\Microsoft.AspNetCore.App.Ref\10.0.8\ref\net10.0\Microsoft.Extensions.Configuration.Abstractions.dll
  - Microsoft.Extensions.Configuration.Binder.dll 10.0.8 at C:\Program Files\dotnet\packs\Microsoft.AspNetCore.App.Ref\10.0.8\ref\net10.0\Microsoft.Extensions.Configuration.Binder.dll
  - Microsoft.Extensions.Configuration.CommandLine.dll 10.0.8 at C:\Program Files\dotnet\packs\Microsoft.AspNetCore.App.Ref\10.0.8\ref\net10.0\Microsoft.Extensions.Configuration.CommandLine.dll
  - Microsoft.Extensions.Configuration.dll 10.0.8 at C:\Program Files\dotnet\packs\Microsoft.AspNetCore.App.Ref\10.0.8\ref\net10.0\Microsoft.Extensions.Configuration.dll
  - Microsoft.Extensions.Configuration.EnvironmentVariables.dll 10.0.8 at C:\Program Files\dotnet\packs\Microsoft.AspNetCore.App.Ref\10.0.8\ref\net10.0\Microsoft.Extensions.Configuration.EnvironmentVariables.dll
  - Microsoft.Extensions.Configuration.FileExtensions.dll 10.0.8 at C:\Program Files\dotnet\packs\Microsoft.AspNetCore.App.Ref\10.0.8\ref\net10.0\Microsoft.Extensions.Configuration.FileExtensions.dll
  - Microsoft.Extensions.Configuration.Ini.dll 10.0.8 at C:\Program Files\dotnet\packs\Microsoft.AspNetCore.App.Ref\10.0.8\ref\net10.0\Microsoft.Extensions.Configuration.Ini.dll
  - Microsoft.Extensions.Configuration.Json.dll 10.0.8 at C:\Program Files\dotnet\packs\Microsoft.AspNetCore.App.Ref\10.0.8\ref\net10.0\Microsoft.Extensions.Configuration.Json.dll
  - Microsoft.Extensions.Configuration.KeyPerFile.dll 10.0.8 at C:\Program Files\dotnet\packs\Microsoft.AspNetCore.App.Ref\10.0.8\ref\net10.0\Microsoft.Extensions.Configuration.KeyPerFile.dll
  - Microsoft.Extensions.Configuration.UserSecrets.dll 10.0.8 at C:\Program Files\dotnet\packs\Microsoft.AspNetCore.App.Ref\10.0.8\ref\net10.0\Microsoft.Extensions.Configuration.UserSecrets.dll
  - Microsoft.Extensions.Configuration.Xml.dll 10.0.8 at C:\Program Files\dotnet\packs\Microsoft.AspNetCore.App.Ref\10.0.8\ref\net10.0\Microsoft.Extensions.Configuration.Xml.dll
  - Microsoft.Extensions.DependencyInjection.Abstractions.dll 10.0.8 at C:\Program Files\dotnet\packs\Microsoft.AspNetCore.App.Ref\10.0.8\ref\net10.0\Microsoft.Extensions.DependencyInjection.Abstractions.dll
  - Microsoft.Extensions.DependencyInjection.dll 10.0.8 at C:\Program Files\dotnet\packs\Microsoft.AspNetCore.App.Ref\10.0.8\ref\net10.0\Microsoft.Extensions.DependencyInjection.dll
  - Microsoft.Extensions.Diagnostics.Abstractions.dll 10.0.8 at C:\Program Files\dotnet\packs\Microsoft.AspNetCore.App.Ref\10.0.8\ref\net10.0\Microsoft.Extensions.Diagnostics.Abstractions.dll
  - Microsoft.Extensions.Diagnostics.dll 10.0.8 at C:\Program Files\dotnet\packs\Microsoft.AspNetCore.App.Ref\10.0.8\ref\net10.0\Microsoft.Extensions.Diagnostics.dll
  - Microsoft.Extensions.Diagnostics.HealthChecks.Abstractions.dll 10.0.8 at C:\Program Files\dotnet\packs\Microsoft.AspNetCore.App.Ref\10.0.8\ref\net10.0\Microsoft.Extensions.Diagnostics.HealthChecks.Abstractions.dll
  - Microsoft.Extensions.Diagnostics.HealthChecks.dll 10.0.8 at C:\Program Files\dotnet\packs\Microsoft.AspNetCore.App.Ref\10.0.8\ref\net10.0\Microsoft.Extensions.Diagnostics.HealthChecks.dll
  - Microsoft.Extensions.Features.dll 10.0.8 at C:\Program Files\dotnet\packs\Microsoft.AspNetCore.App.Ref\10.0.8\ref\net10.0\Microsoft.Extensions.Features.dll
  - Microsoft.Extensions.FileProviders.Abstractions.dll 10.0.8 at C:\Program Files\dotnet\packs\Microsoft.AspNetCore.App.Ref\10.0.8\ref\net10.0\Microsoft.Extensions.FileProviders.Abstractions.dll
  - Microsoft.Extensions.FileProviders.Composite.dll 10.0.8 at C:\Program Files\dotnet\packs\Microsoft.AspNetCore.App.Ref\10.0.8\ref\net10.0\Microsoft.Extensions.FileProviders.Composite.dll
  - Microsoft.Extensions.FileProviders.Embedded.dll 10.0.8 at C:\Program Files\dotnet\packs\Microsoft.AspNetCore.App.Ref\10.0.8\ref\net10.0\Microsoft.Extensions.FileProviders.Embedded.dll
  - Microsoft.Extensions.FileProviders.Physical.dll 10.0.8 at C:\Program Files\dotnet\packs\Microsoft.AspNetCore.App.Ref\10.0.8\ref\net10.0\Microsoft.Extensions.FileProviders.Physical.dll
  - Microsoft.Extensions.FileSystemGlobbing.dll 10.0.8 at C:\Program Files\dotnet\packs\Microsoft.AspNetCore.App.Ref\10.0.8\ref\net10.0\Microsoft.Extensions.FileSystemGlobbing.dll
  - Microsoft.Extensions.Hosting.Abstractions.dll 10.0.8 at C:\Program Files\dotnet\packs\Microsoft.AspNetCore.App.Ref\10.0.8\ref\net10.0\Microsoft.Extensions.Hosting.Abstractions.dll
  - Microsoft.Extensions.Hosting.dll 10.0.8 at C:\Program Files\dotnet\packs\Microsoft.AspNetCore.App.Ref\10.0.8\ref\net10.0\Microsoft.Extensions.Hosting.dll
  - Microsoft.Extensions.Http.dll 10.0.8 at C:\Program Files\dotnet\packs\Microsoft.AspNetCore.App.Ref\10.0.8\ref\net10.0\Microsoft.Extensions.Http.dll
  - Microsoft.Extensions.Identity.Core.dll 10.0.8 at C:\Program Files\dotnet\packs\Microsoft.AspNetCore.App.Ref\10.0.8\ref\net10.0\Microsoft.Extensions.Identity.Core.dll
  - Microsoft.Extensions.Identity.Stores.dll 10.0.8 at C:\Program Files\dotnet\packs\Microsoft.AspNetCore.App.Ref\10.0.8\ref\net10.0\Microsoft.Extensions.Identity.Stores.dll
  - Microsoft.Extensions.Localization.Abstractions.dll 10.0.8 at C:\Program Files\dotnet\packs\Microsoft.AspNetCore.App.Ref\10.0.8\ref\net10.0\Microsoft.Extensions.Localization.Abstractions.dll
  - Microsoft.Extensions.Localization.dll 10.0.8 at C:\Program Files\dotnet\packs\Microsoft.AspNetCore.App.Ref\10.0.8\ref\net10.0\Microsoft.Extensions.Localization.dll
  - Microsoft.Extensions.Logging.Abstractions.dll 10.0.8 at C:\Program Files\dotnet\packs\Microsoft.AspNetCore.App.Ref\10.0.8\ref\net10.0\Microsoft.Extensions.Logging.Abstractions.dll
  - Microsoft.Extensions.Logging.Configuration.dll 10.0.8 at C:\Program Files\dotnet\packs\Microsoft.AspNetCore.App.Ref\10.0.8\ref\net10.0\Microsoft.Extensions.Logging.Configuration.dll
  - Microsoft.Extensions.Logging.Console.dll 10.0.8 at C:\Program Files\dotnet\packs\Microsoft.AspNetCore.App.Ref\10.0.8\ref\net10.0\Microsoft.Extensions.Logging.Console.dll
  - Microsoft.Extensions.Logging.Debug.dll 10.0.8 at C:\Program Files\dotnet\packs\Microsoft.AspNetCore.App.Ref\10.0.8\ref\net10.0\Microsoft.Extensions.Logging.Debug.dll
  - Microsoft.Extensions.Logging.dll 10.0.8 at C:\Program Files\dotnet\packs\Microsoft.AspNetCore.App.Ref\10.0.8\ref\net10.0\Microsoft.Extensions.Logging.dll
  - Microsoft.Extensions.Logging.EventLog.dll 10.0.8 at C:\Program Files\dotnet\packs\Microsoft.AspNetCore.App.Ref\10.0.8\ref\net10.0\Microsoft.Extensions.Logging.EventLog.dll
  - Microsoft.Extensions.Logging.EventSource.dll 10.0.8 at C:\Program Files\dotnet\packs\Microsoft.AspNetCore.App.Ref\10.0.8\ref\net10.0\Microsoft.Extensions.Logging.EventSource.dll
  - Microsoft.Extensions.Logging.TraceSource.dll 10.0.8 at C:\Program Files\dotnet\packs\Microsoft.AspNetCore.App.Ref\10.0.8\ref\net10.0\Microsoft.Extensions.Logging.TraceSource.dll
  - Microsoft.Extensions.ObjectPool.dll 10.0.8 at C:\Program Files\dotnet\packs\Microsoft.AspNetCore.App.Ref\10.0.8\ref\net10.0\Microsoft.Extensions.ObjectPool.dll
  - Microsoft.Extensions.Options.ConfigurationExtensions.dll 10.0.8 at C:\Program Files\dotnet\packs\Microsoft.AspNetCore.App.Ref\10.0.8\ref\net10.0\Microsoft.Extensions.Options.ConfigurationExtensions.dll
  - Microsoft.Extensions.Options.DataAnnotations.dll 10.0.8 at C:\Program Files\dotnet\packs\Microsoft.AspNetCore.App.Ref\10.0.8\ref\net10.0\Microsoft.Extensions.Options.DataAnnotations.dll
  - Microsoft.Extensions.Options.dll 10.0.8 at C:\Program Files\dotnet\packs\Microsoft.AspNetCore.App.Ref\10.0.8\ref\net10.0\Microsoft.Extensions.Options.dll
  - Microsoft.Extensions.Primitives.dll 10.0.8 at C:\Program Files\dotnet\packs\Microsoft.AspNetCore.App.Ref\10.0.8\ref\net10.0\Microsoft.Extensions.Primitives.dll
  - Microsoft.Extensions.Validation.dll 10.0.8 at C:\Program Files\dotnet\packs\Microsoft.AspNetCore.App.Ref\10.0.8\ref\net10.0\Microsoft.Extensions.Validation.dll
  - Microsoft.Extensions.WebEncoders.dll 10.0.8 at C:\Program Files\dotnet\packs\Microsoft.AspNetCore.App.Ref\10.0.8\ref\net10.0\Microsoft.Extensions.WebEncoders.dll
  - Microsoft.JSInterop.dll 10.0.8 at C:\Program Files\dotnet\packs\Microsoft.AspNetCore.App.Ref\10.0.8\ref\net10.0\Microsoft.JSInterop.dll
  - Microsoft.Net.Http.Headers.dll 10.0.8 at C:\Program Files\dotnet\packs\Microsoft.AspNetCore.App.Ref\10.0.8\ref\net10.0\Microsoft.Net.Http.Headers.dll
  - Microsoft.VisualBasic.Core.dll 10.0.8 at C:\Program Files\dotnet\packs\Microsoft.NETCore.App.Ref\10.0.8\ref\net10.0\Microsoft.VisualBasic.Core.dll
  - Microsoft.VisualBasic.dll 10.0.8 at C:\Program Files\dotnet\packs\Microsoft.NETCore.App.Ref\10.0.8\ref\net10.0\Microsoft.VisualBasic.dll
  - Microsoft.Win32.Primitives.dll 10.0.8 at C:\Program Files\dotnet\packs\Microsoft.NETCore.App.Ref\10.0.8\ref\net10.0\Microsoft.Win32.Primitives.dll
  - Microsoft.Win32.Registry.dll 10.0.8 at C:\Program Files\dotnet\packs\Microsoft.NETCore.App.Ref\10.0.8\ref\net10.0\Microsoft.Win32.Registry.dll
  - mscorlib.dll 10.0.8 at C:\Program Files\dotnet\packs\Microsoft.NETCore.App.Ref\10.0.8\ref\net10.0\mscorlib.dll
  - netstandard.dll 10.0.8 at C:\Program Files\dotnet\packs\Microsoft.NETCore.App.Ref\10.0.8\ref\net10.0\netstandard.dll
  - System.AppContext.dll 10.0.8 at C:\Program Files\dotnet\packs\Microsoft.NETCore.App.Ref\10.0.8\ref\net10.0\System.AppContext.dll
  - System.Buffers.dll 10.0.8 at C:\Program Files\dotnet\packs\Microsoft.NETCore.App.Ref\10.0.8\ref\net10.0\System.Buffers.dll
  - System.Collections.Concurrent.dll 10.0.8 at C:\Program Files\dotnet\packs\Microsoft.NETCore.App.Ref\10.0.8\ref\net10.0\System.Collections.Concurrent.dll
  - System.Collections.dll 10.0.8 at C:\Program Files\dotnet\packs\Microsoft.NETCore.App.Ref\10.0.8\ref\net10.0\System.Collections.dll
  - System.Collections.Immutable.dll 10.0.8 at C:\Program Files\dotnet\packs\Microsoft.NETCore.App.Ref\10.0.8\ref\net10.0\System.Collections.Immutable.dll
  - System.Collections.NonGeneric.dll 10.0.8 at C:\Program Files\dotnet\packs\Microsoft.NETCore.App.Ref\10.0.8\ref\net10.0\System.Collections.NonGeneric.dll
  - System.Collections.Specialized.dll 10.0.8 at C:\Program Files\dotnet\packs\Microsoft.NETCore.App.Ref\10.0.8\ref\net10.0\System.Collections.Specialized.dll
  - System.ComponentModel.Annotations.dll 10.0.8 at C:\Program Files\dotnet\packs\Microsoft.NETCore.App.Ref\10.0.8\ref\net10.0\System.ComponentModel.Annotations.dll
  - System.ComponentModel.DataAnnotations.dll 10.0.8 at C:\Program Files\dotnet\packs\Microsoft.NETCore.App.Ref\10.0.8\ref\net10.0\System.ComponentModel.DataAnnotations.dll
  - System.ComponentModel.dll 10.0.8 at C:\Program Files\dotnet\packs\Microsoft.NETCore.App.Ref\10.0.8\ref\net10.0\System.ComponentModel.dll
  - System.ComponentModel.EventBasedAsync.dll 10.0.8 at C:\Program Files\dotnet\packs\Microsoft.NETCore.App.Ref\10.0.8\ref\net10.0\System.ComponentModel.EventBasedAsync.dll
  - System.ComponentModel.Primitives.dll 10.0.8 at C:\Program Files\dotnet\packs\Microsoft.NETCore.App.Ref\10.0.8\ref\net10.0\System.ComponentModel.Primitives.dll
  - System.ComponentModel.TypeConverter.dll 10.0.8 at C:\Program Files\dotnet\packs\Microsoft.NETCore.App.Ref\10.0.8\ref\net10.0\System.ComponentModel.TypeConverter.dll
  - System.Configuration.dll 10.0.8 at C:\Program Files\dotnet\packs\Microsoft.NETCore.App.Ref\10.0.8\ref\net10.0\System.Configuration.dll
  - System.Console.dll 10.0.8 at C:\Program Files\dotnet\packs\Microsoft.NETCore.App.Ref\10.0.8\ref\net10.0\System.Console.dll
  - System.Core.dll 10.0.8 at C:\Program Files\dotnet\packs\Microsoft.NETCore.App.Ref\10.0.8\ref\net10.0\System.Core.dll
  - System.Data.Common.dll 10.0.8 at C:\Program Files\dotnet\packs\Microsoft.NETCore.App.Ref\10.0.8\ref\net10.0\System.Data.Common.dll
  - System.Data.DataSetExtensions.dll 10.0.8 at C:\Program Files\dotnet\packs\Microsoft.NETCore.App.Ref\10.0.8\ref\net10.0\System.Data.DataSetExtensions.dll
  - System.Data.dll 10.0.8 at C:\Program Files\dotnet\packs\Microsoft.NETCore.App.Ref\10.0.8\ref\net10.0\System.Data.dll
  - System.Diagnostics.Contracts.dll 10.0.8 at C:\Program Files\dotnet\packs\Microsoft.NETCore.App.Ref\10.0.8\ref\net10.0\System.Diagnostics.Contracts.dll
  - System.Diagnostics.Debug.dll 10.0.8 at C:\Program Files\dotnet\packs\Microsoft.NETCore.App.Ref\10.0.8\ref\net10.0\System.Diagnostics.Debug.dll
  - System.Diagnostics.DiagnosticSource.dll 10.0.8 at C:\Program Files\dotnet\packs\Microsoft.NETCore.App.Ref\10.0.8\ref\net10.0\System.Diagnostics.DiagnosticSource.dll
  - System.Diagnostics.EventLog.dll 10.0.8 at C:\Program Files\dotnet\packs\Microsoft.AspNetCore.App.Ref\10.0.8\ref\net10.0\System.Diagnostics.EventLog.dll
  - System.Diagnostics.FileVersionInfo.dll 10.0.8 at C:\Program Files\dotnet\packs\Microsoft.NETCore.App.Ref\10.0.8\ref\net10.0\System.Diagnostics.FileVersionInfo.dll
  - System.Diagnostics.Process.dll 10.0.8 at C:\Program Files\dotnet\packs\Microsoft.NETCore.App.Ref\10.0.8\ref\net10.0\System.Diagnostics.Process.dll
  - System.Diagnostics.StackTrace.dll 10.0.8 at C:\Program Files\dotnet\packs\Microsoft.NETCore.App.Ref\10.0.8\ref\net10.0\System.Diagnostics.StackTrace.dll
  - System.Diagnostics.TextWriterTraceListener.dll 10.0.8 at C:\Program Files\dotnet\packs\Microsoft.NETCore.App.Ref\10.0.8\ref\net10.0\System.Diagnostics.TextWriterTraceListener.dll
  - System.Diagnostics.Tools.dll 10.0.8 at C:\Program Files\dotnet\packs\Microsoft.NETCore.App.Ref\10.0.8\ref\net10.0\System.Diagnostics.Tools.dll
  - System.Diagnostics.TraceSource.dll 10.0.8 at C:\Program Files\dotnet\packs\Microsoft.NETCore.App.Ref\10.0.8\ref\net10.0\System.Diagnostics.TraceSource.dll
  - System.Diagnostics.Tracing.dll 10.0.8 at C:\Program Files\dotnet\packs\Microsoft.NETCore.App.Ref\10.0.8\ref\net10.0\System.Diagnostics.Tracing.dll
  - System.dll 10.0.8 at C:\Program Files\dotnet\packs\Microsoft.NETCore.App.Ref\10.0.8\ref\net10.0\System.dll
  - System.Drawing.dll 10.0.8 at C:\Program Files\dotnet\packs\Microsoft.NETCore.App.Ref\10.0.8\ref\net10.0\System.Drawing.dll
  - System.Drawing.Primitives.dll 10.0.8 at C:\Program Files\dotnet\packs\Microsoft.NETCore.App.Ref\10.0.8\ref\net10.0\System.Drawing.Primitives.dll
  - System.Dynamic.Runtime.dll 10.0.8 at C:\Program Files\dotnet\packs\Microsoft.NETCore.App.Ref\10.0.8\ref\net10.0\System.Dynamic.Runtime.dll
  - System.Formats.Asn1.dll 10.0.8 at C:\Program Files\dotnet\packs\Microsoft.NETCore.App.Ref\10.0.8\ref\net10.0\System.Formats.Asn1.dll
  - System.Formats.Cbor.dll 10.0.8 at C:\Program Files\dotnet\packs\Microsoft.AspNetCore.App.Ref\10.0.8\ref\net10.0\System.Formats.Cbor.dll
  - System.Formats.Tar.dll 10.0.8 at C:\Program Files\dotnet\packs\Microsoft.NETCore.App.Ref\10.0.8\ref\net10.0\System.Formats.Tar.dll
  - System.Globalization.Calendars.dll 10.0.8 at C:\Program Files\dotnet\packs\Microsoft.NETCore.App.Ref\10.0.8\ref\net10.0\System.Globalization.Calendars.dll
  - System.Globalization.dll 10.0.8 at C:\Program Files\dotnet\packs\Microsoft.NETCore.App.Ref\10.0.8\ref\net10.0\System.Globalization.dll
  - System.Globalization.Extensions.dll 10.0.8 at C:\Program Files\dotnet\packs\Microsoft.NETCore.App.Ref\10.0.8\ref\net10.0\System.Globalization.Extensions.dll
  - System.IO.Compression.Brotli.dll 10.0.8 at C:\Program Files\dotnet\packs\Microsoft.NETCore.App.Ref\10.0.8\ref\net10.0\System.IO.Compression.Brotli.dll
  - System.IO.Compression.dll 10.0.8 at C:\Program Files\dotnet\packs\Microsoft.NETCore.App.Ref\10.0.8\ref\net10.0\System.IO.Compression.dll
  - System.IO.Compression.FileSystem.dll 10.0.8 at C:\Program Files\dotnet\packs\Microsoft.NETCore.App.Ref\10.0.8\ref\net10.0\System.IO.Compression.FileSystem.dll
  - System.IO.Compression.ZipFile.dll 10.0.8 at C:\Program Files\dotnet\packs\Microsoft.NETCore.App.Ref\10.0.8\ref\net10.0\System.IO.Compression.ZipFile.dll
  - System.IO.dll 10.0.8 at C:\Program Files\dotnet\packs\Microsoft.NETCore.App.Ref\10.0.8\ref\net10.0\System.IO.dll
  - System.IO.FileSystem.AccessControl.dll 10.0.8 at C:\Program Files\dotnet\packs\Microsoft.NETCore.App.Ref\10.0.8\ref\net10.0\System.IO.FileSystem.AccessControl.dll
  - System.IO.FileSystem.dll 10.0.8 at C:\Program Files\dotnet\packs\Microsoft.NETCore.App.Ref\10.0.8\ref\net10.0\System.IO.FileSystem.dll
  - System.IO.FileSystem.DriveInfo.dll 10.0.8 at C:\Program Files\dotnet\packs\Microsoft.NETCore.App.Ref\10.0.8\ref\net10.0\System.IO.FileSystem.DriveInfo.dll
  - System.IO.FileSystem.Primitives.dll 10.0.8 at C:\Program Files\dotnet\packs\Microsoft.NETCore.App.Ref\10.0.8\ref\net10.0\System.IO.FileSystem.Primitives.dll
  - System.IO.FileSystem.Watcher.dll 10.0.8 at C:\Program Files\dotnet\packs\Microsoft.NETCore.App.Ref\10.0.8\ref\net10.0\System.IO.FileSystem.Watcher.dll
  - System.IO.IsolatedStorage.dll 10.0.8 at C:\Program Files\dotnet\packs\Microsoft.NETCore.App.Ref\10.0.8\ref\net10.0\System.IO.IsolatedStorage.dll
  - System.IO.MemoryMappedFiles.dll 10.0.8 at C:\Program Files\dotnet\packs\Microsoft.NETCore.App.Ref\10.0.8\ref\net10.0\System.IO.MemoryMappedFiles.dll
  - System.IO.Pipelines.dll 10.0.8 at C:\Program Files\dotnet\packs\Microsoft.NETCore.App.Ref\10.0.8\ref\net10.0\System.IO.Pipelines.dll
  - System.IO.Pipes.AccessControl.dll 10.0.8 at C:\Program Files\dotnet\packs\Microsoft.NETCore.App.Ref\10.0.8\ref\net10.0\System.IO.Pipes.AccessControl.dll
  - System.IO.Pipes.dll 10.0.8 at C:\Program Files\dotnet\packs\Microsoft.NETCore.App.Ref\10.0.8\ref\net10.0\System.IO.Pipes.dll
  - System.IO.UnmanagedMemoryStream.dll 10.0.8 at C:\Program Files\dotnet\packs\Microsoft.NETCore.App.Ref\10.0.8\ref\net10.0\System.IO.UnmanagedMemoryStream.dll
  - System.Linq.AsyncEnumerable.dll 10.0.8 at C:\Program Files\dotnet\packs\Microsoft.NETCore.App.Ref\10.0.8\ref\net10.0\System.Linq.AsyncEnumerable.dll
  - System.Linq.dll 10.0.8 at C:\Program Files\dotnet\packs\Microsoft.NETCore.App.Ref\10.0.8\ref\net10.0\System.Linq.dll
  - System.Linq.Expressions.dll 10.0.8 at C:\Program Files\dotnet\packs\Microsoft.NETCore.App.Ref\10.0.8\ref\net10.0\System.Linq.Expressions.dll
  - System.Linq.Parallel.dll 10.0.8 at C:\Program Files\dotnet\packs\Microsoft.NETCore.App.Ref\10.0.8\ref\net10.0\System.Linq.Parallel.dll
  - System.Linq.Queryable.dll 10.0.8 at C:\Program Files\dotnet\packs\Microsoft.NETCore.App.Ref\10.0.8\ref\net10.0\System.Linq.Queryable.dll
  - System.Memory.dll 10.0.8 at C:\Program Files\dotnet\packs\Microsoft.NETCore.App.Ref\10.0.8\ref\net10.0\System.Memory.dll
  - System.Net.dll 10.0.8 at C:\Program Files\dotnet\packs\Microsoft.NETCore.App.Ref\10.0.8\ref\net10.0\System.Net.dll
  - System.Net.Http.dll 10.0.8 at C:\Program Files\dotnet\packs\Microsoft.NETCore.App.Ref\10.0.8\ref\net10.0\System.Net.Http.dll
  - System.Net.Http.Json.dll 10.0.8 at C:\Program Files\dotnet\packs\Microsoft.NETCore.App.Ref\10.0.8\ref\net10.0\System.Net.Http.Json.dll
  - System.Net.HttpListener.dll 10.0.8 at C:\Program Files\dotnet\packs\Microsoft.NETCore.App.Ref\10.0.8\ref\net10.0\System.Net.HttpListener.dll
  - System.Net.Mail.dll 10.0.8 at C:\Program Files\dotnet\packs\Microsoft.NETCore.App.Ref\10.0.8\ref\net10.0\System.Net.Mail.dll
  - System.Net.NameResolution.dll 10.0.8 at C:\Program Files\dotnet\packs\Microsoft.NETCore.App.Ref\10.0.8\ref\net10.0\System.Net.NameResolution.dll
  - System.Net.NetworkInformation.dll 10.0.8 at C:\Program Files\dotnet\packs\Microsoft.NETCore.App.Ref\10.0.8\ref\net10.0\System.Net.NetworkInformation.dll
  - System.Net.Ping.dll 10.0.8 at C:\Program Files\dotnet\packs\Microsoft.NETCore.App.Ref\10.0.8\ref\net10.0\System.Net.Ping.dll
  - System.Net.Primitives.dll 10.0.8 at C:\Program Files\dotnet\packs\Microsoft.NETCore.App.Ref\10.0.8\ref\net10.0\System.Net.Primitives.dll
  - System.Net.Quic.dll 10.0.8 at C:\Program Files\dotnet\packs\Microsoft.NETCore.App.Ref\10.0.8\ref\net10.0\System.Net.Quic.dll
  - System.Net.Requests.dll 10.0.8 at C:\Program Files\dotnet\packs\Microsoft.NETCore.App.Ref\10.0.8\ref\net10.0\System.Net.Requests.dll
  - System.Net.Security.dll 10.0.8 at C:\Program Files\dotnet\packs\Microsoft.NETCore.App.Ref\10.0.8\ref\net10.0\System.Net.Security.dll
  - System.Net.ServerSentEvents.dll 10.0.8 at C:\Program Files\dotnet\packs\Microsoft.NETCore.App.Ref\10.0.8\ref\net10.0\System.Net.ServerSentEvents.dll
  - System.Net.ServicePoint.dll 10.0.8 at C:\Program Files\dotnet\packs\Microsoft.NETCore.App.Ref\10.0.8\ref\net10.0\System.Net.ServicePoint.dll
  - System.Net.Sockets.dll 10.0.8 at C:\Program Files\dotnet\packs\Microsoft.NETCore.App.Ref\10.0.8\ref\net10.0\System.Net.Sockets.dll
  - System.Net.WebClient.dll 10.0.8 at C:\Program Files\dotnet\packs\Microsoft.NETCore.App.Ref\10.0.8\ref\net10.0\System.Net.WebClient.dll
  - System.Net.WebHeaderCollection.dll 10.0.8 at C:\Program Files\dotnet\packs\Microsoft.NETCore.App.Ref\10.0.8\ref\net10.0\System.Net.WebHeaderCollection.dll
  - System.Net.WebProxy.dll 10.0.8 at C:\Program Files\dotnet\packs\Microsoft.NETCore.App.Ref\10.0.8\ref\net10.0\System.Net.WebProxy.dll
  - System.Net.WebSockets.Client.dll 10.0.8 at C:\Program Files\dotnet\packs\Microsoft.NETCore.App.Ref\10.0.8\ref\net10.0\System.Net.WebSockets.Client.dll
  - System.Net.WebSockets.dll 10.0.8 at C:\Program Files\dotnet\packs\Microsoft.NETCore.App.Ref\10.0.8\ref\net10.0\System.Net.WebSockets.dll
  - System.Numerics.dll 10.0.8 at C:\Program Files\dotnet\packs\Microsoft.NETCore.App.Ref\10.0.8\ref\net10.0\System.Numerics.dll
  - System.Numerics.Tensors.dll 10.0.4 at C:\Users\tddkhanh\.nuget\packages\system.numerics.tensors\10.0.4\lib\net10.0\System.Numerics.Tensors.dll
  - System.Numerics.Vectors.dll 10.0.8 at C:\Program Files\dotnet\packs\Microsoft.NETCore.App.Ref\10.0.8\ref\net10.0\System.Numerics.Vectors.dll
  - System.ObjectModel.dll 10.0.8 at C:\Program Files\dotnet\packs\Microsoft.NETCore.App.Ref\10.0.8\ref\net10.0\System.ObjectModel.dll
  - System.Reflection.DispatchProxy.dll 10.0.8 at C:\Program Files\dotnet\packs\Microsoft.NETCore.App.Ref\10.0.8\ref\net10.0\System.Reflection.DispatchProxy.dll
  - System.Reflection.dll 10.0.8 at C:\Program Files\dotnet\packs\Microsoft.NETCore.App.Ref\10.0.8\ref\net10.0\System.Reflection.dll
  - System.Reflection.Emit.dll 10.0.8 at C:\Program Files\dotnet\packs\Microsoft.NETCore.App.Ref\10.0.8\ref\net10.0\System.Reflection.Emit.dll
  - System.Reflection.Emit.ILGeneration.dll 10.0.8 at C:\Program Files\dotnet\packs\Microsoft.NETCore.App.Ref\10.0.8\ref\net10.0\System.Reflection.Emit.ILGeneration.dll
  - System.Reflection.Emit.Lightweight.dll 10.0.8 at C:\Program Files\dotnet\packs\Microsoft.NETCore.App.Ref\10.0.8\ref\net10.0\System.Reflection.Emit.Lightweight.dll
  - System.Reflection.Extensions.dll 10.0.8 at C:\Program Files\dotnet\packs\Microsoft.NETCore.App.Ref\10.0.8\ref\net10.0\System.Reflection.Extensions.dll
  - System.Reflection.Metadata.dll 10.0.8 at C:\Program Files\dotnet\packs\Microsoft.NETCore.App.Ref\10.0.8\ref\net10.0\System.Reflection.Metadata.dll
  - System.Reflection.Primitives.dll 10.0.8 at C:\Program Files\dotnet\packs\Microsoft.NETCore.App.Ref\10.0.8\ref\net10.0\System.Reflection.Primitives.dll
  - System.Reflection.TypeExtensions.dll 10.0.8 at C:\Program Files\dotnet\packs\Microsoft.NETCore.App.Ref\10.0.8\ref\net10.0\System.Reflection.TypeExtensions.dll
  - System.Resources.Reader.dll 10.0.8 at C:\Program Files\dotnet\packs\Microsoft.NETCore.App.Ref\10.0.8\ref\net10.0\System.Resources.Reader.dll
  - System.Resources.ResourceManager.dll 10.0.8 at C:\Program Files\dotnet\packs\Microsoft.NETCore.App.Ref\10.0.8\ref\net10.0\System.Resources.ResourceManager.dll
  - System.Resources.Writer.dll 10.0.8 at C:\Program Files\dotnet\packs\Microsoft.NETCore.App.Ref\10.0.8\ref\net10.0\System.Resources.Writer.dll
  - System.Runtime.CompilerServices.Unsafe.dll 10.0.8 at C:\Program Files\dotnet\packs\Microsoft.NETCore.App.Ref\10.0.8\ref\net10.0\System.Runtime.CompilerServices.Unsafe.dll
  - System.Runtime.CompilerServices.VisualC.dll 10.0.8 at C:\Program Files\dotnet\packs\Microsoft.NETCore.App.Ref\10.0.8\ref\net10.0\System.Runtime.CompilerServices.VisualC.dll
  - System.Runtime.dll 10.0.8 at C:\Program Files\dotnet\packs\Microsoft.NETCore.App.Ref\10.0.8\ref\net10.0\System.Runtime.dll
  - System.Runtime.Extensions.dll 10.0.8 at C:\Program Files\dotnet\packs\Microsoft.NETCore.App.Ref\10.0.8\ref\net10.0\System.Runtime.Extensions.dll
  - System.Runtime.Handles.dll 10.0.8 at C:\Program Files\dotnet\packs\Microsoft.NETCore.App.Ref\10.0.8\ref\net10.0\System.Runtime.Handles.dll
  - System.Runtime.InteropServices.dll 10.0.8 at C:\Program Files\dotnet\packs\Microsoft.NETCore.App.Ref\10.0.8\ref\net10.0\System.Runtime.InteropServices.dll
  - System.Runtime.InteropServices.JavaScript.dll 10.0.8 at C:\Program Files\dotnet\packs\Microsoft.NETCore.App.Ref\10.0.8\ref\net10.0\System.Runtime.InteropServices.JavaScript.dll
  - System.Runtime.InteropServices.RuntimeInformation.dll 10.0.8 at C:\Program Files\dotnet\packs\Microsoft.NETCore.App.Ref\10.0.8\ref\net10.0\System.Runtime.InteropServices.RuntimeInformation.dll
  - System.Runtime.Intrinsics.dll 10.0.8 at C:\Program Files\dotnet\packs\Microsoft.NETCore.App.Ref\10.0.8\ref\net10.0\System.Runtime.Intrinsics.dll
  - System.Runtime.Loader.dll 10.0.8 at C:\Program Files\dotnet\packs\Microsoft.NETCore.App.Ref\10.0.8\ref\net10.0\System.Runtime.Loader.dll
  - System.Runtime.Numerics.dll 10.0.8 at C:\Program Files\dotnet\packs\Microsoft.NETCore.App.Ref\10.0.8\ref\net10.0\System.Runtime.Numerics.dll
  - System.Runtime.Serialization.dll 10.0.8 at C:\Program Files\dotnet\packs\Microsoft.NETCore.App.Ref\10.0.8\ref\net10.0\System.Runtime.Serialization.dll
  - System.Runtime.Serialization.Formatters.dll 10.0.8 at C:\Program Files\dotnet\packs\Microsoft.NETCore.App.Ref\10.0.8\ref\net10.0\System.Runtime.Serialization.Formatters.dll
  - System.Runtime.Serialization.Json.dll 10.0.8 at C:\Program Files\dotnet\packs\Microsoft.NETCore.App.Ref\10.0.8\ref\net10.0\System.Runtime.Serialization.Json.dll
  - System.Runtime.Serialization.Primitives.dll 10.0.8 at C:\Program Files\dotnet\packs\Microsoft.NETCore.App.Ref\10.0.8\ref\net10.0\System.Runtime.Serialization.Primitives.dll
  - System.Runtime.Serialization.Xml.dll 10.0.8 at C:\Program Files\dotnet\packs\Microsoft.NETCore.App.Ref\10.0.8\ref\net10.0\System.Runtime.Serialization.Xml.dll
  - System.Security.AccessControl.dll 10.0.8 at C:\Program Files\dotnet\packs\Microsoft.NETCore.App.Ref\10.0.8\ref\net10.0\System.Security.AccessControl.dll
  - System.Security.Claims.dll 10.0.8 at C:\Program Files\dotnet\packs\Microsoft.NETCore.App.Ref\10.0.8\ref\net10.0\System.Security.Claims.dll
  - System.Security.Cryptography.Algorithms.dll 10.0.8 at C:\Program Files\dotnet\packs\Microsoft.NETCore.App.Ref\10.0.8\ref\net10.0\System.Security.Cryptography.Algorithms.dll
  - System.Security.Cryptography.Cng.dll 10.0.8 at C:\Program Files\dotnet\packs\Microsoft.NETCore.App.Ref\10.0.8\ref\net10.0\System.Security.Cryptography.Cng.dll
  - System.Security.Cryptography.Csp.dll 10.0.8 at C:\Program Files\dotnet\packs\Microsoft.NETCore.App.Ref\10.0.8\ref\net10.0\System.Security.Cryptography.Csp.dll
  - System.Security.Cryptography.dll 10.0.8 at C:\Program Files\dotnet\packs\Microsoft.NETCore.App.Ref\10.0.8\ref\net10.0\System.Security.Cryptography.dll
  - System.Security.Cryptography.Encoding.dll 10.0.8 at C:\Program Files\dotnet\packs\Microsoft.NETCore.App.Ref\10.0.8\ref\net10.0\System.Security.Cryptography.Encoding.dll
  - System.Security.Cryptography.OpenSsl.dll 10.0.8 at C:\Program Files\dotnet\packs\Microsoft.NETCore.App.Ref\10.0.8\ref\net10.0\System.Security.Cryptography.OpenSsl.dll
  - System.Security.Cryptography.Pkcs.dll 9.0.9 at C:\Users\tddkhanh\.nuget\packages\system.security.cryptography.pkcs\9.0.9\lib\net9.0\System.Security.Cryptography.Pkcs.dll
  - System.Security.Cryptography.Primitives.dll 10.0.8 at C:\Program Files\dotnet\packs\Microsoft.NETCore.App.Ref\10.0.8\ref\net10.0\System.Security.Cryptography.Primitives.dll
  - System.Security.Cryptography.X509Certificates.dll 10.0.8 at C:\Program Files\dotnet\packs\Microsoft.NETCore.App.Ref\10.0.8\ref\net10.0\System.Security.Cryptography.X509Certificates.dll
  - System.Security.Cryptography.Xml.dll 10.0.8 at C:\Program Files\dotnet\packs\Microsoft.AspNetCore.App.Ref\10.0.8\ref\net10.0\System.Security.Cryptography.Xml.dll
  - System.Security.dll 10.0.8 at C:\Program Files\dotnet\packs\Microsoft.NETCore.App.Ref\10.0.8\ref\net10.0\System.Security.dll
  - System.Security.Principal.dll 10.0.8 at C:\Program Files\dotnet\packs\Microsoft.NETCore.App.Ref\10.0.8\ref\net10.0\System.Security.Principal.dll
  - System.Security.Principal.Windows.dll 10.0.8 at C:\Program Files\dotnet\packs\Microsoft.NETCore.App.Ref\10.0.8\ref\net10.0\System.Security.Principal.Windows.dll
  - System.Security.SecureString.dll 10.0.8 at C:\Program Files\dotnet\packs\Microsoft.NETCore.App.Ref\10.0.8\ref\net10.0\System.Security.SecureString.dll
  - System.ServiceModel.Web.dll 10.0.8 at C:\Program Files\dotnet\packs\Microsoft.NETCore.App.Ref\10.0.8\ref\net10.0\System.ServiceModel.Web.dll
  - System.ServiceProcess.dll 10.0.8 at C:\Program Files\dotnet\packs\Microsoft.NETCore.App.Ref\10.0.8\ref\net10.0\System.ServiceProcess.dll
  - System.Text.Encoding.CodePages.dll 10.0.8 at C:\Program Files\dotnet\packs\Microsoft.NETCore.App.Ref\10.0.8\ref\net10.0\System.Text.Encoding.CodePages.dll
  - System.Text.Encoding.dll 10.0.8 at C:\Program Files\dotnet\packs\Microsoft.NETCore.App.Ref\10.0.8\ref\net10.0\System.Text.Encoding.dll
  - System.Text.Encoding.Extensions.dll 10.0.8 at C:\Program Files\dotnet\packs\Microsoft.NETCore.App.Ref\10.0.8\ref\net10.0\System.Text.Encoding.Extensions.dll
  - System.Text.Encodings.Web.dll 10.0.8 at C:\Program Files\dotnet\packs\Microsoft.NETCore.App.Ref\10.0.8\ref\net10.0\System.Text.Encodings.Web.dll
  - System.Text.Json.dll 10.0.8 at C:\Program Files\dotnet\packs\Microsoft.NETCore.App.Ref\10.0.8\ref\net10.0\System.Text.Json.dll
  - System.Text.RegularExpressions.dll 10.0.8 at C:\Program Files\dotnet\packs\Microsoft.NETCore.App.Ref\10.0.8\ref\net10.0\System.Text.RegularExpressions.dll
  - System.Threading.AccessControl.dll 10.0.8 at C:\Program Files\dotnet\packs\Microsoft.NETCore.App.Ref\10.0.8\ref\net10.0\System.Threading.AccessControl.dll
  - System.Threading.Channels.dll 10.0.8 at C:\Program Files\dotnet\packs\Microsoft.NETCore.App.Ref\10.0.8\ref\net10.0\System.Threading.Channels.dll
  - System.Threading.dll 10.0.8 at C:\Program Files\dotnet\packs\Microsoft.NETCore.App.Ref\10.0.8\ref\net10.0\System.Threading.dll
  - System.Threading.Overlapped.dll 10.0.8 at C:\Program Files\dotnet\packs\Microsoft.NETCore.App.Ref\10.0.8\ref\net10.0\System.Threading.Overlapped.dll
  - System.Threading.RateLimiting.dll 10.0.8 at C:\Program Files\dotnet\packs\Microsoft.AspNetCore.App.Ref\10.0.8\ref\net10.0\System.Threading.RateLimiting.dll
  - System.Threading.Tasks.Dataflow.dll 10.0.8 at C:\Program Files\dotnet\packs\Microsoft.NETCore.App.Ref\10.0.8\ref\net10.0\System.Threading.Tasks.Dataflow.dll
  - System.Threading.Tasks.dll 10.0.8 at C:\Program Files\dotnet\packs\Microsoft.NETCore.App.Ref\10.0.8\ref\net10.0\System.Threading.Tasks.dll
  - System.Threading.Tasks.Extensions.dll 10.0.8 at C:\Program Files\dotnet\packs\Microsoft.NETCore.App.Ref\10.0.8\ref\net10.0\System.Threading.Tasks.Extensions.dll
  - System.Threading.Tasks.Parallel.dll 10.0.8 at C:\Program Files\dotnet\packs\Microsoft.NETCore.App.Ref\10.0.8\ref\net10.0\System.Threading.Tasks.Parallel.dll
  - System.Threading.Thread.dll 10.0.8 at C:\Program Files\dotnet\packs\Microsoft.NETCore.App.Ref\10.0.8\ref\net10.0\System.Threading.Thread.dll
  - System.Threading.ThreadPool.dll 10.0.8 at C:\Program Files\dotnet\packs\Microsoft.NETCore.App.Ref\10.0.8\ref\net10.0\System.Threading.ThreadPool.dll
  - System.Threading.Timer.dll 10.0.8 at C:\Program Files\dotnet\packs\Microsoft.NETCore.App.Ref\10.0.8\ref\net10.0\System.Threading.Timer.dll
  - System.Transactions.dll 10.0.8 at C:\Program Files\dotnet\packs\Microsoft.NETCore.App.Ref\10.0.8\ref\net10.0\System.Transactions.dll
  - System.Transactions.Local.dll 10.0.8 at C:\Program Files\dotnet\packs\Microsoft.NETCore.App.Ref\10.0.8\ref\net10.0\System.Transactions.Local.dll
  - System.ValueTuple.dll 10.0.8 at C:\Program Files\dotnet\packs\Microsoft.NETCore.App.Ref\10.0.8\ref\net10.0\System.ValueTuple.dll
  - System.Web.dll 10.0.8 at C:\Program Files\dotnet\packs\Microsoft.NETCore.App.Ref\10.0.8\ref\net10.0\System.Web.dll
  - System.Web.HttpUtility.dll 10.0.8 at C:\Program Files\dotnet\packs\Microsoft.NETCore.App.Ref\10.0.8\ref\net10.0\System.Web.HttpUtility.dll
  - System.Windows.dll 10.0.8 at C:\Program Files\dotnet\packs\Microsoft.NETCore.App.Ref\10.0.8\ref\net10.0\System.Windows.dll
  - System.Xml.dll 10.0.8 at C:\Program Files\dotnet\packs\Microsoft.NETCore.App.Ref\10.0.8\ref\net10.0\System.Xml.dll
  - System.Xml.Linq.dll 10.0.8 at C:\Program Files\dotnet\packs\Microsoft.NETCore.App.Ref\10.0.8\ref\net10.0\System.Xml.Linq.dll
  - System.Xml.ReaderWriter.dll 10.0.8 at C:\Program Files\dotnet\packs\Microsoft.NETCore.App.Ref\10.0.8\ref\net10.0\System.Xml.ReaderWriter.dll
  - System.Xml.Serialization.dll 10.0.8 at C:\Program Files\dotnet\packs\Microsoft.NETCore.App.Ref\10.0.8\ref\net10.0\System.Xml.Serialization.dll
  - System.Xml.XDocument.dll 10.0.8 at C:\Program Files\dotnet\packs\Microsoft.NETCore.App.Ref\10.0.8\ref\net10.0\System.Xml.XDocument.dll
  - System.Xml.XmlDocument.dll 10.0.8 at C:\Program Files\dotnet\packs\Microsoft.NETCore.App.Ref\10.0.8\ref\net10.0\System.Xml.XmlDocument.dll
  - System.Xml.XmlSerializer.dll 10.0.8 at C:\Program Files\dotnet\packs\Microsoft.NETCore.App.Ref\10.0.8\ref\net10.0\System.Xml.XmlSerializer.dll
  - System.Xml.XPath.dll 10.0.8 at C:\Program Files\dotnet\packs\Microsoft.NETCore.App.Ref\10.0.8\ref\net10.0\System.Xml.XPath.dll
  - System.Xml.XPath.XDocument.dll 10.0.8 at C:\Program Files\dotnet\packs\Microsoft.NETCore.App.Ref\10.0.8\ref\net10.0\System.Xml.XPath.XDocument.dll
  - Telerik.AI.SmartComponents.Extensions.dll 2.2.1 at C:\Users\tddkhanh\.nuget\packages\telerik.ai.smartcomponents.extensions\2.2.1\lib\net8.0\Telerik.AI.SmartComponents.Extensions.dll
  - Telerik.Blazor.dll 14.0.0 at C:\Users\tddkhanh\.nuget\packages\telerik.ui.for.blazor\14.0.0\lib\net8.0\Telerik.Blazor.dll
  - Telerik.DataSource.dll 4.1.0 at C:\Users\tddkhanh\.nuget\packages\telerik.datasource\4.1.0\lib\net8.0\Telerik.DataSource.dll
  - Telerik.Documents.Core.dll 2026.2.519 at C:\Users\tddkhanh\.nuget\packages\telerik.documents.core\2026.2.519\lib\netstandard2.0\Telerik.Documents.Core.dll
  - Telerik.Documents.Fixed.dll 2026.2.519 at C:\Users\tddkhanh\.nuget\packages\telerik.documents.fixed\2026.2.519\lib\netstandard2.0\Telerik.Documents.Fixed.dll
  - Telerik.Documents.Spreadsheet.dll 2026.2.519 at C:\Users\tddkhanh\.nuget\packages\telerik.documents.spreadsheet\2026.2.519\lib\netstandard2.0\Telerik.Documents.Spreadsheet.dll
  - Telerik.Documents.Spreadsheet.FormatProviders.Pdf.dll 2026.2.519 at C:\Users\tddkhanh\.nuget\packages\telerik.documents.spreadsheet.formatproviders.pdf\2026.2.519\lib\netstandard2.0\Telerik.Documents.Spreadsheet.FormatProviders.Pdf.dll
  - Telerik.Documents.SpreadsheetStreaming.dll 2026.2.519 at C:\Users\tddkhanh\.nuget\packages\telerik.documents.spreadsheetstreaming\2026.2.519\lib\netstandard2.0\Telerik.Documents.SpreadsheetStreaming.dll
  - Telerik.FontIcons.dll 4.9.2 at C:\Users\tddkhanh\.nuget\packages\telerik.fonticons\4.9.2\lib\netstandard2.0\Telerik.FontIcons.dll
  - Telerik.Licensing.Runtime.dll 1.8.2 at C:\Users\tddkhanh\.nuget\packages\telerik.licensing\1.8.2\lib\net10.0\Telerik.Licensing.Runtime.dll
  - Telerik.Pivot.Core.dll 1.0.0 at C:\Users\tddkhanh\.nuget\packages\telerik.pivot.core\1.0.0\lib\net8.0\Telerik.Pivot.Core.dll
  - Telerik.Pivot.DataProviders.Xmla.dll 1.0.0 at C:\Users\tddkhanh\.nuget\packages\telerik.pivot.dataproviders.xmla\1.0.0\lib\net8.0\Telerik.Pivot.DataProviders.Xmla.dll
  - Telerik.Recurrence.dll 1.0.0 at C:\Users\tddkhanh\.nuget\packages\telerik.recurrence\1.0.0\lib\net8.0\Telerik.Recurrence.dll
  - Telerik.SvgIcons.dll 4.9.2 at C:\Users\tddkhanh\.nuget\packages\telerik.svgicons\4.9.2\lib\netstandard2.0\Telerik.SvgIcons.dll
  - Telerik.Zip.dll 2026.2.519 at C:\Users\tddkhanh\.nuget\packages\telerik.zip\2026.2.519\lib\netstandard2.0\Telerik.Zip.dll
  - WindowsBase.dll 10.0.8 at C:\Program Files\dotnet\packs\Microsoft.NETCore.App.Ref\10.0.8\ref\net10.0\WindowsBase.dll
  MachineId=T67PQYIlb9W6VOVNpg1C57e7U0Q=

[2026-05-29 02:24:00.033] [Low]   Looking for Telerik product metadata in referenced assemblies
      - C:\Users\tddkhanh\.nuget\packages\telerik.ui.for.blazor\14.0.0\lib\net8.0\Telerik.Blazor.dll
        ProductCode: BLAZOR, LicenseDate: 2026-05-20, ProductName: Telerik UI for Blazor, ProductVersion: 14.0.0.0, Flags: None
        Transitive product references:
        - DPL 2026-05-19 (redistributed by: RCWPF;RCWF;MAUI;UIXAM;WINUI;RCAJAX;KENDOUIMVC;UIASPCORE;BLAZOR) Telerik Document Processing Libraries 2026.2.519.20
      - C:\Users\tddkhanh\.nuget\packages\telerik.documents.core\2026.2.519\lib\netstandard2.0\Telerik.Documents.Core.dll
        ProductCode: DPL, LicenseDate: 2026-05-19, Redistributed By: RCWPF, RCWF, MAUI, UIXAM, WINUI, RCAJAX, KENDOUIMVC, UIASPCORE, BLAZOR, ProductName: Telerik Document Processing Libraries, ProductVersion: 2026.2.519.20, Flags: None
      - C:\Users\tddkhanh\.nuget\packages\telerik.documents.fixed\2026.2.519\lib\netstandard2.0\Telerik.Documents.Fixed.dll
        ProductCode: DPL, LicenseDate: 2026-05-19, Redistributed By: RCWPF, RCWF, MAUI, UIXAM, WINUI, RCAJAX, KENDOUIMVC, UIASPCORE, BLAZOR, ProductName: Telerik Document Processing Libraries, ProductVersion: 2026.2.519.20, Flags: None
      - C:\Users\tddkhanh\.nuget\packages\telerik.documents.spreadsheet\2026.2.519\lib\netstandard2.0\Telerik.Documents.Spreadsheet.dll
        ProductCode: DPL, LicenseDate: 2026-05-19, Redistributed By: RCWPF, RCWF, MAUI, UIXAM, WINUI, RCAJAX, KENDOUIMVC, UIASPCORE, BLAZOR, ProductName: Telerik Document Processing Libraries, ProductVersion: 2026.2.519.20, Flags: None
      - C:\Users\tddkhanh\.nuget\packages\telerik.documents.spreadsheet.formatproviders.pdf\2026.2.519\lib\netstandard2.0\Telerik.Documents.Spreadsheet.FormatProviders.Pdf.dll
        ProductCode: DPL, LicenseDate: 2026-05-19, Redistributed By: RCWPF, RCWF, MAUI, UIXAM, WINUI, RCAJAX, KENDOUIMVC, UIASPCORE, BLAZOR, ProductName: Telerik Document Processing Libraries, ProductVersion: 2026.2.519.20, Flags: None
      - C:\Users\tddkhanh\.nuget\packages\telerik.documents.spreadsheetstreaming\2026.2.519\lib\netstandard2.0\Telerik.Documents.SpreadsheetStreaming.dll
        ProductCode: DPL, LicenseDate: 2026-05-19, Redistributed By: RCWPF, RCWF, MAUI, UIXAM, WINUI, RCAJAX, KENDOUIMVC, UIASPCORE, BLAZOR, ProductName: Telerik Document Processing Libraries, ProductVersion: 2026.2.519.20, Flags: None
      - C:\Users\tddkhanh\.nuget\packages\telerik.zip\2026.2.519\lib\netstandard2.0\Telerik.Zip.dll
        ProductCode: DPL, LicenseDate: 2026-05-19, Redistributed By: RCWPF, RCWF, MAUI, UIXAM, WINUI, RCAJAX, KENDOUIMVC, UIASPCORE, BLAZOR, ProductName: Telerik Document Processing Libraries, ProductVersion: 2026.2.519.20, Flags: None
      Unique Products:
      - "Telerik UI for Blazor" (BLAZOR) 14.0.0.0 @2026-05-20
      - "Telerik Document Processing Libraries" (DPL) 2026.2.519.20 @2026-05-19
      Found a total of 2 referenced Telerik products for net10.0

[2026-05-29 02:24:00.049] [Low]   Provision Licensing
        Looking up license file...
        - EnvironmentVariablePath: TELERIK_LICENSE_PATH (NotAvailable)
        - EnvironmentVariable: TELERIK_LICENSE (NotAvailable)
        - EnvironmentVariable: KENDO_UI_LICENSE (NotAvailable)
        - RecursiveFilePath: D:\Code\Blazor\TelerikGrid\TelerikGrid\telerik-license.txt (NotAvailable)
        - RecursiveFilePath: D:\Code\Blazor\TelerikGrid\TelerikGrid\kendo-ui-license.txt (NotAvailable)
        - RecursiveFilePath: D:\Code\Blazor\TelerikGrid\telerik-license.txt (NotAvailable)
        - RecursiveFilePath: D:\Code\Blazor\TelerikGrid\kendo-ui-license.txt (NotAvailable)
        - RecursiveFilePath: D:\Code\Blazor\telerik-license.txt (NotAvailable)
        - RecursiveFilePath: D:\Code\Blazor\kendo-ui-license.txt (NotAvailable)
        - RecursiveFilePath: D:\Code\telerik-license.txt (NotAvailable)
        - RecursiveFilePath: D:\Code\kendo-ui-license.txt (NotAvailable)
        - RecursiveFilePath: D:\telerik-license.txt (NotAvailable)
        - RecursiveFilePath: D:\kendo-ui-license.txt (NotAvailable)
        - UserDirectory: C:\Users\tddkhanh\AppData\Roaming\Telerik\telerik-license.txt (LicenseFound)
        - UserDirectory: C:\Users\tddkhanh\AppData\Roaming\Telerik\kendo-ui-license.txt (Skip)
        LicenseKey
        - AUD: t************@g****.com
        - UsedId: 344ca679-260a-4541-b9a7-cafe8537ed1f
        - LicenseId: de0ab21e-4a76-46d5-b1d8-a860fc8a108a
        - IssuedAt: 5/27/2026 11:20:30 PM
        - Licenses
          0) Trial BLAZOR, expiration 6/26/2026 3:27:27 AM, type: 'trial'
          1) Usage UserId: 344ca679-260a-4541-b9a7-cafe8537ed1f, LicenseId: de0ab21e-4a76-46d5-b1d8-a860fc8a108a, type: 'usage'

[2026-05-29 02:24:00.053] [Low]   License Resolution
        Messages
          - License OK for "Telerik UI for Blazor" (BLAZOR) 14.0.0.0 @2026-05-20 - Trial, valid until 2026-06-26.
          - License OK for "Telerik Document Processing Libraries" (DPL) 2026.2.519.20 @2026-05-19 - Trial for BLAZOR, valid until 2026-06-26.
        JWTs
          - eyJhbGciOiJSUzI1NiIsInR5cCI6IlRlbGVyaWsgTGljZW5zZSBFdmlkZW5jZSJ9.eyJjb2RlIjoiQkxBWk9SIiwidHlwZSI6InRyaWFsIiwiZXhwaXJhdGlvbiI6MTc4MjQ0NDQ0NywidXNlcklkIjoiMzQ0Y2E2NzktMjYwYS00NTQxLWI5YTctY2FmZTg1MzdlZDFmIiwibGljZW5zZUlkIjoiZGUwYWIyMWUtNGE3Ni00NmQ1LWIxZDgtYTg2MGZjOGExMDhhIn0.zRRYGeaQHW_-AN5jMEypWMNjOlATOXZHpV5AHN3NlbngssoYs7K9y_qOaxXPcylCIl3h5K6r9iwFKWe9xaIU0G-MXBTvRZpfbkiZtrYp4puaC1ONeHElHT_DqQnoqIb93UpJOBwO4SFWFzoHgPYcY7w8xTV82tVxIgXFRxwPyfGNrV7rD2oGDM3cvIFGOQT4i5dO67MzBDduG-4R9bofmMXKaj0qv69aM44f6A8t2DOPWIgTIqNcjp69XT-RM9i1zLy3sNEvrb9nntBRNqqXoj2OZtPiSjDFA6s-WWJkTpLuvZHieCL2T3LY_H0WNG2LHsYc2l4FPDttY99f0L27IA
        Licenses
          - License OK for "Telerik UI for Blazor" (BLAZOR) 14.0.0.0 @2026-05-20 - Trial, valid until 2026-06-26.
          - License OK for "Telerik Document Processing Libraries" (DPL) 2026.2.519.20 @2026-05-19 - Trial for BLAZOR, valid until 2026-06-26.

[2026-05-29 02:24:00.054] [Low] OutputType: Exe, ImportXamlTargets: False
[2026-05-29 02:24:00.055] [Low] LicenseEvidence CodeGen: Up to date!
[2026-05-29 02:24:00.066] [Low] 
      Call-Home Telerik Products (2 for net10.0)
      - "Telerik UI for Blazor" (BLAZOR) 14.0.0
      - "DPL" (DPL) 2026.2.519

[2026-05-29 02:24:00.066] [Low] 
[2026-05-29 02:24:00.067] [Low] 
      Call-Home Telerik Features (0 for net10.0)

[2026-05-29 02:24:00.067] [Low] 
[2026-05-29 02:24:00.098] [Low]   Report Telerik.Licensing
        UserId: 344ca679-260a-4541-b9a7-cafe8537ed1f
        LicenseId: de0ab21e-4a76-46d5-b1d8-a860fc8a108a
        Products
        - LicenseUsed BLAZOR 14.0.0.0 SKIPPED
        - LicenseUsed DPL 2026.2.519.20 SKIPPED
      Report finished in 00:00:00.0305722

[2026-05-29 02:24:00.099] [Low]   Sending Telemetry...
[2026-05-29 02:24:00.118] [Low]   Metrics done 00:00:00.0183439
[2026-05-29 02:24:00.119] [Normal] Resolve Telerik Products. Done (00:00:00.2008257) for net10.0
[2026-05-29 02:24:24.380] [Normal] Resolve Telerik Products.
  MSBuildProjectName=TelerikGrid
  MSBuildProjectDirectory=D:\Code\Blazor\TelerikGrid\TelerikGrid
  MSBuildProjectExtension=.csproj
  Language=C#
  OutputPath=bin\Debug\net10.0\
  Platform=AnyCPU
  TargetFramework=net10.0
  TargetFrameworks=
  TargetFrameworkVersion=v10.0
  VisualStudioVersion=18.0
  UsingMicrosoftNETSdk=true
  UsingMicrosoftNETSdkRazor=true
  UsingMicrosoftNETSdkWeb=true
  ImportXamlTargets=False
  OutputType=Exe
  UseMaui=
  NuGetPackageRoot=C:\Users\tddkhanh\.nuget\packages\

  PackageReferences
  - Telerik.UI.for.Blazor 14.0.0
  - Microsoft.AspNetCore.App.Internal.Assets 10.0.8
  ReferencePaths
  - Microsoft.AspNetCore.Antiforgery.dll 10.0.8 at C:\Program Files\dotnet\packs\Microsoft.AspNetCore.App.Ref\10.0.8\ref\net10.0\Microsoft.AspNetCore.Antiforgery.dll
  - Microsoft.AspNetCore.Authentication.Abstractions.dll 10.0.8 at C:\Program Files\dotnet\packs\Microsoft.AspNetCore.App.Ref\10.0.8\ref\net10.0\Microsoft.AspNetCore.Authentication.Abstractions.dll
  - Microsoft.AspNetCore.Authentication.BearerToken.dll 10.0.8 at C:\Program Files\dotnet\packs\Microsoft.AspNetCore.App.Ref\10.0.8\ref\net10.0\Microsoft.AspNetCore.Authentication.BearerToken.dll
  - Microsoft.AspNetCore.Authentication.Cookies.dll 10.0.8 at C:\Program Files\dotnet\packs\Microsoft.AspNetCore.App.Ref\10.0.8\ref\net10.0\Microsoft.AspNetCore.Authentication.Cookies.dll
  - Microsoft.AspNetCore.Authentication.Core.dll 10.0.8 at C:\Program Files\dotnet\packs\Microsoft.AspNetCore.App.Ref\10.0.8\ref\net10.0\Microsoft.AspNetCore.Authentication.Core.dll
  - Microsoft.AspNetCore.Authentication.dll 10.0.8 at C:\Program Files\dotnet\packs\Microsoft.AspNetCore.App.Ref\10.0.8\ref\net10.0\Microsoft.AspNetCore.Authentication.dll
  - Microsoft.AspNetCore.Authentication.OAuth.dll 10.0.8 at C:\Program Files\dotnet\packs\Microsoft.AspNetCore.App.Ref\10.0.8\ref\net10.0\Microsoft.AspNetCore.Authentication.OAuth.dll
  - Microsoft.AspNetCore.Authorization.dll 10.0.8 at C:\Program Files\dotnet\packs\Microsoft.AspNetCore.App.Ref\10.0.8\ref\net10.0\Microsoft.AspNetCore.Authorization.dll
  - Microsoft.AspNetCore.Authorization.Policy.dll 10.0.8 at C:\Program Files\dotnet\packs\Microsoft.AspNetCore.App.Ref\10.0.8\ref\net10.0\Microsoft.AspNetCore.Authorization.Policy.dll
  - Microsoft.AspNetCore.Components.Authorization.dll 10.0.8 at C:\Program Files\dotnet\packs\Microsoft.AspNetCore.App.Ref\10.0.8\ref\net10.0\Microsoft.AspNetCore.Components.Authorization.dll
  - Microsoft.AspNetCore.Components.dll 10.0.8 at C:\Program Files\dotnet\packs\Microsoft.AspNetCore.App.Ref\10.0.8\ref\net10.0\Microsoft.AspNetCore.Components.dll
  - Microsoft.AspNetCore.Components.Endpoints.dll 10.0.8 at C:\Program Files\dotnet\packs\Microsoft.AspNetCore.App.Ref\10.0.8\ref\net10.0\Microsoft.AspNetCore.Components.Endpoints.dll
  - Microsoft.AspNetCore.Components.Forms.dll 10.0.8 at C:\Program Files\dotnet\packs\Microsoft.AspNetCore.App.Ref\10.0.8\ref\net10.0\Microsoft.AspNetCore.Components.Forms.dll
  - Microsoft.AspNetCore.Components.Server.dll 10.0.8 at C:\Program Files\dotnet\packs\Microsoft.AspNetCore.App.Ref\10.0.8\ref\net10.0\Microsoft.AspNetCore.Components.Server.dll
  - Microsoft.AspNetCore.Components.Web.dll 10.0.8 at C:\Program Files\dotnet\packs\Microsoft.AspNetCore.App.Ref\10.0.8\ref\net10.0\Microsoft.AspNetCore.Components.Web.dll
  - Microsoft.AspNetCore.Connections.Abstractions.dll 10.0.8 at C:\Program Files\dotnet\packs\Microsoft.AspNetCore.App.Ref\10.0.8\ref\net10.0\Microsoft.AspNetCore.Connections.Abstractions.dll
  - Microsoft.AspNetCore.CookiePolicy.dll 10.0.8 at C:\Program Files\dotnet\packs\Microsoft.AspNetCore.App.Ref\10.0.8\ref\net10.0\Microsoft.AspNetCore.CookiePolicy.dll
  - Microsoft.AspNetCore.Cors.dll 10.0.8 at C:\Program Files\dotnet\packs\Microsoft.AspNetCore.App.Ref\10.0.8\ref\net10.0\Microsoft.AspNetCore.Cors.dll
  - Microsoft.AspNetCore.Cryptography.Internal.dll 10.0.8 at C:\Program Files\dotnet\packs\Microsoft.AspNetCore.App.Ref\10.0.8\ref\net10.0\Microsoft.AspNetCore.Cryptography.Internal.dll
  - Microsoft.AspNetCore.Cryptography.KeyDerivation.dll 10.0.8 at C:\Program Files\dotnet\packs\Microsoft.AspNetCore.App.Ref\10.0.8\ref\net10.0\Microsoft.AspNetCore.Cryptography.KeyDerivation.dll
  - Microsoft.AspNetCore.DataProtection.Abstractions.dll 10.0.8 at C:\Program Files\dotnet\packs\Microsoft.AspNetCore.App.Ref\10.0.8\ref\net10.0\Microsoft.AspNetCore.DataProtection.Abstractions.dll
  - Microsoft.AspNetCore.DataProtection.dll 10.0.8 at C:\Program Files\dotnet\packs\Microsoft.AspNetCore.App.Ref\10.0.8\ref\net10.0\Microsoft.AspNetCore.DataProtection.dll
  - Microsoft.AspNetCore.DataProtection.Extensions.dll 10.0.8 at C:\Program Files\dotnet\packs\Microsoft.AspNetCore.App.Ref\10.0.8\ref\net10.0\Microsoft.AspNetCore.DataProtection.Extensions.dll
  - Microsoft.AspNetCore.Diagnostics.Abstractions.dll 10.0.8 at C:\Program Files\dotnet\packs\Microsoft.AspNetCore.App.Ref\10.0.8\ref\net10.0\Microsoft.AspNetCore.Diagnostics.Abstractions.dll
  - Microsoft.AspNetCore.Diagnostics.dll 10.0.8 at C:\Program Files\dotnet\packs\Microsoft.AspNetCore.App.Ref\10.0.8\ref\net10.0\Microsoft.AspNetCore.Diagnostics.dll
  - Microsoft.AspNetCore.Diagnostics.HealthChecks.dll 10.0.8 at C:\Program Files\dotnet\packs\Microsoft.AspNetCore.App.Ref\10.0.8\ref\net10.0\Microsoft.AspNetCore.Diagnostics.HealthChecks.dll
  - Microsoft.AspNetCore.dll 10.0.8 at C:\Program Files\dotnet\packs\Microsoft.AspNetCore.App.Ref\10.0.8\ref\net10.0\Microsoft.AspNetCore.dll
  - Microsoft.AspNetCore.HostFiltering.dll 10.0.8 at C:\Program Files\dotnet\packs\Microsoft.AspNetCore.App.Ref\10.0.8\ref\net10.0\Microsoft.AspNetCore.HostFiltering.dll
  - Microsoft.AspNetCore.Hosting.Abstractions.dll 10.0.8 at C:\Program Files\dotnet\packs\Microsoft.AspNetCore.App.Ref\10.0.8\ref\net10.0\Microsoft.AspNetCore.Hosting.Abstractions.dll
  - Microsoft.AspNetCore.Hosting.dll 10.0.8 at C:\Program Files\dotnet\packs\Microsoft.AspNetCore.App.Ref\10.0.8\ref\net10.0\Microsoft.AspNetCore.Hosting.dll
  - Microsoft.AspNetCore.Hosting.Server.Abstractions.dll 10.0.8 at C:\Program Files\dotnet\packs\Microsoft.AspNetCore.App.Ref\10.0.8\ref\net10.0\Microsoft.AspNetCore.Hosting.Server.Abstractions.dll
  - Microsoft.AspNetCore.Html.Abstractions.dll 10.0.8 at C:\Program Files\dotnet\packs\Microsoft.AspNetCore.App.Ref\10.0.8\ref\net10.0\Microsoft.AspNetCore.Html.Abstractions.dll
  - Microsoft.AspNetCore.Http.Abstractions.dll 10.0.8 at C:\Program Files\dotnet\packs\Microsoft.AspNetCore.App.Ref\10.0.8\ref\net10.0\Microsoft.AspNetCore.Http.Abstractions.dll
  - Microsoft.AspNetCore.Http.Connections.Common.dll 10.0.8 at C:\Program Files\dotnet\packs\Microsoft.AspNetCore.App.Ref\10.0.8\ref\net10.0\Microsoft.AspNetCore.Http.Connections.Common.dll
  - Microsoft.AspNetCore.Http.Connections.dll 10.0.8 at C:\Program Files\dotnet\packs\Microsoft.AspNetCore.App.Ref\10.0.8\ref\net10.0\Microsoft.AspNetCore.Http.Connections.dll
  - Microsoft.AspNetCore.Http.dll 10.0.8 at C:\Program Files\dotnet\packs\Microsoft.AspNetCore.App.Ref\10.0.8\ref\net10.0\Microsoft.AspNetCore.Http.dll
  - Microsoft.AspNetCore.Http.Extensions.dll 10.0.8 at C:\Program Files\dotnet\packs\Microsoft.AspNetCore.App.Ref\10.0.8\ref\net10.0\Microsoft.AspNetCore.Http.Extensions.dll
  - Microsoft.AspNetCore.Http.Features.dll 10.0.8 at C:\Program Files\dotnet\packs\Microsoft.AspNetCore.App.Ref\10.0.8\ref\net10.0\Microsoft.AspNetCore.Http.Features.dll
  - Microsoft.AspNetCore.Http.Results.dll 10.0.8 at C:\Program Files\dotnet\packs\Microsoft.AspNetCore.App.Ref\10.0.8\ref\net10.0\Microsoft.AspNetCore.Http.Results.dll
  - Microsoft.AspNetCore.HttpLogging.dll 10.0.8 at C:\Program Files\dotnet\packs\Microsoft.AspNetCore.App.Ref\10.0.8\ref\net10.0\Microsoft.AspNetCore.HttpLogging.dll
  - Microsoft.AspNetCore.HttpOverrides.dll 10.0.8 at C:\Program Files\dotnet\packs\Microsoft.AspNetCore.App.Ref\10.0.8\ref\net10.0\Microsoft.AspNetCore.HttpOverrides.dll
  - Microsoft.AspNetCore.HttpsPolicy.dll 10.0.8 at C:\Program Files\dotnet\packs\Microsoft.AspNetCore.App.Ref\10.0.8\ref\net10.0\Microsoft.AspNetCore.HttpsPolicy.dll
  - Microsoft.AspNetCore.Identity.dll 10.0.8 at C:\Program Files\dotnet\packs\Microsoft.AspNetCore.App.Ref\10.0.8\ref\net10.0\Microsoft.AspNetCore.Identity.dll
  - Microsoft.AspNetCore.Localization.dll 10.0.8 at C:\Program Files\dotnet\packs\Microsoft.AspNetCore.App.Ref\10.0.8\ref\net10.0\Microsoft.AspNetCore.Localization.dll
  - Microsoft.AspNetCore.Localization.Routing.dll 10.0.8 at C:\Program Files\dotnet\packs\Microsoft.AspNetCore.App.Ref\10.0.8\ref\net10.0\Microsoft.AspNetCore.Localization.Routing.dll
  - Microsoft.AspNetCore.Metadata.dll 10.0.8 at C:\Program Files\dotnet\packs\Microsoft.AspNetCore.App.Ref\10.0.8\ref\net10.0\Microsoft.AspNetCore.Metadata.dll
  - Microsoft.AspNetCore.Mvc.Abstractions.dll 10.0.8 at C:\Program Files\dotnet\packs\Microsoft.AspNetCore.App.Ref\10.0.8\ref\net10.0\Microsoft.AspNetCore.Mvc.Abstractions.dll
  - Microsoft.AspNetCore.Mvc.ApiExplorer.dll 10.0.8 at C:\Program Files\dotnet\packs\Microsoft.AspNetCore.App.Ref\10.0.8\ref\net10.0\Microsoft.AspNetCore.Mvc.ApiExplorer.dll
  - Microsoft.AspNetCore.Mvc.Core.dll 10.0.8 at C:\Program Files\dotnet\packs\Microsoft.AspNetCore.App.Ref\10.0.8\ref\net10.0\Microsoft.AspNetCore.Mvc.Core.dll
  - Microsoft.AspNetCore.Mvc.Cors.dll 10.0.8 at C:\Program Files\dotnet\packs\Microsoft.AspNetCore.App.Ref\10.0.8\ref\net10.0\Microsoft.AspNetCore.Mvc.Cors.dll
  - Microsoft.AspNetCore.Mvc.DataAnnotations.dll 10.0.8 at C:\Program Files\dotnet\packs\Microsoft.AspNetCore.App.Ref\10.0.8\ref\net10.0\Microsoft.AspNetCore.Mvc.DataAnnotations.dll
  - Microsoft.AspNetCore.Mvc.dll 10.0.8 at C:\Program Files\dotnet\packs\Microsoft.AspNetCore.App.Ref\10.0.8\ref\net10.0\Microsoft.AspNetCore.Mvc.dll
  - Microsoft.AspNetCore.Mvc.Formatters.Json.dll 10.0.8 at C:\Program Files\dotnet\packs\Microsoft.AspNetCore.App.Ref\10.0.8\ref\net10.0\Microsoft.AspNetCore.Mvc.Formatters.Json.dll
  - Microsoft.AspNetCore.Mvc.Formatters.Xml.dll 10.0.8 at C:\Program Files\dotnet\packs\Microsoft.AspNetCore.App.Ref\10.0.8\ref\net10.0\Microsoft.AspNetCore.Mvc.Formatters.Xml.dll
  - Microsoft.AspNetCore.Mvc.Localization.dll 10.0.8 at C:\Program Files\dotnet\packs\Microsoft.AspNetCore.App.Ref\10.0.8\ref\net10.0\Microsoft.AspNetCore.Mvc.Localization.dll
  - Microsoft.AspNetCore.Mvc.Razor.dll 10.0.8 at C:\Program Files\dotnet\packs\Microsoft.AspNetCore.App.Ref\10.0.8\ref\net10.0\Microsoft.AspNetCore.Mvc.Razor.dll
  - Microsoft.AspNetCore.Mvc.RazorPages.dll 10.0.8 at C:\Program Files\dotnet\packs\Microsoft.AspNetCore.App.Ref\10.0.8\ref\net10.0\Microsoft.AspNetCore.Mvc.RazorPages.dll
  - Microsoft.AspNetCore.Mvc.TagHelpers.dll 10.0.8 at C:\Program Files\dotnet\packs\Microsoft.AspNetCore.App.Ref\10.0.8\ref\net10.0\Microsoft.AspNetCore.Mvc.TagHelpers.dll
  - Microsoft.AspNetCore.Mvc.ViewFeatures.dll 10.0.8 at C:\Program Files\dotnet\packs\Microsoft.AspNetCore.App.Ref\10.0.8\ref\net10.0\Microsoft.AspNetCore.Mvc.ViewFeatures.dll
  - Microsoft.AspNetCore.OutputCaching.dll 10.0.8 at C:\Program Files\dotnet\packs\Microsoft.AspNetCore.App.Ref\10.0.8\ref\net10.0\Microsoft.AspNetCore.OutputCaching.dll
  - Microsoft.AspNetCore.RateLimiting.dll 10.0.8 at C:\Program Files\dotnet\packs\Microsoft.AspNetCore.App.Ref\10.0.8\ref\net10.0\Microsoft.AspNetCore.RateLimiting.dll
  - Microsoft.AspNetCore.Razor.dll 10.0.8 at C:\Program Files\dotnet\packs\Microsoft.AspNetCore.App.Ref\10.0.8\ref\net10.0\Microsoft.AspNetCore.Razor.dll
  - Microsoft.AspNetCore.Razor.Runtime.dll 10.0.8 at C:\Program Files\dotnet\packs\Microsoft.AspNetCore.App.Ref\10.0.8\ref\net10.0\Microsoft.AspNetCore.Razor.Runtime.dll
  - Microsoft.AspNetCore.RequestDecompression.dll 10.0.8 at C:\Program Files\dotnet\packs\Microsoft.AspNetCore.App.Ref\10.0.8\ref\net10.0\Microsoft.AspNetCore.RequestDecompression.dll
  - Microsoft.AspNetCore.ResponseCaching.Abstractions.dll 10.0.8 at C:\Program Files\dotnet\packs\Microsoft.AspNetCore.App.Ref\10.0.8\ref\net10.0\Microsoft.AspNetCore.ResponseCaching.Abstractions.dll
  - Microsoft.AspNetCore.ResponseCaching.dll 10.0.8 at C:\Program Files\dotnet\packs\Microsoft.AspNetCore.App.Ref\10.0.8\ref\net10.0\Microsoft.AspNetCore.ResponseCaching.dll
  - Microsoft.AspNetCore.ResponseCompression.dll 10.0.8 at C:\Program Files\dotnet\packs\Microsoft.AspNetCore.App.Ref\10.0.8\ref\net10.0\Microsoft.AspNetCore.ResponseCompression.dll
  - Microsoft.AspNetCore.Rewrite.dll 10.0.8 at C:\Program Files\dotnet\packs\Microsoft.AspNetCore.App.Ref\10.0.8\ref\net10.0\Microsoft.AspNetCore.Rewrite.dll
  - Microsoft.AspNetCore.Routing.Abstractions.dll 10.0.8 at C:\Program Files\dotnet\packs\Microsoft.AspNetCore.App.Ref\10.0.8\ref\net10.0\Microsoft.AspNetCore.Routing.Abstractions.dll
  - Microsoft.AspNetCore.Routing.dll 10.0.8 at C:\Program Files\dotnet\packs\Microsoft.AspNetCore.App.Ref\10.0.8\ref\net10.0\Microsoft.AspNetCore.Routing.dll
  - Microsoft.AspNetCore.Server.HttpSys.dll 10.0.8 at C:\Program Files\dotnet\packs\Microsoft.AspNetCore.App.Ref\10.0.8\ref\net10.0\Microsoft.AspNetCore.Server.HttpSys.dll
  - Microsoft.AspNetCore.Server.IIS.dll 10.0.8 at C:\Program Files\dotnet\packs\Microsoft.AspNetCore.App.Ref\10.0.8\ref\net10.0\Microsoft.AspNetCore.Server.IIS.dll
  - Microsoft.AspNetCore.Server.IISIntegration.dll 10.0.8 at C:\Program Files\dotnet\packs\Microsoft.AspNetCore.App.Ref\10.0.8\ref\net10.0\Microsoft.AspNetCore.Server.IISIntegration.dll
  - Microsoft.AspNetCore.Server.Kestrel.Core.dll 10.0.8 at C:\Program Files\dotnet\packs\Microsoft.AspNetCore.App.Ref\10.0.8\ref\net10.0\Microsoft.AspNetCore.Server.Kestrel.Core.dll
  - Microsoft.AspNetCore.Server.Kestrel.dll 10.0.8 at C:\Program Files\dotnet\packs\Microsoft.AspNetCore.App.Ref\10.0.8\ref\net10.0\Microsoft.AspNetCore.Server.Kestrel.dll
  - Microsoft.AspNetCore.Server.Kestrel.Transport.NamedPipes.dll 10.0.8 at C:\Program Files\dotnet\packs\Microsoft.AspNetCore.App.Ref\10.0.8\ref\net10.0\Microsoft.AspNetCore.Server.Kestrel.Transport.NamedPipes.dll
  - Microsoft.AspNetCore.Server.Kestrel.Transport.Quic.dll 10.0.8 at C:\Program Files\dotnet\packs\Microsoft.AspNetCore.App.Ref\10.0.8\ref\net10.0\Microsoft.AspNetCore.Server.Kestrel.Transport.Quic.dll
  - Microsoft.AspNetCore.Server.Kestrel.Transport.Sockets.dll 10.0.8 at C:\Program Files\dotnet\packs\Microsoft.AspNetCore.App.Ref\10.0.8\ref\net10.0\Microsoft.AspNetCore.Server.Kestrel.Transport.Sockets.dll
  - Microsoft.AspNetCore.Session.dll 10.0.8 at C:\Program Files\dotnet\packs\Microsoft.AspNetCore.App.Ref\10.0.8\ref\net10.0\Microsoft.AspNetCore.Session.dll
  - Microsoft.AspNetCore.SignalR.Common.dll 10.0.8 at C:\Program Files\dotnet\packs\Microsoft.AspNetCore.App.Ref\10.0.8\ref\net10.0\Microsoft.AspNetCore.SignalR.Common.dll
  - Microsoft.AspNetCore.SignalR.Core.dll 10.0.8 at C:\Program Files\dotnet\packs\Microsoft.AspNetCore.App.Ref\10.0.8\ref\net10.0\Microsoft.AspNetCore.SignalR.Core.dll
  - Microsoft.AspNetCore.SignalR.dll 10.0.8 at C:\Program Files\dotnet\packs\Microsoft.AspNetCore.App.Ref\10.0.8\ref\net10.0\Microsoft.AspNetCore.SignalR.dll
  - Microsoft.AspNetCore.SignalR.Protocols.Json.dll 10.0.8 at C:\Program Files\dotnet\packs\Microsoft.AspNetCore.App.Ref\10.0.8\ref\net10.0\Microsoft.AspNetCore.SignalR.Protocols.Json.dll
  - Microsoft.AspNetCore.StaticAssets.dll 10.0.8 at C:\Program Files\dotnet\packs\Microsoft.AspNetCore.App.Ref\10.0.8\ref\net10.0\Microsoft.AspNetCore.StaticAssets.dll
  - Microsoft.AspNetCore.StaticFiles.dll 10.0.8 at C:\Program Files\dotnet\packs\Microsoft.AspNetCore.App.Ref\10.0.8\ref\net10.0\Microsoft.AspNetCore.StaticFiles.dll
  - Microsoft.AspNetCore.WebSockets.dll 10.0.8 at C:\Program Files\dotnet\packs\Microsoft.AspNetCore.App.Ref\10.0.8\ref\net10.0\Microsoft.AspNetCore.WebSockets.dll
  - Microsoft.AspNetCore.WebUtilities.dll 10.0.8 at C:\Program Files\dotnet\packs\Microsoft.AspNetCore.App.Ref\10.0.8\ref\net10.0\Microsoft.AspNetCore.WebUtilities.dll
  - Microsoft.CSharp.dll 10.0.8 at C:\Program Files\dotnet\packs\Microsoft.NETCore.App.Ref\10.0.8\ref\net10.0\Microsoft.CSharp.dll
  - Microsoft.Extensions.AI.Abstractions.dll 10.4.0 at C:\Users\tddkhanh\.nuget\packages\microsoft.extensions.ai.abstractions\10.4.0\lib\net10.0\Microsoft.Extensions.AI.Abstractions.dll
  - Microsoft.Extensions.AI.dll 10.4.0 at C:\Users\tddkhanh\.nuget\packages\microsoft.extensions.ai\10.4.0\lib\net10.0\Microsoft.Extensions.AI.dll
  - Microsoft.Extensions.Caching.Abstractions.dll 10.0.8 at C:\Program Files\dotnet\packs\Microsoft.AspNetCore.App.Ref\10.0.8\ref\net10.0\Microsoft.Extensions.Caching.Abstractions.dll
  - Microsoft.Extensions.Caching.Memory.dll 10.0.8 at C:\Program Files\dotnet\packs\Microsoft.AspNetCore.App.Ref\10.0.8\ref\net10.0\Microsoft.Extensions.Caching.Memory.dll
  - Microsoft.Extensions.Configuration.Abstractions.dll 10.0.8 at C:\Program Files\dotnet\packs\Microsoft.AspNetCore.App.Ref\10.0.8\ref\net10.0\Microsoft.Extensions.Configuration.Abstractions.dll
  - Microsoft.Extensions.Configuration.Binder.dll 10.0.8 at C:\Program Files\dotnet\packs\Microsoft.AspNetCore.App.Ref\10.0.8\ref\net10.0\Microsoft.Extensions.Configuration.Binder.dll
  - Microsoft.Extensions.Configuration.CommandLine.dll 10.0.8 at C:\Program Files\dotnet\packs\Microsoft.AspNetCore.App.Ref\10.0.8\ref\net10.0\Microsoft.Extensions.Configuration.CommandLine.dll
  - Microsoft.Extensions.Configuration.dll 10.0.8 at C:\Program Files\dotnet\packs\Microsoft.AspNetCore.App.Ref\10.0.8\ref\net10.0\Microsoft.Extensions.Configuration.dll
  - Microsoft.Extensions.Configuration.EnvironmentVariables.dll 10.0.8 at C:\Program Files\dotnet\packs\Microsoft.AspNetCore.App.Ref\10.0.8\ref\net10.0\Microsoft.Extensions.Configuration.EnvironmentVariables.dll
  - Microsoft.Extensions.Configuration.FileExtensions.dll 10.0.8 at C:\Program Files\dotnet\packs\Microsoft.AspNetCore.App.Ref\10.0.8\ref\net10.0\Microsoft.Extensions.Configuration.FileExtensions.dll
  - Microsoft.Extensions.Configuration.Ini.dll 10.0.8 at C:\Program Files\dotnet\packs\Microsoft.AspNetCore.App.Ref\10.0.8\ref\net10.0\Microsoft.Extensions.Configuration.Ini.dll
  - Microsoft.Extensions.Configuration.Json.dll 10.0.8 at C:\Program Files\dotnet\packs\Microsoft.AspNetCore.App.Ref\10.0.8\ref\net10.0\Microsoft.Extensions.Configuration.Json.dll
  - Microsoft.Extensions.Configuration.KeyPerFile.dll 10.0.8 at C:\Program Files\dotnet\packs\Microsoft.AspNetCore.App.Ref\10.0.8\ref\net10.0\Microsoft.Extensions.Configuration.KeyPerFile.dll
  - Microsoft.Extensions.Configuration.UserSecrets.dll 10.0.8 at C:\Program Files\dotnet\packs\Microsoft.AspNetCore.App.Ref\10.0.8\ref\net10.0\Microsoft.Extensions.Configuration.UserSecrets.dll
  - Microsoft.Extensions.Configuration.Xml.dll 10.0.8 at C:\Program Files\dotnet\packs\Microsoft.AspNetCore.App.Ref\10.0.8\ref\net10.0\Microsoft.Extensions.Configuration.Xml.dll
  - Microsoft.Extensions.DependencyInjection.Abstractions.dll 10.0.8 at C:\Program Files\dotnet\packs\Microsoft.AspNetCore.App.Ref\10.0.8\ref\net10.0\Microsoft.Extensions.DependencyInjection.Abstractions.dll
  - Microsoft.Extensions.DependencyInjection.dll 10.0.8 at C:\Program Files\dotnet\packs\Microsoft.AspNetCore.App.Ref\10.0.8\ref\net10.0\Microsoft.Extensions.DependencyInjection.dll
  - Microsoft.Extensions.Diagnostics.Abstractions.dll 10.0.8 at C:\Program Files\dotnet\packs\Microsoft.AspNetCore.App.Ref\10.0.8\ref\net10.0\Microsoft.Extensions.Diagnostics.Abstractions.dll
  - Microsoft.Extensions.Diagnostics.dll 10.0.8 at C:\Program Files\dotnet\packs\Microsoft.AspNetCore.App.Ref\10.0.8\ref\net10.0\Microsoft.Extensions.Diagnostics.dll
  - Microsoft.Extensions.Diagnostics.HealthChecks.Abstractions.dll 10.0.8 at C:\Program Files\dotnet\packs\Microsoft.AspNetCore.App.Ref\10.0.8\ref\net10.0\Microsoft.Extensions.Diagnostics.HealthChecks.Abstractions.dll
  - Microsoft.Extensions.Diagnostics.HealthChecks.dll 10.0.8 at C:\Program Files\dotnet\packs\Microsoft.AspNetCore.App.Ref\10.0.8\ref\net10.0\Microsoft.Extensions.Diagnostics.HealthChecks.dll
  - Microsoft.Extensions.Features.dll 10.0.8 at C:\Program Files\dotnet\packs\Microsoft.AspNetCore.App.Ref\10.0.8\ref\net10.0\Microsoft.Extensions.Features.dll
  - Microsoft.Extensions.FileProviders.Abstractions.dll 10.0.8 at C:\Program Files\dotnet\packs\Microsoft.AspNetCore.App.Ref\10.0.8\ref\net10.0\Microsoft.Extensions.FileProviders.Abstractions.dll
  - Microsoft.Extensions.FileProviders.Composite.dll 10.0.8 at C:\Program Files\dotnet\packs\Microsoft.AspNetCore.App.Ref\10.0.8\ref\net10.0\Microsoft.Extensions.FileProviders.Composite.dll
  - Microsoft.Extensions.FileProviders.Embedded.dll 10.0.8 at C:\Program Files\dotnet\packs\Microsoft.AspNetCore.App.Ref\10.0.8\ref\net10.0\Microsoft.Extensions.FileProviders.Embedded.dll
  - Microsoft.Extensions.FileProviders.Physical.dll 10.0.8 at C:\Program Files\dotnet\packs\Microsoft.AspNetCore.App.Ref\10.0.8\ref\net10.0\Microsoft.Extensions.FileProviders.Physical.dll
  - Microsoft.Extensions.FileSystemGlobbing.dll 10.0.8 at C:\Program Files\dotnet\packs\Microsoft.AspNetCore.App.Ref\10.0.8\ref\net10.0\Microsoft.Extensions.FileSystemGlobbing.dll
  - Microsoft.Extensions.Hosting.Abstractions.dll 10.0.8 at C:\Program Files\dotnet\packs\Microsoft.AspNetCore.App.Ref\10.0.8\ref\net10.0\Microsoft.Extensions.Hosting.Abstractions.dll
  - Microsoft.Extensions.Hosting.dll 10.0.8 at C:\Program Files\dotnet\packs\Microsoft.AspNetCore.App.Ref\10.0.8\ref\net10.0\Microsoft.Extensions.Hosting.dll
  - Microsoft.Extensions.Http.dll 10.0.8 at C:\Program Files\dotnet\packs\Microsoft.AspNetCore.App.Ref\10.0.8\ref\net10.0\Microsoft.Extensions.Http.dll
  - Microsoft.Extensions.Identity.Core.dll 10.0.8 at C:\Program Files\dotnet\packs\Microsoft.AspNetCore.App.Ref\10.0.8\ref\net10.0\Microsoft.Extensions.Identity.Core.dll
  - Microsoft.Extensions.Identity.Stores.dll 10.0.8 at C:\Program Files\dotnet\packs\Microsoft.AspNetCore.App.Ref\10.0.8\ref\net10.0\Microsoft.Extensions.Identity.Stores.dll
  - Microsoft.Extensions.Localization.Abstractions.dll 10.0.8 at C:\Program Files\dotnet\packs\Microsoft.AspNetCore.App.Ref\10.0.8\ref\net10.0\Microsoft.Extensions.Localization.Abstractions.dll
  - Microsoft.Extensions.Localization.dll 10.0.8 at C:\Program Files\dotnet\packs\Microsoft.AspNetCore.App.Ref\10.0.8\ref\net10.0\Microsoft.Extensions.Localization.dll
  - Microsoft.Extensions.Logging.Abstractions.dll 10.0.8 at C:\Program Files\dotnet\packs\Microsoft.AspNetCore.App.Ref\10.0.8\ref\net10.0\Microsoft.Extensions.Logging.Abstractions.dll
  - Microsoft.Extensions.Logging.Configuration.dll 10.0.8 at C:\Program Files\dotnet\packs\Microsoft.AspNetCore.App.Ref\10.0.8\ref\net10.0\Microsoft.Extensions.Logging.Configuration.dll
  - Microsoft.Extensions.Logging.Console.dll 10.0.8 at C:\Program Files\dotnet\packs\Microsoft.AspNetCore.App.Ref\10.0.8\ref\net10.0\Microsoft.Extensions.Logging.Console.dll
  - Microsoft.Extensions.Logging.Debug.dll 10.0.8 at C:\Program Files\dotnet\packs\Microsoft.AspNetCore.App.Ref\10.0.8\ref\net10.0\Microsoft.Extensions.Logging.Debug.dll
  - Microsoft.Extensions.Logging.dll 10.0.8 at C:\Program Files\dotnet\packs\Microsoft.AspNetCore.App.Ref\10.0.8\ref\net10.0\Microsoft.Extensions.Logging.dll
  - Microsoft.Extensions.Logging.EventLog.dll 10.0.8 at C:\Program Files\dotnet\packs\Microsoft.AspNetCore.App.Ref\10.0.8\ref\net10.0\Microsoft.Extensions.Logging.EventLog.dll
  - Microsoft.Extensions.Logging.EventSource.dll 10.0.8 at C:\Program Files\dotnet\packs\Microsoft.AspNetCore.App.Ref\10.0.8\ref\net10.0\Microsoft.Extensions.Logging.EventSource.dll
  - Microsoft.Extensions.Logging.TraceSource.dll 10.0.8 at C:\Program Files\dotnet\packs\Microsoft.AspNetCore.App.Ref\10.0.8\ref\net10.0\Microsoft.Extensions.Logging.TraceSource.dll
  - Microsoft.Extensions.ObjectPool.dll 10.0.8 at C:\Program Files\dotnet\packs\Microsoft.AspNetCore.App.Ref\10.0.8\ref\net10.0\Microsoft.Extensions.ObjectPool.dll
  - Microsoft.Extensions.Options.ConfigurationExtensions.dll 10.0.8 at C:\Program Files\dotnet\packs\Microsoft.AspNetCore.App.Ref\10.0.8\ref\net10.0\Microsoft.Extensions.Options.ConfigurationExtensions.dll
  - Microsoft.Extensions.Options.DataAnnotations.dll 10.0.8 at C:\Program Files\dotnet\packs\Microsoft.AspNetCore.App.Ref\10.0.8\ref\net10.0\Microsoft.Extensions.Options.DataAnnotations.dll
  - Microsoft.Extensions.Options.dll 10.0.8 at C:\Program Files\dotnet\packs\Microsoft.AspNetCore.App.Ref\10.0.8\ref\net10.0\Microsoft.Extensions.Options.dll
  - Microsoft.Extensions.Primitives.dll 10.0.8 at C:\Program Files\dotnet\packs\Microsoft.AspNetCore.App.Ref\10.0.8\ref\net10.0\Microsoft.Extensions.Primitives.dll
  - Microsoft.Extensions.Validation.dll 10.0.8 at C:\Program Files\dotnet\packs\Microsoft.AspNetCore.App.Ref\10.0.8\ref\net10.0\Microsoft.Extensions.Validation.dll
  - Microsoft.Extensions.WebEncoders.dll 10.0.8 at C:\Program Files\dotnet\packs\Microsoft.AspNetCore.App.Ref\10.0.8\ref\net10.0\Microsoft.Extensions.WebEncoders.dll
  - Microsoft.JSInterop.dll 10.0.8 at C:\Program Files\dotnet\packs\Microsoft.AspNetCore.App.Ref\10.0.8\ref\net10.0\Microsoft.JSInterop.dll
  - Microsoft.Net.Http.Headers.dll 10.0.8 at C:\Program Files\dotnet\packs\Microsoft.AspNetCore.App.Ref\10.0.8\ref\net10.0\Microsoft.Net.Http.Headers.dll
  - Microsoft.VisualBasic.Core.dll 10.0.8 at C:\Program Files\dotnet\packs\Microsoft.NETCore.App.Ref\10.0.8\ref\net10.0\Microsoft.VisualBasic.Core.dll
  - Microsoft.VisualBasic.dll 10.0.8 at C:\Program Files\dotnet\packs\Microsoft.NETCore.App.Ref\10.0.8\ref\net10.0\Microsoft.VisualBasic.dll
  - Microsoft.Win32.Primitives.dll 10.0.8 at C:\Program Files\dotnet\packs\Microsoft.NETCore.App.Ref\10.0.8\ref\net10.0\Microsoft.Win32.Primitives.dll
  - Microsoft.Win32.Registry.dll 10.0.8 at C:\Program Files\dotnet\packs\Microsoft.NETCore.App.Ref\10.0.8\ref\net10.0\Microsoft.Win32.Registry.dll
  - mscorlib.dll 10.0.8 at C:\Program Files\dotnet\packs\Microsoft.NETCore.App.Ref\10.0.8\ref\net10.0\mscorlib.dll
  - netstandard.dll 10.0.8 at C:\Program Files\dotnet\packs\Microsoft.NETCore.App.Ref\10.0.8\ref\net10.0\netstandard.dll
  - System.AppContext.dll 10.0.8 at C:\Program Files\dotnet\packs\Microsoft.NETCore.App.Ref\10.0.8\ref\net10.0\System.AppContext.dll
  - System.Buffers.dll 10.0.8 at C:\Program Files\dotnet\packs\Microsoft.NETCore.App.Ref\10.0.8\ref\net10.0\System.Buffers.dll
  - System.Collections.Concurrent.dll 10.0.8 at C:\Program Files\dotnet\packs\Microsoft.NETCore.App.Ref\10.0.8\ref\net10.0\System.Collections.Concurrent.dll
  - System.Collections.dll 10.0.8 at C:\Program Files\dotnet\packs\Microsoft.NETCore.App.Ref\10.0.8\ref\net10.0\System.Collections.dll
  - System.Collections.Immutable.dll 10.0.8 at C:\Program Files\dotnet\packs\Microsoft.NETCore.App.Ref\10.0.8\ref\net10.0\System.Collections.Immutable.dll
  - System.Collections.NonGeneric.dll 10.0.8 at C:\Program Files\dotnet\packs\Microsoft.NETCore.App.Ref\10.0.8\ref\net10.0\System.Collections.NonGeneric.dll
  - System.Collections.Specialized.dll 10.0.8 at C:\Program Files\dotnet\packs\Microsoft.NETCore.App.Ref\10.0.8\ref\net10.0\System.Collections.Specialized.dll
  - System.ComponentModel.Annotations.dll 10.0.8 at C:\Program Files\dotnet\packs\Microsoft.NETCore.App.Ref\10.0.8\ref\net10.0\System.ComponentModel.Annotations.dll
  - System.ComponentModel.DataAnnotations.dll 10.0.8 at C:\Program Files\dotnet\packs\Microsoft.NETCore.App.Ref\10.0.8\ref\net10.0\System.ComponentModel.DataAnnotations.dll
  - System.ComponentModel.dll 10.0.8 at C:\Program Files\dotnet\packs\Microsoft.NETCore.App.Ref\10.0.8\ref\net10.0\System.ComponentModel.dll
  - System.ComponentModel.EventBasedAsync.dll 10.0.8 at C:\Program Files\dotnet\packs\Microsoft.NETCore.App.Ref\10.0.8\ref\net10.0\System.ComponentModel.EventBasedAsync.dll
  - System.ComponentModel.Primitives.dll 10.0.8 at C:\Program Files\dotnet\packs\Microsoft.NETCore.App.Ref\10.0.8\ref\net10.0\System.ComponentModel.Primitives.dll
  - System.ComponentModel.TypeConverter.dll 10.0.8 at C:\Program Files\dotnet\packs\Microsoft.NETCore.App.Ref\10.0.8\ref\net10.0\System.ComponentModel.TypeConverter.dll
  - System.Configuration.dll 10.0.8 at C:\Program Files\dotnet\packs\Microsoft.NETCore.App.Ref\10.0.8\ref\net10.0\System.Configuration.dll
  - System.Console.dll 10.0.8 at C:\Program Files\dotnet\packs\Microsoft.NETCore.App.Ref\10.0.8\ref\net10.0\System.Console.dll
  - System.Core.dll 10.0.8 at C:\Program Files\dotnet\packs\Microsoft.NETCore.App.Ref\10.0.8\ref\net10.0\System.Core.dll
  - System.Data.Common.dll 10.0.8 at C:\Program Files\dotnet\packs\Microsoft.NETCore.App.Ref\10.0.8\ref\net10.0\System.Data.Common.dll
  - System.Data.DataSetExtensions.dll 10.0.8 at C:\Program Files\dotnet\packs\Microsoft.NETCore.App.Ref\10.0.8\ref\net10.0\System.Data.DataSetExtensions.dll
  - System.Data.dll 10.0.8 at C:\Program Files\dotnet\packs\Microsoft.NETCore.App.Ref\10.0.8\ref\net10.0\System.Data.dll
  - System.Diagnostics.Contracts.dll 10.0.8 at C:\Program Files\dotnet\packs\Microsoft.NETCore.App.Ref\10.0.8\ref\net10.0\System.Diagnostics.Contracts.dll
  - System.Diagnostics.Debug.dll 10.0.8 at C:\Program Files\dotnet\packs\Microsoft.NETCore.App.Ref\10.0.8\ref\net10.0\System.Diagnostics.Debug.dll
  - System.Diagnostics.DiagnosticSource.dll 10.0.8 at C:\Program Files\dotnet\packs\Microsoft.NETCore.App.Ref\10.0.8\ref\net10.0\System.Diagnostics.DiagnosticSource.dll
  - System.Diagnostics.EventLog.dll 10.0.8 at C:\Program Files\dotnet\packs\Microsoft.AspNetCore.App.Ref\10.0.8\ref\net10.0\System.Diagnostics.EventLog.dll
  - System.Diagnostics.FileVersionInfo.dll 10.0.8 at C:\Program Files\dotnet\packs\Microsoft.NETCore.App.Ref\10.0.8\ref\net10.0\System.Diagnostics.FileVersionInfo.dll
  - System.Diagnostics.Process.dll 10.0.8 at C:\Program Files\dotnet\packs\Microsoft.NETCore.App.Ref\10.0.8\ref\net10.0\System.Diagnostics.Process.dll
  - System.Diagnostics.StackTrace.dll 10.0.8 at C:\Program Files\dotnet\packs\Microsoft.NETCore.App.Ref\10.0.8\ref\net10.0\System.Diagnostics.StackTrace.dll
  - System.Diagnostics.TextWriterTraceListener.dll 10.0.8 at C:\Program Files\dotnet\packs\Microsoft.NETCore.App.Ref\10.0.8\ref\net10.0\System.Diagnostics.TextWriterTraceListener.dll
  - System.Diagnostics.Tools.dll 10.0.8 at C:\Program Files\dotnet\packs\Microsoft.NETCore.App.Ref\10.0.8\ref\net10.0\System.Diagnostics.Tools.dll
  - System.Diagnostics.TraceSource.dll 10.0.8 at C:\Program Files\dotnet\packs\Microsoft.NETCore.App.Ref\10.0.8\ref\net10.0\System.Diagnostics.TraceSource.dll
  - System.Diagnostics.Tracing.dll 10.0.8 at C:\Program Files\dotnet\packs\Microsoft.NETCore.App.Ref\10.0.8\ref\net10.0\System.Diagnostics.Tracing.dll
  - System.dll 10.0.8 at C:\Program Files\dotnet\packs\Microsoft.NETCore.App.Ref\10.0.8\ref\net10.0\System.dll
  - System.Drawing.dll 10.0.8 at C:\Program Files\dotnet\packs\Microsoft.NETCore.App.Ref\10.0.8\ref\net10.0\System.Drawing.dll
  - System.Drawing.Primitives.dll 10.0.8 at C:\Program Files\dotnet\packs\Microsoft.NETCore.App.Ref\10.0.8\ref\net10.0\System.Drawing.Primitives.dll
  - System.Dynamic.Runtime.dll 10.0.8 at C:\Program Files\dotnet\packs\Microsoft.NETCore.App.Ref\10.0.8\ref\net10.0\System.Dynamic.Runtime.dll
  - System.Formats.Asn1.dll 10.0.8 at C:\Program Files\dotnet\packs\Microsoft.NETCore.App.Ref\10.0.8\ref\net10.0\System.Formats.Asn1.dll
  - System.Formats.Cbor.dll 10.0.8 at C:\Program Files\dotnet\packs\Microsoft.AspNetCore.App.Ref\10.0.8\ref\net10.0\System.Formats.Cbor.dll
  - System.Formats.Tar.dll 10.0.8 at C:\Program Files\dotnet\packs\Microsoft.NETCore.App.Ref\10.0.8\ref\net10.0\System.Formats.Tar.dll
  - System.Globalization.Calendars.dll 10.0.8 at C:\Program Files\dotnet\packs\Microsoft.NETCore.App.Ref\10.0.8\ref\net10.0\System.Globalization.Calendars.dll
  - System.Globalization.dll 10.0.8 at C:\Program Files\dotnet\packs\Microsoft.NETCore.App.Ref\10.0.8\ref\net10.0\System.Globalization.dll
  - System.Globalization.Extensions.dll 10.0.8 at C:\Program Files\dotnet\packs\Microsoft.NETCore.App.Ref\10.0.8\ref\net10.0\System.Globalization.Extensions.dll
  - System.IO.Compression.Brotli.dll 10.0.8 at C:\Program Files\dotnet\packs\Microsoft.NETCore.App.Ref\10.0.8\ref\net10.0\System.IO.Compression.Brotli.dll
  - System.IO.Compression.dll 10.0.8 at C:\Program Files\dotnet\packs\Microsoft.NETCore.App.Ref\10.0.8\ref\net10.0\System.IO.Compression.dll
  - System.IO.Compression.FileSystem.dll 10.0.8 at C:\Program Files\dotnet\packs\Microsoft.NETCore.App.Ref\10.0.8\ref\net10.0\System.IO.Compression.FileSystem.dll
  - System.IO.Compression.ZipFile.dll 10.0.8 at C:\Program Files\dotnet\packs\Microsoft.NETCore.App.Ref\10.0.8\ref\net10.0\System.IO.Compression.ZipFile.dll
  - System.IO.dll 10.0.8 at C:\Program Files\dotnet\packs\Microsoft.NETCore.App.Ref\10.0.8\ref\net10.0\System.IO.dll
  - System.IO.FileSystem.AccessControl.dll 10.0.8 at C:\Program Files\dotnet\packs\Microsoft.NETCore.App.Ref\10.0.8\ref\net10.0\System.IO.FileSystem.AccessControl.dll
  - System.IO.FileSystem.dll 10.0.8 at C:\Program Files\dotnet\packs\Microsoft.NETCore.App.Ref\10.0.8\ref\net10.0\System.IO.FileSystem.dll
  - System.IO.FileSystem.DriveInfo.dll 10.0.8 at C:\Program Files\dotnet\packs\Microsoft.NETCore.App.Ref\10.0.8\ref\net10.0\System.IO.FileSystem.DriveInfo.dll
  - System.IO.FileSystem.Primitives.dll 10.0.8 at C:\Program Files\dotnet\packs\Microsoft.NETCore.App.Ref\10.0.8\ref\net10.0\System.IO.FileSystem.Primitives.dll
  - System.IO.FileSystem.Watcher.dll 10.0.8 at C:\Program Files\dotnet\packs\Microsoft.NETCore.App.Ref\10.0.8\ref\net10.0\System.IO.FileSystem.Watcher.dll
  - System.IO.IsolatedStorage.dll 10.0.8 at C:\Program Files\dotnet\packs\Microsoft.NETCore.App.Ref\10.0.8\ref\net10.0\System.IO.IsolatedStorage.dll
  - System.IO.MemoryMappedFiles.dll 10.0.8 at C:\Program Files\dotnet\packs\Microsoft.NETCore.App.Ref\10.0.8\ref\net10.0\System.IO.MemoryMappedFiles.dll
  - System.IO.Pipelines.dll 10.0.8 at C:\Program Files\dotnet\packs\Microsoft.NETCore.App.Ref\10.0.8\ref\net10.0\System.IO.Pipelines.dll
  - System.IO.Pipes.AccessControl.dll 10.0.8 at C:\Program Files\dotnet\packs\Microsoft.NETCore.App.Ref\10.0.8\ref\net10.0\System.IO.Pipes.AccessControl.dll
  - System.IO.Pipes.dll 10.0.8 at C:\Program Files\dotnet\packs\Microsoft.NETCore.App.Ref\10.0.8\ref\net10.0\System.IO.Pipes.dll
  - System.IO.UnmanagedMemoryStream.dll 10.0.8 at C:\Program Files\dotnet\packs\Microsoft.NETCore.App.Ref\10.0.8\ref\net10.0\System.IO.UnmanagedMemoryStream.dll
  - System.Linq.AsyncEnumerable.dll 10.0.8 at C:\Program Files\dotnet\packs\Microsoft.NETCore.App.Ref\10.0.8\ref\net10.0\System.Linq.AsyncEnumerable.dll
  - System.Linq.dll 10.0.8 at C:\Program Files\dotnet\packs\Microsoft.NETCore.App.Ref\10.0.8\ref\net10.0\System.Linq.dll
  - System.Linq.Expressions.dll 10.0.8 at C:\Program Files\dotnet\packs\Microsoft.NETCore.App.Ref\10.0.8\ref\net10.0\System.Linq.Expressions.dll
  - System.Linq.Parallel.dll 10.0.8 at C:\Program Files\dotnet\packs\Microsoft.NETCore.App.Ref\10.0.8\ref\net10.0\System.Linq.Parallel.dll
  - System.Linq.Queryable.dll 10.0.8 at C:\Program Files\dotnet\packs\Microsoft.NETCore.App.Ref\10.0.8\ref\net10.0\System.Linq.Queryable.dll
  - System.Memory.dll 10.0.8 at C:\Program Files\dotnet\packs\Microsoft.NETCore.App.Ref\10.0.8\ref\net10.0\System.Memory.dll
  - System.Net.dll 10.0.8 at C:\Program Files\dotnet\packs\Microsoft.NETCore.App.Ref\10.0.8\ref\net10.0\System.Net.dll
  - System.Net.Http.dll 10.0.8 at C:\Program Files\dotnet\packs\Microsoft.NETCore.App.Ref\10.0.8\ref\net10.0\System.Net.Http.dll
  - System.Net.Http.Json.dll 10.0.8 at C:\Program Files\dotnet\packs\Microsoft.NETCore.App.Ref\10.0.8\ref\net10.0\System.Net.Http.Json.dll
  - System.Net.HttpListener.dll 10.0.8 at C:\Program Files\dotnet\packs\Microsoft.NETCore.App.Ref\10.0.8\ref\net10.0\System.Net.HttpListener.dll
  - System.Net.Mail.dll 10.0.8 at C:\Program Files\dotnet\packs\Microsoft.NETCore.App.Ref\10.0.8\ref\net10.0\System.Net.Mail.dll
  - System.Net.NameResolution.dll 10.0.8 at C:\Program Files\dotnet\packs\Microsoft.NETCore.App.Ref\10.0.8\ref\net10.0\System.Net.NameResolution.dll
  - System.Net.NetworkInformation.dll 10.0.8 at C:\Program Files\dotnet\packs\Microsoft.NETCore.App.Ref\10.0.8\ref\net10.0\System.Net.NetworkInformation.dll
  - System.Net.Ping.dll 10.0.8 at C:\Program Files\dotnet\packs\Microsoft.NETCore.App.Ref\10.0.8\ref\net10.0\System.Net.Ping.dll
  - System.Net.Primitives.dll 10.0.8 at C:\Program Files\dotnet\packs\Microsoft.NETCore.App.Ref\10.0.8\ref\net10.0\System.Net.Primitives.dll
  - System.Net.Quic.dll 10.0.8 at C:\Program Files\dotnet\packs\Microsoft.NETCore.App.Ref\10.0.8\ref\net10.0\System.Net.Quic.dll
  - System.Net.Requests.dll 10.0.8 at C:\Program Files\dotnet\packs\Microsoft.NETCore.App.Ref\10.0.8\ref\net10.0\System.Net.Requests.dll
  - System.Net.Security.dll 10.0.8 at C:\Program Files\dotnet\packs\Microsoft.NETCore.App.Ref\10.0.8\ref\net10.0\System.Net.Security.dll
  - System.Net.ServerSentEvents.dll 10.0.8 at C:\Program Files\dotnet\packs\Microsoft.NETCore.App.Ref\10.0.8\ref\net10.0\System.Net.ServerSentEvents.dll
  - System.Net.ServicePoint.dll 10.0.8 at C:\Program Files\dotnet\packs\Microsoft.NETCore.App.Ref\10.0.8\ref\net10.0\System.Net.ServicePoint.dll
  - System.Net.Sockets.dll 10.0.8 at C:\Program Files\dotnet\packs\Microsoft.NETCore.App.Ref\10.0.8\ref\net10.0\System.Net.Sockets.dll
  - System.Net.WebClient.dll 10.0.8 at C:\Program Files\dotnet\packs\Microsoft.NETCore.App.Ref\10.0.8\ref\net10.0\System.Net.WebClient.dll
  - System.Net.WebHeaderCollection.dll 10.0.8 at C:\Program Files\dotnet\packs\Microsoft.NETCore.App.Ref\10.0.8\ref\net10.0\System.Net.WebHeaderCollection.dll
  - System.Net.WebProxy.dll 10.0.8 at C:\Program Files\dotnet\packs\Microsoft.NETCore.App.Ref\10.0.8\ref\net10.0\System.Net.WebProxy.dll
  - System.Net.WebSockets.Client.dll 10.0.8 at C:\Program Files\dotnet\packs\Microsoft.NETCore.App.Ref\10.0.8\ref\net10.0\System.Net.WebSockets.Client.dll
  - System.Net.WebSockets.dll 10.0.8 at C:\Program Files\dotnet\packs\Microsoft.NETCore.App.Ref\10.0.8\ref\net10.0\System.Net.WebSockets.dll
  - System.Numerics.dll 10.0.8 at C:\Program Files\dotnet\packs\Microsoft.NETCore.App.Ref\10.0.8\ref\net10.0\System.Numerics.dll
  - System.Numerics.Tensors.dll 10.0.4 at C:\Users\tddkhanh\.nuget\packages\system.numerics.tensors\10.0.4\lib\net10.0\System.Numerics.Tensors.dll
  - System.Numerics.Vectors.dll 10.0.8 at C:\Program Files\dotnet\packs\Microsoft.NETCore.App.Ref\10.0.8\ref\net10.0\System.Numerics.Vectors.dll
  - System.ObjectModel.dll 10.0.8 at C:\Program Files\dotnet\packs\Microsoft.NETCore.App.Ref\10.0.8\ref\net10.0\System.ObjectModel.dll
  - System.Reflection.DispatchProxy.dll 10.0.8 at C:\Program Files\dotnet\packs\Microsoft.NETCore.App.Ref\10.0.8\ref\net10.0\System.Reflection.DispatchProxy.dll
  - System.Reflection.dll 10.0.8 at C:\Program Files\dotnet\packs\Microsoft.NETCore.App.Ref\10.0.8\ref\net10.0\System.Reflection.dll
  - System.Reflection.Emit.dll 10.0.8 at C:\Program Files\dotnet\packs\Microsoft.NETCore.App.Ref\10.0.8\ref\net10.0\System.Reflection.Emit.dll
  - System.Reflection.Emit.ILGeneration.dll 10.0.8 at C:\Program Files\dotnet\packs\Microsoft.NETCore.App.Ref\10.0.8\ref\net10.0\System.Reflection.Emit.ILGeneration.dll
  - System.Reflection.Emit.Lightweight.dll 10.0.8 at C:\Program Files\dotnet\packs\Microsoft.NETCore.App.Ref\10.0.8\ref\net10.0\System.Reflection.Emit.Lightweight.dll
  - System.Reflection.Extensions.dll 10.0.8 at C:\Program Files\dotnet\packs\Microsoft.NETCore.App.Ref\10.0.8\ref\net10.0\System.Reflection.Extensions.dll
  - System.Reflection.Metadata.dll 10.0.8 at C:\Program Files\dotnet\packs\Microsoft.NETCore.App.Ref\10.0.8\ref\net10.0\System.Reflection.Metadata.dll
  - System.Reflection.Primitives.dll 10.0.8 at C:\Program Files\dotnet\packs\Microsoft.NETCore.App.Ref\10.0.8\ref\net10.0\System.Reflection.Primitives.dll
  - System.Reflection.TypeExtensions.dll 10.0.8 at C:\Program Files\dotnet\packs\Microsoft.NETCore.App.Ref\10.0.8\ref\net10.0\System.Reflection.TypeExtensions.dll
  - System.Resources.Reader.dll 10.0.8 at C:\Program Files\dotnet\packs\Microsoft.NETCore.App.Ref\10.0.8\ref\net10.0\System.Resources.Reader.dll
  - System.Resources.ResourceManager.dll 10.0.8 at C:\Program Files\dotnet\packs\Microsoft.NETCore.App.Ref\10.0.8\ref\net10.0\System.Resources.ResourceManager.dll
  - System.Resources.Writer.dll 10.0.8 at C:\Program Files\dotnet\packs\Microsoft.NETCore.App.Ref\10.0.8\ref\net10.0\System.Resources.Writer.dll
  - System.Runtime.CompilerServices.Unsafe.dll 10.0.8 at C:\Program Files\dotnet\packs\Microsoft.NETCore.App.Ref\10.0.8\ref\net10.0\System.Runtime.CompilerServices.Unsafe.dll
  - System.Runtime.CompilerServices.VisualC.dll 10.0.8 at C:\Program Files\dotnet\packs\Microsoft.NETCore.App.Ref\10.0.8\ref\net10.0\System.Runtime.CompilerServices.VisualC.dll
  - System.Runtime.dll 10.0.8 at C:\Program Files\dotnet\packs\Microsoft.NETCore.App.Ref\10.0.8\ref\net10.0\System.Runtime.dll
  - System.Runtime.Extensions.dll 10.0.8 at C:\Program Files\dotnet\packs\Microsoft.NETCore.App.Ref\10.0.8\ref\net10.0\System.Runtime.Extensions.dll
  - System.Runtime.Handles.dll 10.0.8 at C:\Program Files\dotnet\packs\Microsoft.NETCore.App.Ref\10.0.8\ref\net10.0\System.Runtime.Handles.dll
  - System.Runtime.InteropServices.dll 10.0.8 at C:\Program Files\dotnet\packs\Microsoft.NETCore.App.Ref\10.0.8\ref\net10.0\System.Runtime.InteropServices.dll
  - System.Runtime.InteropServices.JavaScript.dll 10.0.8 at C:\Program Files\dotnet\packs\Microsoft.NETCore.App.Ref\10.0.8\ref\net10.0\System.Runtime.InteropServices.JavaScript.dll
  - System.Runtime.InteropServices.RuntimeInformation.dll 10.0.8 at C:\Program Files\dotnet\packs\Microsoft.NETCore.App.Ref\10.0.8\ref\net10.0\System.Runtime.InteropServices.RuntimeInformation.dll
  - System.Runtime.Intrinsics.dll 10.0.8 at C:\Program Files\dotnet\packs\Microsoft.NETCore.App.Ref\10.0.8\ref\net10.0\System.Runtime.Intrinsics.dll
  - System.Runtime.Loader.dll 10.0.8 at C:\Program Files\dotnet\packs\Microsoft.NETCore.App.Ref\10.0.8\ref\net10.0\System.Runtime.Loader.dll
  - System.Runtime.Numerics.dll 10.0.8 at C:\Program Files\dotnet\packs\Microsoft.NETCore.App.Ref\10.0.8\ref\net10.0\System.Runtime.Numerics.dll
  - System.Runtime.Serialization.dll 10.0.8 at C:\Program Files\dotnet\packs\Microsoft.NETCore.App.Ref\10.0.8\ref\net10.0\System.Runtime.Serialization.dll
  - System.Runtime.Serialization.Formatters.dll 10.0.8 at C:\Program Files\dotnet\packs\Microsoft.NETCore.App.Ref\10.0.8\ref\net10.0\System.Runtime.Serialization.Formatters.dll
  - System.Runtime.Serialization.Json.dll 10.0.8 at C:\Program Files\dotnet\packs\Microsoft.NETCore.App.Ref\10.0.8\ref\net10.0\System.Runtime.Serialization.Json.dll
  - System.Runtime.Serialization.Primitives.dll 10.0.8 at C:\Program Files\dotnet\packs\Microsoft.NETCore.App.Ref\10.0.8\ref\net10.0\System.Runtime.Serialization.Primitives.dll
  - System.Runtime.Serialization.Xml.dll 10.0.8 at C:\Program Files\dotnet\packs\Microsoft.NETCore.App.Ref\10.0.8\ref\net10.0\System.Runtime.Serialization.Xml.dll
  - System.Security.AccessControl.dll 10.0.8 at C:\Program Files\dotnet\packs\Microsoft.NETCore.App.Ref\10.0.8\ref\net10.0\System.Security.AccessControl.dll
  - System.Security.Claims.dll 10.0.8 at C:\Program Files\dotnet\packs\Microsoft.NETCore.App.Ref\10.0.8\ref\net10.0\System.Security.Claims.dll
  - System.Security.Cryptography.Algorithms.dll 10.0.8 at C:\Program Files\dotnet\packs\Microsoft.NETCore.App.Ref\10.0.8\ref\net10.0\System.Security.Cryptography.Algorithms.dll
  - System.Security.Cryptography.Cng.dll 10.0.8 at C:\Program Files\dotnet\packs\Microsoft.NETCore.App.Ref\10.0.8\ref\net10.0\System.Security.Cryptography.Cng.dll
  - System.Security.Cryptography.Csp.dll 10.0.8 at C:\Program Files\dotnet\packs\Microsoft.NETCore.App.Ref\10.0.8\ref\net10.0\System.Security.Cryptography.Csp.dll
  - System.Security.Cryptography.dll 10.0.8 at C:\Program Files\dotnet\packs\Microsoft.NETCore.App.Ref\10.0.8\ref\net10.0\System.Security.Cryptography.dll
  - System.Security.Cryptography.Encoding.dll 10.0.8 at C:\Program Files\dotnet\packs\Microsoft.NETCore.App.Ref\10.0.8\ref\net10.0\System.Security.Cryptography.Encoding.dll
  - System.Security.Cryptography.OpenSsl.dll 10.0.8 at C:\Program Files\dotnet\packs\Microsoft.NETCore.App.Ref\10.0.8\ref\net10.0\System.Security.Cryptography.OpenSsl.dll
  - System.Security.Cryptography.Pkcs.dll 9.0.9 at C:\Users\tddkhanh\.nuget\packages\system.security.cryptography.pkcs\9.0.9\lib\net9.0\System.Security.Cryptography.Pkcs.dll
  - System.Security.Cryptography.Primitives.dll 10.0.8 at C:\Program Files\dotnet\packs\Microsoft.NETCore.App.Ref\10.0.8\ref\net10.0\System.Security.Cryptography.Primitives.dll
  - System.Security.Cryptography.X509Certificates.dll 10.0.8 at C:\Program Files\dotnet\packs\Microsoft.NETCore.App.Ref\10.0.8\ref\net10.0\System.Security.Cryptography.X509Certificates.dll
  - System.Security.Cryptography.Xml.dll 10.0.8 at C:\Program Files\dotnet\packs\Microsoft.AspNetCore.App.Ref\10.0.8\ref\net10.0\System.Security.Cryptography.Xml.dll
  - System.Security.dll 10.0.8 at C:\Program Files\dotnet\packs\Microsoft.NETCore.App.Ref\10.0.8\ref\net10.0\System.Security.dll
  - System.Security.Principal.dll 10.0.8 at C:\Program Files\dotnet\packs\Microsoft.NETCore.App.Ref\10.0.8\ref\net10.0\System.Security.Principal.dll
  - System.Security.Principal.Windows.dll 10.0.8 at C:\Program Files\dotnet\packs\Microsoft.NETCore.App.Ref\10.0.8\ref\net10.0\System.Security.Principal.Windows.dll
  - System.Security.SecureString.dll 10.0.8 at C:\Program Files\dotnet\packs\Microsoft.NETCore.App.Ref\10.0.8\ref\net10.0\System.Security.SecureString.dll
  - System.ServiceModel.Web.dll 10.0.8 at C:\Program Files\dotnet\packs\Microsoft.NETCore.App.Ref\10.0.8\ref\net10.0\System.ServiceModel.Web.dll
  - System.ServiceProcess.dll 10.0.8 at C:\Program Files\dotnet\packs\Microsoft.NETCore.App.Ref\10.0.8\ref\net10.0\System.ServiceProcess.dll
  - System.Text.Encoding.CodePages.dll 10.0.8 at C:\Program Files\dotnet\packs\Microsoft.NETCore.App.Ref\10.0.8\ref\net10.0\System.Text.Encoding.CodePages.dll
  - System.Text.Encoding.dll 10.0.8 at C:\Program Files\dotnet\packs\Microsoft.NETCore.App.Ref\10.0.8\ref\net10.0\System.Text.Encoding.dll
  - System.Text.Encoding.Extensions.dll 10.0.8 at C:\Program Files\dotnet\packs\Microsoft.NETCore.App.Ref\10.0.8\ref\net10.0\System.Text.Encoding.Extensions.dll
  - System.Text.Encodings.Web.dll 10.0.8 at C:\Program Files\dotnet\packs\Microsoft.NETCore.App.Ref\10.0.8\ref\net10.0\System.Text.Encodings.Web.dll
  - System.Text.Json.dll 10.0.8 at C:\Program Files\dotnet\packs\Microsoft.NETCore.App.Ref\10.0.8\ref\net10.0\System.Text.Json.dll
  - System.Text.RegularExpressions.dll 10.0.8 at C:\Program Files\dotnet\packs\Microsoft.NETCore.App.Ref\10.0.8\ref\net10.0\System.Text.RegularExpressions.dll
  - System.Threading.AccessControl.dll 10.0.8 at C:\Program Files\dotnet\packs\Microsoft.NETCore.App.Ref\10.0.8\ref\net10.0\System.Threading.AccessControl.dll
  - System.Threading.Channels.dll 10.0.8 at C:\Program Files\dotnet\packs\Microsoft.NETCore.App.Ref\10.0.8\ref\net10.0\System.Threading.Channels.dll
  - System.Threading.dll 10.0.8 at C:\Program Files\dotnet\packs\Microsoft.NETCore.App.Ref\10.0.8\ref\net10.0\System.Threading.dll
  - System.Threading.Overlapped.dll 10.0.8 at C:\Program Files\dotnet\packs\Microsoft.NETCore.App.Ref\10.0.8\ref\net10.0\System.Threading.Overlapped.dll
  - System.Threading.RateLimiting.dll 10.0.8 at C:\Program Files\dotnet\packs\Microsoft.AspNetCore.App.Ref\10.0.8\ref\net10.0\System.Threading.RateLimiting.dll
  - System.Threading.Tasks.Dataflow.dll 10.0.8 at C:\Program Files\dotnet\packs\Microsoft.NETCore.App.Ref\10.0.8\ref\net10.0\System.Threading.Tasks.Dataflow.dll
  - System.Threading.Tasks.dll 10.0.8 at C:\Program Files\dotnet\packs\Microsoft.NETCore.App.Ref\10.0.8\ref\net10.0\System.Threading.Tasks.dll
  - System.Threading.Tasks.Extensions.dll 10.0.8 at C:\Program Files\dotnet\packs\Microsoft.NETCore.App.Ref\10.0.8\ref\net10.0\System.Threading.Tasks.Extensions.dll
  - System.Threading.Tasks.Parallel.dll 10.0.8 at C:\Program Files\dotnet\packs\Microsoft.NETCore.App.Ref\10.0.8\ref\net10.0\System.Threading.Tasks.Parallel.dll
  - System.Threading.Thread.dll 10.0.8 at C:\Program Files\dotnet\packs\Microsoft.NETCore.App.Ref\10.0.8\ref\net10.0\System.Threading.Thread.dll
  - System.Threading.ThreadPool.dll 10.0.8 at C:\Program Files\dotnet\packs\Microsoft.NETCore.App.Ref\10.0.8\ref\net10.0\System.Threading.ThreadPool.dll
  - System.Threading.Timer.dll 10.0.8 at C:\Program Files\dotnet\packs\Microsoft.NETCore.App.Ref\10.0.8\ref\net10.0\System.Threading.Timer.dll
  - System.Transactions.dll 10.0.8 at C:\Program Files\dotnet\packs\Microsoft.NETCore.App.Ref\10.0.8\ref\net10.0\System.Transactions.dll
  - System.Transactions.Local.dll 10.0.8 at C:\Program Files\dotnet\packs\Microsoft.NETCore.App.Ref\10.0.8\ref\net10.0\System.Transactions.Local.dll
  - System.ValueTuple.dll 10.0.8 at C:\Program Files\dotnet\packs\Microsoft.NETCore.App.Ref\10.0.8\ref\net10.0\System.ValueTuple.dll
  - System.Web.dll 10.0.8 at C:\Program Files\dotnet\packs\Microsoft.NETCore.App.Ref\10.0.8\ref\net10.0\System.Web.dll
  - System.Web.HttpUtility.dll 10.0.8 at C:\Program Files\dotnet\packs\Microsoft.NETCore.App.Ref\10.0.8\ref\net10.0\System.Web.HttpUtility.dll
  - System.Windows.dll 10.0.8 at C:\Program Files\dotnet\packs\Microsoft.NETCore.App.Ref\10.0.8\ref\net10.0\System.Windows.dll
  - System.Xml.dll 10.0.8 at C:\Program Files\dotnet\packs\Microsoft.NETCore.App.Ref\10.0.8\ref\net10.0\System.Xml.dll
  - System.Xml.Linq.dll 10.0.8 at C:\Program Files\dotnet\packs\Microsoft.NETCore.App.Ref\10.0.8\ref\net10.0\System.Xml.Linq.dll
  - System.Xml.ReaderWriter.dll 10.0.8 at C:\Program Files\dotnet\packs\Microsoft.NETCore.App.Ref\10.0.8\ref\net10.0\System.Xml.ReaderWriter.dll
  - System.Xml.Serialization.dll 10.0.8 at C:\Program Files\dotnet\packs\Microsoft.NETCore.App.Ref\10.0.8\ref\net10.0\System.Xml.Serialization.dll
  - System.Xml.XDocument.dll 10.0.8 at C:\Program Files\dotnet\packs\Microsoft.NETCore.App.Ref\10.0.8\ref\net10.0\System.Xml.XDocument.dll
  - System.Xml.XmlDocument.dll 10.0.8 at C:\Program Files\dotnet\packs\Microsoft.NETCore.App.Ref\10.0.8\ref\net10.0\System.Xml.XmlDocument.dll
  - System.Xml.XmlSerializer.dll 10.0.8 at C:\Program Files\dotnet\packs\Microsoft.NETCore.App.Ref\10.0.8\ref\net10.0\System.Xml.XmlSerializer.dll
  - System.Xml.XPath.dll 10.0.8 at C:\Program Files\dotnet\packs\Microsoft.NETCore.App.Ref\10.0.8\ref\net10.0\System.Xml.XPath.dll
  - System.Xml.XPath.XDocument.dll 10.0.8 at C:\Program Files\dotnet\packs\Microsoft.NETCore.App.Ref\10.0.8\ref\net10.0\System.Xml.XPath.XDocument.dll
  - Telerik.AI.SmartComponents.Extensions.dll 2.2.1 at C:\Users\tddkhanh\.nuget\packages\telerik.ai.smartcomponents.extensions\2.2.1\lib\net8.0\Telerik.AI.SmartComponents.Extensions.dll
  - Telerik.Blazor.dll 14.0.0 at C:\Users\tddkhanh\.nuget\packages\telerik.ui.for.blazor\14.0.0\lib\net8.0\Telerik.Blazor.dll
  - Telerik.DataSource.dll 4.1.0 at C:\Users\tddkhanh\.nuget\packages\telerik.datasource\4.1.0\lib\net8.0\Telerik.DataSource.dll
  - Telerik.Documents.Core.dll 2026.2.519 at C:\Users\tddkhanh\.nuget\packages\telerik.documents.core\2026.2.519\lib\netstandard2.0\Telerik.Documents.Core.dll
  - Telerik.Documents.Fixed.dll 2026.2.519 at C:\Users\tddkhanh\.nuget\packages\telerik.documents.fixed\2026.2.519\lib\netstandard2.0\Telerik.Documents.Fixed.dll
  - Telerik.Documents.Spreadsheet.dll 2026.2.519 at C:\Users\tddkhanh\.nuget\packages\telerik.documents.spreadsheet\2026.2.519\lib\netstandard2.0\Telerik.Documents.Spreadsheet.dll
  - Telerik.Documents.Spreadsheet.FormatProviders.Pdf.dll 2026.2.519 at C:\Users\tddkhanh\.nuget\packages\telerik.documents.spreadsheet.formatproviders.pdf\2026.2.519\lib\netstandard2.0\Telerik.Documents.Spreadsheet.FormatProviders.Pdf.dll
  - Telerik.Documents.SpreadsheetStreaming.dll 2026.2.519 at C:\Users\tddkhanh\.nuget\packages\telerik.documents.spreadsheetstreaming\2026.2.519\lib\netstandard2.0\Telerik.Documents.SpreadsheetStreaming.dll
  - Telerik.FontIcons.dll 4.9.2 at C:\Users\tddkhanh\.nuget\packages\telerik.fonticons\4.9.2\lib\netstandard2.0\Telerik.FontIcons.dll
  - Telerik.Licensing.Runtime.dll 1.8.2 at C:\Users\tddkhanh\.nuget\packages\telerik.licensing\1.8.2\lib\net10.0\Telerik.Licensing.Runtime.dll
  - Telerik.Pivot.Core.dll 1.0.0 at C:\Users\tddkhanh\.nuget\packages\telerik.pivot.core\1.0.0\lib\net8.0\Telerik.Pivot.Core.dll
  - Telerik.Pivot.DataProviders.Xmla.dll 1.0.0 at C:\Users\tddkhanh\.nuget\packages\telerik.pivot.dataproviders.xmla\1.0.0\lib\net8.0\Telerik.Pivot.DataProviders.Xmla.dll
  - Telerik.Recurrence.dll 1.0.0 at C:\Users\tddkhanh\.nuget\packages\telerik.recurrence\1.0.0\lib\net8.0\Telerik.Recurrence.dll
  - Telerik.SvgIcons.dll 4.9.2 at C:\Users\tddkhanh\.nuget\packages\telerik.svgicons\4.9.2\lib\netstandard2.0\Telerik.SvgIcons.dll
  - Telerik.Zip.dll 2026.2.519 at C:\Users\tddkhanh\.nuget\packages\telerik.zip\2026.2.519\lib\netstandard2.0\Telerik.Zip.dll
  - WindowsBase.dll 10.0.8 at C:\Program Files\dotnet\packs\Microsoft.NETCore.App.Ref\10.0.8\ref\net10.0\WindowsBase.dll
  MachineId=T67PQYIlb9W6VOVNpg1C57e7U0Q=

[2026-05-29 02:24:24.437] [Low]   Looking for Telerik product metadata in referenced assemblies
      - C:\Users\tddkhanh\.nuget\packages\telerik.ui.for.blazor\14.0.0\lib\net8.0\Telerik.Blazor.dll
        ProductCode: BLAZOR, LicenseDate: 2026-05-20, ProductName: Telerik UI for Blazor, ProductVersion: 14.0.0.0, Flags: None
        Transitive product references:
        - DPL 2026-05-19 (redistributed by: RCWPF;RCWF;MAUI;UIXAM;WINUI;RCAJAX;KENDOUIMVC;UIASPCORE;BLAZOR) Telerik Document Processing Libraries 2026.2.519.20
      - C:\Users\tddkhanh\.nuget\packages\telerik.documents.core\2026.2.519\lib\netstandard2.0\Telerik.Documents.Core.dll
        ProductCode: DPL, LicenseDate: 2026-05-19, Redistributed By: RCWPF, RCWF, MAUI, UIXAM, WINUI, RCAJAX, KENDOUIMVC, UIASPCORE, BLAZOR, ProductName: Telerik Document Processing Libraries, ProductVersion: 2026.2.519.20, Flags: None
      - C:\Users\tddkhanh\.nuget\packages\telerik.documents.fixed\2026.2.519\lib\netstandard2.0\Telerik.Documents.Fixed.dll
        ProductCode: DPL, LicenseDate: 2026-05-19, Redistributed By: RCWPF, RCWF, MAUI, UIXAM, WINUI, RCAJAX, KENDOUIMVC, UIASPCORE, BLAZOR, ProductName: Telerik Document Processing Libraries, ProductVersion: 2026.2.519.20, Flags: None
      - C:\Users\tddkhanh\.nuget\packages\telerik.documents.spreadsheet\2026.2.519\lib\netstandard2.0\Telerik.Documents.Spreadsheet.dll
        ProductCode: DPL, LicenseDate: 2026-05-19, Redistributed By: RCWPF, RCWF, MAUI, UIXAM, WINUI, RCAJAX, KENDOUIMVC, UIASPCORE, BLAZOR, ProductName: Telerik Document Processing Libraries, ProductVersion: 2026.2.519.20, Flags: None
      - C:\Users\tddkhanh\.nuget\packages\telerik.documents.spreadsheet.formatproviders.pdf\2026.2.519\lib\netstandard2.0\Telerik.Documents.Spreadsheet.FormatProviders.Pdf.dll
        ProductCode: DPL, LicenseDate: 2026-05-19, Redistributed By: RCWPF, RCWF, MAUI, UIXAM, WINUI, RCAJAX, KENDOUIMVC, UIASPCORE, BLAZOR, ProductName: Telerik Document Processing Libraries, ProductVersion: 2026.2.519.20, Flags: None
      - C:\Users\tddkhanh\.nuget\packages\telerik.documents.spreadsheetstreaming\2026.2.519\lib\netstandard2.0\Telerik.Documents.SpreadsheetStreaming.dll
        ProductCode: DPL, LicenseDate: 2026-05-19, Redistributed By: RCWPF, RCWF, MAUI, UIXAM, WINUI, RCAJAX, KENDOUIMVC, UIASPCORE, BLAZOR, ProductName: Telerik Document Processing Libraries, ProductVersion: 2026.2.519.20, Flags: None
      - C:\Users\tddkhanh\.nuget\packages\telerik.zip\2026.2.519\lib\netstandard2.0\Telerik.Zip.dll
        ProductCode: DPL, LicenseDate: 2026-05-19, Redistributed By: RCWPF, RCWF, MAUI, UIXAM, WINUI, RCAJAX, KENDOUIMVC, UIASPCORE, BLAZOR, ProductName: Telerik Document Processing Libraries, ProductVersion: 2026.2.519.20, Flags: None
      Unique Products:
      - "Telerik UI for Blazor" (BLAZOR) 14.0.0.0 @2026-05-20
      - "Telerik Document Processing Libraries" (DPL) 2026.2.519.20 @2026-05-19
      Found a total of 2 referenced Telerik products for net10.0

[2026-05-29 02:24:24.455] [Low]   Provision Licensing
        Looking up license file...
        - EnvironmentVariablePath: TELERIK_LICENSE_PATH (NotAvailable)
        - EnvironmentVariable: TELERIK_LICENSE (NotAvailable)
        - EnvironmentVariable: KENDO_UI_LICENSE (NotAvailable)
        - RecursiveFilePath: D:\Code\Blazor\TelerikGrid\TelerikGrid\telerik-license.txt (NotAvailable)
        - RecursiveFilePath: D:\Code\Blazor\TelerikGrid\TelerikGrid\kendo-ui-license.txt (NotAvailable)
        - RecursiveFilePath: D:\Code\Blazor\TelerikGrid\telerik-license.txt (NotAvailable)
        - RecursiveFilePath: D:\Code\Blazor\TelerikGrid\kendo-ui-license.txt (NotAvailable)
        - RecursiveFilePath: D:\Code\Blazor\telerik-license.txt (NotAvailable)
        - RecursiveFilePath: D:\Code\Blazor\kendo-ui-license.txt (NotAvailable)
        - RecursiveFilePath: D:\Code\telerik-license.txt (NotAvailable)
        - RecursiveFilePath: D:\Code\kendo-ui-license.txt (NotAvailable)
        - RecursiveFilePath: D:\telerik-license.txt (NotAvailable)
        - RecursiveFilePath: D:\kendo-ui-license.txt (NotAvailable)
        - UserDirectory: C:\Users\tddkhanh\AppData\Roaming\Telerik\telerik-license.txt (LicenseFound)
        - UserDirectory: C:\Users\tddkhanh\AppData\Roaming\Telerik\kendo-ui-license.txt (Skip)
        LicenseKey
        - AUD: t************@g****.com
        - UsedId: 344ca679-260a-4541-b9a7-cafe8537ed1f
        - LicenseId: de0ab21e-4a76-46d5-b1d8-a860fc8a108a
        - IssuedAt: 5/27/2026 11:20:30 PM
        - Licenses
          0) Trial BLAZOR, expiration 6/26/2026 3:27:27 AM, type: 'trial'
          1) Usage UserId: 344ca679-260a-4541-b9a7-cafe8537ed1f, LicenseId: de0ab21e-4a76-46d5-b1d8-a860fc8a108a, type: 'usage'

[2026-05-29 02:24:24.459] [Low]   License Resolution
        Messages
          - License OK for "Telerik UI for Blazor" (BLAZOR) 14.0.0.0 @2026-05-20 - Trial, valid until 2026-06-26.
          - License OK for "Telerik Document Processing Libraries" (DPL) 2026.2.519.20 @2026-05-19 - Trial for BLAZOR, valid until 2026-06-26.
        JWTs
          - eyJhbGciOiJSUzI1NiIsInR5cCI6IlRlbGVyaWsgTGljZW5zZSBFdmlkZW5jZSJ9.eyJjb2RlIjoiQkxBWk9SIiwidHlwZSI6InRyaWFsIiwiZXhwaXJhdGlvbiI6MTc4MjQ0NDQ0NywidXNlcklkIjoiMzQ0Y2E2NzktMjYwYS00NTQxLWI5YTctY2FmZTg1MzdlZDFmIiwibGljZW5zZUlkIjoiZGUwYWIyMWUtNGE3Ni00NmQ1LWIxZDgtYTg2MGZjOGExMDhhIn0.zRRYGeaQHW_-AN5jMEypWMNjOlATOXZHpV5AHN3NlbngssoYs7K9y_qOaxXPcylCIl3h5K6r9iwFKWe9xaIU0G-MXBTvRZpfbkiZtrYp4puaC1ONeHElHT_DqQnoqIb93UpJOBwO4SFWFzoHgPYcY7w8xTV82tVxIgXFRxwPyfGNrV7rD2oGDM3cvIFGOQT4i5dO67MzBDduG-4R9bofmMXKaj0qv69aM44f6A8t2DOPWIgTIqNcjp69XT-RM9i1zLy3sNEvrb9nntBRNqqXoj2OZtPiSjDFA6s-WWJkTpLuvZHieCL2T3LY_H0WNG2LHsYc2l4FPDttY99f0L27IA
        Licenses
          - License OK for "Telerik UI for Blazor" (BLAZOR) 14.0.0.0 @2026-05-20 - Trial, valid until 2026-06-26.
          - License OK for "Telerik Document Processing Libraries" (DPL) 2026.2.519.20 @2026-05-19 - Trial for BLAZOR, valid until 2026-06-26.

[2026-05-29 02:24:24.461] [Low] OutputType: Exe, ImportXamlTargets: False
[2026-05-29 02:24:24.461] [Low] LicenseEvidence CodeGen: Up to date!
[2026-05-29 02:24:24.472] [Low] 
      Call-Home Telerik Products (2 for net10.0)
      - "Telerik UI for Blazor" (BLAZOR) 14.0.0
      - "DPL" (DPL) 2026.2.519

[2026-05-29 02:24:24.472] [Low] 
[2026-05-29 02:24:24.473] [Low] 
      Call-Home Telerik Features (0 for net10.0)

[2026-05-29 02:24:24.473] [Low] 
[2026-05-29 02:24:24.505] [Low]   Report Telerik.Licensing
        UserId: 344ca679-260a-4541-b9a7-cafe8537ed1f
        LicenseId: de0ab21e-4a76-46d5-b1d8-a860fc8a108a
        Products
        - LicenseUsed BLAZOR 14.0.0.0 SKIPPED
        - LicenseUsed DPL 2026.2.519.20 SKIPPED
      Report finished in 00:00:00.0305797

[2026-05-29 02:24:24.506] [Low]   Sending Telemetry...
[2026-05-29 02:24:24.526] [Low]   Metrics done 00:00:00.0208929
[2026-05-29 02:24:24.528] [Normal] Resolve Telerik Products. Done (00:00:00.1978870) for net10.0
[2026-05-29 02:37:40.367] [Normal] Resolve Telerik Products.
  MSBuildProjectName=TelerikGrid
  MSBuildProjectDirectory=D:\Code\Blazor\TelerikGrid\TelerikGrid
  MSBuildProjectExtension=.csproj
  Language=C#
  OutputPath=bin\Debug\net10.0\
  Platform=AnyCPU
  TargetFramework=net10.0
  TargetFrameworks=
  TargetFrameworkVersion=v10.0
  VisualStudioVersion=18.0
  UsingMicrosoftNETSdk=true
  UsingMicrosoftNETSdkRazor=true
  UsingMicrosoftNETSdkWeb=true
  ImportXamlTargets=False
  OutputType=Exe
  UseMaui=
  NuGetPackageRoot=C:\Users\tddkhanh\.nuget\packages\

  PackageReferences
  - Telerik.UI.for.Blazor 14.0.0
  - Microsoft.AspNetCore.App.Internal.Assets 10.0.8
  ReferencePaths
  - Microsoft.AspNetCore.Antiforgery.dll 10.0.8 at C:\Program Files\dotnet\packs\Microsoft.AspNetCore.App.Ref\10.0.8\ref\net10.0\Microsoft.AspNetCore.Antiforgery.dll
  - Microsoft.AspNetCore.Authentication.Abstractions.dll 10.0.8 at C:\Program Files\dotnet\packs\Microsoft.AspNetCore.App.Ref\10.0.8\ref\net10.0\Microsoft.AspNetCore.Authentication.Abstractions.dll
  - Microsoft.AspNetCore.Authentication.BearerToken.dll 10.0.8 at C:\Program Files\dotnet\packs\Microsoft.AspNetCore.App.Ref\10.0.8\ref\net10.0\Microsoft.AspNetCore.Authentication.BearerToken.dll
  - Microsoft.AspNetCore.Authentication.Cookies.dll 10.0.8 at C:\Program Files\dotnet\packs\Microsoft.AspNetCore.App.Ref\10.0.8\ref\net10.0\Microsoft.AspNetCore.Authentication.Cookies.dll
  - Microsoft.AspNetCore.Authentication.Core.dll 10.0.8 at C:\Program Files\dotnet\packs\Microsoft.AspNetCore.App.Ref\10.0.8\ref\net10.0\Microsoft.AspNetCore.Authentication.Core.dll
  - Microsoft.AspNetCore.Authentication.dll 10.0.8 at C:\Program Files\dotnet\packs\Microsoft.AspNetCore.App.Ref\10.0.8\ref\net10.0\Microsoft.AspNetCore.Authentication.dll
  - Microsoft.AspNetCore.Authentication.OAuth.dll 10.0.8 at C:\Program Files\dotnet\packs\Microsoft.AspNetCore.App.Ref\10.0.8\ref\net10.0\Microsoft.AspNetCore.Authentication.OAuth.dll
  - Microsoft.AspNetCore.Authorization.dll 10.0.8 at C:\Program Files\dotnet\packs\Microsoft.AspNetCore.App.Ref\10.0.8\ref\net10.0\Microsoft.AspNetCore.Authorization.dll
  - Microsoft.AspNetCore.Authorization.Policy.dll 10.0.8 at C:\Program Files\dotnet\packs\Microsoft.AspNetCore.App.Ref\10.0.8\ref\net10.0\Microsoft.AspNetCore.Authorization.Policy.dll
  - Microsoft.AspNetCore.Components.Authorization.dll 10.0.8 at C:\Program Files\dotnet\packs\Microsoft.AspNetCore.App.Ref\10.0.8\ref\net10.0\Microsoft.AspNetCore.Components.Authorization.dll
  - Microsoft.AspNetCore.Components.dll 10.0.8 at C:\Program Files\dotnet\packs\Microsoft.AspNetCore.App.Ref\10.0.8\ref\net10.0\Microsoft.AspNetCore.Components.dll
  - Microsoft.AspNetCore.Components.Endpoints.dll 10.0.8 at C:\Program Files\dotnet\packs\Microsoft.AspNetCore.App.Ref\10.0.8\ref\net10.0\Microsoft.AspNetCore.Components.Endpoints.dll
  - Microsoft.AspNetCore.Components.Forms.dll 10.0.8 at C:\Program Files\dotnet\packs\Microsoft.AspNetCore.App.Ref\10.0.8\ref\net10.0\Microsoft.AspNetCore.Components.Forms.dll
  - Microsoft.AspNetCore.Components.Server.dll 10.0.8 at C:\Program Files\dotnet\packs\Microsoft.AspNetCore.App.Ref\10.0.8\ref\net10.0\Microsoft.AspNetCore.Components.Server.dll
  - Microsoft.AspNetCore.Components.Web.dll 10.0.8 at C:\Program Files\dotnet\packs\Microsoft.AspNetCore.App.Ref\10.0.8\ref\net10.0\Microsoft.AspNetCore.Components.Web.dll
  - Microsoft.AspNetCore.Connections.Abstractions.dll 10.0.8 at C:\Program Files\dotnet\packs\Microsoft.AspNetCore.App.Ref\10.0.8\ref\net10.0\Microsoft.AspNetCore.Connections.Abstractions.dll
  - Microsoft.AspNetCore.CookiePolicy.dll 10.0.8 at C:\Program Files\dotnet\packs\Microsoft.AspNetCore.App.Ref\10.0.8\ref\net10.0\Microsoft.AspNetCore.CookiePolicy.dll
  - Microsoft.AspNetCore.Cors.dll 10.0.8 at C:\Program Files\dotnet\packs\Microsoft.AspNetCore.App.Ref\10.0.8\ref\net10.0\Microsoft.AspNetCore.Cors.dll
  - Microsoft.AspNetCore.Cryptography.Internal.dll 10.0.8 at C:\Program Files\dotnet\packs\Microsoft.AspNetCore.App.Ref\10.0.8\ref\net10.0\Microsoft.AspNetCore.Cryptography.Internal.dll
  - Microsoft.AspNetCore.Cryptography.KeyDerivation.dll 10.0.8 at C:\Program Files\dotnet\packs\Microsoft.AspNetCore.App.Ref\10.0.8\ref\net10.0\Microsoft.AspNetCore.Cryptography.KeyDerivation.dll
  - Microsoft.AspNetCore.DataProtection.Abstractions.dll 10.0.8 at C:\Program Files\dotnet\packs\Microsoft.AspNetCore.App.Ref\10.0.8\ref\net10.0\Microsoft.AspNetCore.DataProtection.Abstractions.dll
  - Microsoft.AspNetCore.DataProtection.dll 10.0.8 at C:\Program Files\dotnet\packs\Microsoft.AspNetCore.App.Ref\10.0.8\ref\net10.0\Microsoft.AspNetCore.DataProtection.dll
  - Microsoft.AspNetCore.DataProtection.Extensions.dll 10.0.8 at C:\Program Files\dotnet\packs\Microsoft.AspNetCore.App.Ref\10.0.8\ref\net10.0\Microsoft.AspNetCore.DataProtection.Extensions.dll
  - Microsoft.AspNetCore.Diagnostics.Abstractions.dll 10.0.8 at C:\Program Files\dotnet\packs\Microsoft.AspNetCore.App.Ref\10.0.8\ref\net10.0\Microsoft.AspNetCore.Diagnostics.Abstractions.dll
  - Microsoft.AspNetCore.Diagnostics.dll 10.0.8 at C:\Program Files\dotnet\packs\Microsoft.AspNetCore.App.Ref\10.0.8\ref\net10.0\Microsoft.AspNetCore.Diagnostics.dll
  - Microsoft.AspNetCore.Diagnostics.HealthChecks.dll 10.0.8 at C:\Program Files\dotnet\packs\Microsoft.AspNetCore.App.Ref\10.0.8\ref\net10.0\Microsoft.AspNetCore.Diagnostics.HealthChecks.dll
  - Microsoft.AspNetCore.dll 10.0.8 at C:\Program Files\dotnet\packs\Microsoft.AspNetCore.App.Ref\10.0.8\ref\net10.0\Microsoft.AspNetCore.dll
  - Microsoft.AspNetCore.HostFiltering.dll 10.0.8 at C:\Program Files\dotnet\packs\Microsoft.AspNetCore.App.Ref\10.0.8\ref\net10.0\Microsoft.AspNetCore.HostFiltering.dll
  - Microsoft.AspNetCore.Hosting.Abstractions.dll 10.0.8 at C:\Program Files\dotnet\packs\Microsoft.AspNetCore.App.Ref\10.0.8\ref\net10.0\Microsoft.AspNetCore.Hosting.Abstractions.dll
  - Microsoft.AspNetCore.Hosting.dll 10.0.8 at C:\Program Files\dotnet\packs\Microsoft.AspNetCore.App.Ref\10.0.8\ref\net10.0\Microsoft.AspNetCore.Hosting.dll
  - Microsoft.AspNetCore.Hosting.Server.Abstractions.dll 10.0.8 at C:\Program Files\dotnet\packs\Microsoft.AspNetCore.App.Ref\10.0.8\ref\net10.0\Microsoft.AspNetCore.Hosting.Server.Abstractions.dll
  - Microsoft.AspNetCore.Html.Abstractions.dll 10.0.8 at C:\Program Files\dotnet\packs\Microsoft.AspNetCore.App.Ref\10.0.8\ref\net10.0\Microsoft.AspNetCore.Html.Abstractions.dll
  - Microsoft.AspNetCore.Http.Abstractions.dll 10.0.8 at C:\Program Files\dotnet\packs\Microsoft.AspNetCore.App.Ref\10.0.8\ref\net10.0\Microsoft.AspNetCore.Http.Abstractions.dll
  - Microsoft.AspNetCore.Http.Connections.Common.dll 10.0.8 at C:\Program Files\dotnet\packs\Microsoft.AspNetCore.App.Ref\10.0.8\ref\net10.0\Microsoft.AspNetCore.Http.Connections.Common.dll
  - Microsoft.AspNetCore.Http.Connections.dll 10.0.8 at C:\Program Files\dotnet\packs\Microsoft.AspNetCore.App.Ref\10.0.8\ref\net10.0\Microsoft.AspNetCore.Http.Connections.dll
  - Microsoft.AspNetCore.Http.dll 10.0.8 at C:\Program Files\dotnet\packs\Microsoft.AspNetCore.App.Ref\10.0.8\ref\net10.0\Microsoft.AspNetCore.Http.dll
  - Microsoft.AspNetCore.Http.Extensions.dll 10.0.8 at C:\Program Files\dotnet\packs\Microsoft.AspNetCore.App.Ref\10.0.8\ref\net10.0\Microsoft.AspNetCore.Http.Extensions.dll
  - Microsoft.AspNetCore.Http.Features.dll 10.0.8 at C:\Program Files\dotnet\packs\Microsoft.AspNetCore.App.Ref\10.0.8\ref\net10.0\Microsoft.AspNetCore.Http.Features.dll
  - Microsoft.AspNetCore.Http.Results.dll 10.0.8 at C:\Program Files\dotnet\packs\Microsoft.AspNetCore.App.Ref\10.0.8\ref\net10.0\Microsoft.AspNetCore.Http.Results.dll
  - Microsoft.AspNetCore.HttpLogging.dll 10.0.8 at C:\Program Files\dotnet\packs\Microsoft.AspNetCore.App.Ref\10.0.8\ref\net10.0\Microsoft.AspNetCore.HttpLogging.dll
  - Microsoft.AspNetCore.HttpOverrides.dll 10.0.8 at C:\Program Files\dotnet\packs\Microsoft.AspNetCore.App.Ref\10.0.8\ref\net10.0\Microsoft.AspNetCore.HttpOverrides.dll
  - Microsoft.AspNetCore.HttpsPolicy.dll 10.0.8 at C:\Program Files\dotnet\packs\Microsoft.AspNetCore.App.Ref\10.0.8\ref\net10.0\Microsoft.AspNetCore.HttpsPolicy.dll
  - Microsoft.AspNetCore.Identity.dll 10.0.8 at C:\Program Files\dotnet\packs\Microsoft.AspNetCore.App.Ref\10.0.8\ref\net10.0\Microsoft.AspNetCore.Identity.dll
  - Microsoft.AspNetCore.Localization.dll 10.0.8 at C:\Program Files\dotnet\packs\Microsoft.AspNetCore.App.Ref\10.0.8\ref\net10.0\Microsoft.AspNetCore.Localization.dll
  - Microsoft.AspNetCore.Localization.Routing.dll 10.0.8 at C:\Program Files\dotnet\packs\Microsoft.AspNetCore.App.Ref\10.0.8\ref\net10.0\Microsoft.AspNetCore.Localization.Routing.dll
  - Microsoft.AspNetCore.Metadata.dll 10.0.8 at C:\Program Files\dotnet\packs\Microsoft.AspNetCore.App.Ref\10.0.8\ref\net10.0\Microsoft.AspNetCore.Metadata.dll
  - Microsoft.AspNetCore.Mvc.Abstractions.dll 10.0.8 at C:\Program Files\dotnet\packs\Microsoft.AspNetCore.App.Ref\10.0.8\ref\net10.0\Microsoft.AspNetCore.Mvc.Abstractions.dll
  - Microsoft.AspNetCore.Mvc.ApiExplorer.dll 10.0.8 at C:\Program Files\dotnet\packs\Microsoft.AspNetCore.App.Ref\10.0.8\ref\net10.0\Microsoft.AspNetCore.Mvc.ApiExplorer.dll
  - Microsoft.AspNetCore.Mvc.Core.dll 10.0.8 at C:\Program Files\dotnet\packs\Microsoft.AspNetCore.App.Ref\10.0.8\ref\net10.0\Microsoft.AspNetCore.Mvc.Core.dll
  - Microsoft.AspNetCore.Mvc.Cors.dll 10.0.8 at C:\Program Files\dotnet\packs\Microsoft.AspNetCore.App.Ref\10.0.8\ref\net10.0\Microsoft.AspNetCore.Mvc.Cors.dll
  - Microsoft.AspNetCore.Mvc.DataAnnotations.dll 10.0.8 at C:\Program Files\dotnet\packs\Microsoft.AspNetCore.App.Ref\10.0.8\ref\net10.0\Microsoft.AspNetCore.Mvc.DataAnnotations.dll
  - Microsoft.AspNetCore.Mvc.dll 10.0.8 at C:\Program Files\dotnet\packs\Microsoft.AspNetCore.App.Ref\10.0.8\ref\net10.0\Microsoft.AspNetCore.Mvc.dll
  - Microsoft.AspNetCore.Mvc.Formatters.Json.dll 10.0.8 at C:\Program Files\dotnet\packs\Microsoft.AspNetCore.App.Ref\10.0.8\ref\net10.0\Microsoft.AspNetCore.Mvc.Formatters.Json.dll
  - Microsoft.AspNetCore.Mvc.Formatters.Xml.dll 10.0.8 at C:\Program Files\dotnet\packs\Microsoft.AspNetCore.App.Ref\10.0.8\ref\net10.0\Microsoft.AspNetCore.Mvc.Formatters.Xml.dll
  - Microsoft.AspNetCore.Mvc.Localization.dll 10.0.8 at C:\Program Files\dotnet\packs\Microsoft.AspNetCore.App.Ref\10.0.8\ref\net10.0\Microsoft.AspNetCore.Mvc.Localization.dll
  - Microsoft.AspNetCore.Mvc.Razor.dll 10.0.8 at C:\Program Files\dotnet\packs\Microsoft.AspNetCore.App.Ref\10.0.8\ref\net10.0\Microsoft.AspNetCore.Mvc.Razor.dll
  - Microsoft.AspNetCore.Mvc.RazorPages.dll 10.0.8 at C:\Program Files\dotnet\packs\Microsoft.AspNetCore.App.Ref\10.0.8\ref\net10.0\Microsoft.AspNetCore.Mvc.RazorPages.dll
  - Microsoft.AspNetCore.Mvc.TagHelpers.dll 10.0.8 at C:\Program Files\dotnet\packs\Microsoft.AspNetCore.App.Ref\10.0.8\ref\net10.0\Microsoft.AspNetCore.Mvc.TagHelpers.dll
  - Microsoft.AspNetCore.Mvc.ViewFeatures.dll 10.0.8 at C:\Program Files\dotnet\packs\Microsoft.AspNetCore.App.Ref\10.0.8\ref\net10.0\Microsoft.AspNetCore.Mvc.ViewFeatures.dll
  - Microsoft.AspNetCore.OutputCaching.dll 10.0.8 at C:\Program Files\dotnet\packs\Microsoft.AspNetCore.App.Ref\10.0.8\ref\net10.0\Microsoft.AspNetCore.OutputCaching.dll
  - Microsoft.AspNetCore.RateLimiting.dll 10.0.8 at C:\Program Files\dotnet\packs\Microsoft.AspNetCore.App.Ref\10.0.8\ref\net10.0\Microsoft.AspNetCore.RateLimiting.dll
  - Microsoft.AspNetCore.Razor.dll 10.0.8 at C:\Program Files\dotnet\packs\Microsoft.AspNetCore.App.Ref\10.0.8\ref\net10.0\Microsoft.AspNetCore.Razor.dll
  - Microsoft.AspNetCore.Razor.Runtime.dll 10.0.8 at C:\Program Files\dotnet\packs\Microsoft.AspNetCore.App.Ref\10.0.8\ref\net10.0\Microsoft.AspNetCore.Razor.Runtime.dll
  - Microsoft.AspNetCore.RequestDecompression.dll 10.0.8 at C:\Program Files\dotnet\packs\Microsoft.AspNetCore.App.Ref\10.0.8\ref\net10.0\Microsoft.AspNetCore.RequestDecompression.dll
  - Microsoft.AspNetCore.ResponseCaching.Abstractions.dll 10.0.8 at C:\Program Files\dotnet\packs\Microsoft.AspNetCore.App.Ref\10.0.8\ref\net10.0\Microsoft.AspNetCore.ResponseCaching.Abstractions.dll
  - Microsoft.AspNetCore.ResponseCaching.dll 10.0.8 at C:\Program Files\dotnet\packs\Microsoft.AspNetCore.App.Ref\10.0.8\ref\net10.0\Microsoft.AspNetCore.ResponseCaching.dll
  - Microsoft.AspNetCore.ResponseCompression.dll 10.0.8 at C:\Program Files\dotnet\packs\Microsoft.AspNetCore.App.Ref\10.0.8\ref\net10.0\Microsoft.AspNetCore.ResponseCompression.dll
  - Microsoft.AspNetCore.Rewrite.dll 10.0.8 at C:\Program Files\dotnet\packs\Microsoft.AspNetCore.App.Ref\10.0.8\ref\net10.0\Microsoft.AspNetCore.Rewrite.dll
  - Microsoft.AspNetCore.Routing.Abstractions.dll 10.0.8 at C:\Program Files\dotnet\packs\Microsoft.AspNetCore.App.Ref\10.0.8\ref\net10.0\Microsoft.AspNetCore.Routing.Abstractions.dll
  - Microsoft.AspNetCore.Routing.dll 10.0.8 at C:\Program Files\dotnet\packs\Microsoft.AspNetCore.App.Ref\10.0.8\ref\net10.0\Microsoft.AspNetCore.Routing.dll
  - Microsoft.AspNetCore.Server.HttpSys.dll 10.0.8 at C:\Program Files\dotnet\packs\Microsoft.AspNetCore.App.Ref\10.0.8\ref\net10.0\Microsoft.AspNetCore.Server.HttpSys.dll
  - Microsoft.AspNetCore.Server.IIS.dll 10.0.8 at C:\Program Files\dotnet\packs\Microsoft.AspNetCore.App.Ref\10.0.8\ref\net10.0\Microsoft.AspNetCore.Server.IIS.dll
  - Microsoft.AspNetCore.Server.IISIntegration.dll 10.0.8 at C:\Program Files\dotnet\packs\Microsoft.AspNetCore.App.Ref\10.0.8\ref\net10.0\Microsoft.AspNetCore.Server.IISIntegration.dll
  - Microsoft.AspNetCore.Server.Kestrel.Core.dll 10.0.8 at C:\Program Files\dotnet\packs\Microsoft.AspNetCore.App.Ref\10.0.8\ref\net10.0\Microsoft.AspNetCore.Server.Kestrel.Core.dll
  - Microsoft.AspNetCore.Server.Kestrel.dll 10.0.8 at C:\Program Files\dotnet\packs\Microsoft.AspNetCore.App.Ref\10.0.8\ref\net10.0\Microsoft.AspNetCore.Server.Kestrel.dll
  - Microsoft.AspNetCore.Server.Kestrel.Transport.NamedPipes.dll 10.0.8 at C:\Program Files\dotnet\packs\Microsoft.AspNetCore.App.Ref\10.0.8\ref\net10.0\Microsoft.AspNetCore.Server.Kestrel.Transport.NamedPipes.dll
  - Microsoft.AspNetCore.Server.Kestrel.Transport.Quic.dll 10.0.8 at C:\Program Files\dotnet\packs\Microsoft.AspNetCore.App.Ref\10.0.8\ref\net10.0\Microsoft.AspNetCore.Server.Kestrel.Transport.Quic.dll
  - Microsoft.AspNetCore.Server.Kestrel.Transport.Sockets.dll 10.0.8 at C:\Program Files\dotnet\packs\Microsoft.AspNetCore.App.Ref\10.0.8\ref\net10.0\Microsoft.AspNetCore.Server.Kestrel.Transport.Sockets.dll
  - Microsoft.AspNetCore.Session.dll 10.0.8 at C:\Program Files\dotnet\packs\Microsoft.AspNetCore.App.Ref\10.0.8\ref\net10.0\Microsoft.AspNetCore.Session.dll
  - Microsoft.AspNetCore.SignalR.Common.dll 10.0.8 at C:\Program Files\dotnet\packs\Microsoft.AspNetCore.App.Ref\10.0.8\ref\net10.0\Microsoft.AspNetCore.SignalR.Common.dll
  - Microsoft.AspNetCore.SignalR.Core.dll 10.0.8 at C:\Program Files\dotnet\packs\Microsoft.AspNetCore.App.Ref\10.0.8\ref\net10.0\Microsoft.AspNetCore.SignalR.Core.dll
  - Microsoft.AspNetCore.SignalR.dll 10.0.8 at C:\Program Files\dotnet\packs\Microsoft.AspNetCore.App.Ref\10.0.8\ref\net10.0\Microsoft.AspNetCore.SignalR.dll
  - Microsoft.AspNetCore.SignalR.Protocols.Json.dll 10.0.8 at C:\Program Files\dotnet\packs\Microsoft.AspNetCore.App.Ref\10.0.8\ref\net10.0\Microsoft.AspNetCore.SignalR.Protocols.Json.dll
  - Microsoft.AspNetCore.StaticAssets.dll 10.0.8 at C:\Program Files\dotnet\packs\Microsoft.AspNetCore.App.Ref\10.0.8\ref\net10.0\Microsoft.AspNetCore.StaticAssets.dll
  - Microsoft.AspNetCore.StaticFiles.dll 10.0.8 at C:\Program Files\dotnet\packs\Microsoft.AspNetCore.App.Ref\10.0.8\ref\net10.0\Microsoft.AspNetCore.StaticFiles.dll
  - Microsoft.AspNetCore.WebSockets.dll 10.0.8 at C:\Program Files\dotnet\packs\Microsoft.AspNetCore.App.Ref\10.0.8\ref\net10.0\Microsoft.AspNetCore.WebSockets.dll
  - Microsoft.AspNetCore.WebUtilities.dll 10.0.8 at C:\Program Files\dotnet\packs\Microsoft.AspNetCore.App.Ref\10.0.8\ref\net10.0\Microsoft.AspNetCore.WebUtilities.dll
  - Microsoft.CSharp.dll 10.0.8 at C:\Program Files\dotnet\packs\Microsoft.NETCore.App.Ref\10.0.8\ref\net10.0\Microsoft.CSharp.dll
  - Microsoft.Extensions.AI.Abstractions.dll 10.4.0 at C:\Users\tddkhanh\.nuget\packages\microsoft.extensions.ai.abstractions\10.4.0\lib\net10.0\Microsoft.Extensions.AI.Abstractions.dll
  - Microsoft.Extensions.AI.dll 10.4.0 at C:\Users\tddkhanh\.nuget\packages\microsoft.extensions.ai\10.4.0\lib\net10.0\Microsoft.Extensions.AI.dll
  - Microsoft.Extensions.Caching.Abstractions.dll 10.0.8 at C:\Program Files\dotnet\packs\Microsoft.AspNetCore.App.Ref\10.0.8\ref\net10.0\Microsoft.Extensions.Caching.Abstractions.dll
  - Microsoft.Extensions.Caching.Memory.dll 10.0.8 at C:\Program Files\dotnet\packs\Microsoft.AspNetCore.App.Ref\10.0.8\ref\net10.0\Microsoft.Extensions.Caching.Memory.dll
  - Microsoft.Extensions.Configuration.Abstractions.dll 10.0.8 at C:\Program Files\dotnet\packs\Microsoft.AspNetCore.App.Ref\10.0.8\ref\net10.0\Microsoft.Extensions.Configuration.Abstractions.dll
  - Microsoft.Extensions.Configuration.Binder.dll 10.0.8 at C:\Program Files\dotnet\packs\Microsoft.AspNetCore.App.Ref\10.0.8\ref\net10.0\Microsoft.Extensions.Configuration.Binder.dll
  - Microsoft.Extensions.Configuration.CommandLine.dll 10.0.8 at C:\Program Files\dotnet\packs\Microsoft.AspNetCore.App.Ref\10.0.8\ref\net10.0\Microsoft.Extensions.Configuration.CommandLine.dll
  - Microsoft.Extensions.Configuration.dll 10.0.8 at C:\Program Files\dotnet\packs\Microsoft.AspNetCore.App.Ref\10.0.8\ref\net10.0\Microsoft.Extensions.Configuration.dll
  - Microsoft.Extensions.Configuration.EnvironmentVariables.dll 10.0.8 at C:\Program Files\dotnet\packs\Microsoft.AspNetCore.App.Ref\10.0.8\ref\net10.0\Microsoft.Extensions.Configuration.EnvironmentVariables.dll
  - Microsoft.Extensions.Configuration.FileExtensions.dll 10.0.8 at C:\Program Files\dotnet\packs\Microsoft.AspNetCore.App.Ref\10.0.8\ref\net10.0\Microsoft.Extensions.Configuration.FileExtensions.dll
  - Microsoft.Extensions.Configuration.Ini.dll 10.0.8 at C:\Program Files\dotnet\packs\Microsoft.AspNetCore.App.Ref\10.0.8\ref\net10.0\Microsoft.Extensions.Configuration.Ini.dll
  - Microsoft.Extensions.Configuration.Json.dll 10.0.8 at C:\Program Files\dotnet\packs\Microsoft.AspNetCore.App.Ref\10.0.8\ref\net10.0\Microsoft.Extensions.Configuration.Json.dll
  - Microsoft.Extensions.Configuration.KeyPerFile.dll 10.0.8 at C:\Program Files\dotnet\packs\Microsoft.AspNetCore.App.Ref\10.0.8\ref\net10.0\Microsoft.Extensions.Configuration.KeyPerFile.dll
  - Microsoft.Extensions.Configuration.UserSecrets.dll 10.0.8 at C:\Program Files\dotnet\packs\Microsoft.AspNetCore.App.Ref\10.0.8\ref\net10.0\Microsoft.Extensions.Configuration.UserSecrets.dll
  - Microsoft.Extensions.Configuration.Xml.dll 10.0.8 at C:\Program Files\dotnet\packs\Microsoft.AspNetCore.App.Ref\10.0.8\ref\net10.0\Microsoft.Extensions.Configuration.Xml.dll
  - Microsoft.Extensions.DependencyInjection.Abstractions.dll 10.0.8 at C:\Program Files\dotnet\packs\Microsoft.AspNetCore.App.Ref\10.0.8\ref\net10.0\Microsoft.Extensions.DependencyInjection.Abstractions.dll
  - Microsoft.Extensions.DependencyInjection.dll 10.0.8 at C:\Program Files\dotnet\packs\Microsoft.AspNetCore.App.Ref\10.0.8\ref\net10.0\Microsoft.Extensions.DependencyInjection.dll
  - Microsoft.Extensions.Diagnostics.Abstractions.dll 10.0.8 at C:\Program Files\dotnet\packs\Microsoft.AspNetCore.App.Ref\10.0.8\ref\net10.0\Microsoft.Extensions.Diagnostics.Abstractions.dll
  - Microsoft.Extensions.Diagnostics.dll 10.0.8 at C:\Program Files\dotnet\packs\Microsoft.AspNetCore.App.Ref\10.0.8\ref\net10.0\Microsoft.Extensions.Diagnostics.dll
  - Microsoft.Extensions.Diagnostics.HealthChecks.Abstractions.dll 10.0.8 at C:\Program Files\dotnet\packs\Microsoft.AspNetCore.App.Ref\10.0.8\ref\net10.0\Microsoft.Extensions.Diagnostics.HealthChecks.Abstractions.dll
  - Microsoft.Extensions.Diagnostics.HealthChecks.dll 10.0.8 at C:\Program Files\dotnet\packs\Microsoft.AspNetCore.App.Ref\10.0.8\ref\net10.0\Microsoft.Extensions.Diagnostics.HealthChecks.dll
  - Microsoft.Extensions.Features.dll 10.0.8 at C:\Program Files\dotnet\packs\Microsoft.AspNetCore.App.Ref\10.0.8\ref\net10.0\Microsoft.Extensions.Features.dll
  - Microsoft.Extensions.FileProviders.Abstractions.dll 10.0.8 at C:\Program Files\dotnet\packs\Microsoft.AspNetCore.App.Ref\10.0.8\ref\net10.0\Microsoft.Extensions.FileProviders.Abstractions.dll
  - Microsoft.Extensions.FileProviders.Composite.dll 10.0.8 at C:\Program Files\dotnet\packs\Microsoft.AspNetCore.App.Ref\10.0.8\ref\net10.0\Microsoft.Extensions.FileProviders.Composite.dll
  - Microsoft.Extensions.FileProviders.Embedded.dll 10.0.8 at C:\Program Files\dotnet\packs\Microsoft.AspNetCore.App.Ref\10.0.8\ref\net10.0\Microsoft.Extensions.FileProviders.Embedded.dll
  - Microsoft.Extensions.FileProviders.Physical.dll 10.0.8 at C:\Program Files\dotnet\packs\Microsoft.AspNetCore.App.Ref\10.0.8\ref\net10.0\Microsoft.Extensions.FileProviders.Physical.dll
  - Microsoft.Extensions.FileSystemGlobbing.dll 10.0.8 at C:\Program Files\dotnet\packs\Microsoft.AspNetCore.App.Ref\10.0.8\ref\net10.0\Microsoft.Extensions.FileSystemGlobbing.dll
  - Microsoft.Extensions.Hosting.Abstractions.dll 10.0.8 at C:\Program Files\dotnet\packs\Microsoft.AspNetCore.App.Ref\10.0.8\ref\net10.0\Microsoft.Extensions.Hosting.Abstractions.dll
  - Microsoft.Extensions.Hosting.dll 10.0.8 at C:\Program Files\dotnet\packs\Microsoft.AspNetCore.App.Ref\10.0.8\ref\net10.0\Microsoft.Extensions.Hosting.dll
  - Microsoft.Extensions.Http.dll 10.0.8 at C:\Program Files\dotnet\packs\Microsoft.AspNetCore.App.Ref\10.0.8\ref\net10.0\Microsoft.Extensions.Http.dll
  - Microsoft.Extensions.Identity.Core.dll 10.0.8 at C:\Program Files\dotnet\packs\Microsoft.AspNetCore.App.Ref\10.0.8\ref\net10.0\Microsoft.Extensions.Identity.Core.dll
  - Microsoft.Extensions.Identity.Stores.dll 10.0.8 at C:\Program Files\dotnet\packs\Microsoft.AspNetCore.App.Ref\10.0.8\ref\net10.0\Microsoft.Extensions.Identity.Stores.dll
  - Microsoft.Extensions.Localization.Abstractions.dll 10.0.8 at C:\Program Files\dotnet\packs\Microsoft.AspNetCore.App.Ref\10.0.8\ref\net10.0\Microsoft.Extensions.Localization.Abstractions.dll
  - Microsoft.Extensions.Localization.dll 10.0.8 at C:\Program Files\dotnet\packs\Microsoft.AspNetCore.App.Ref\10.0.8\ref\net10.0\Microsoft.Extensions.Localization.dll
  - Microsoft.Extensions.Logging.Abstractions.dll 10.0.8 at C:\Program Files\dotnet\packs\Microsoft.AspNetCore.App.Ref\10.0.8\ref\net10.0\Microsoft.Extensions.Logging.Abstractions.dll
  - Microsoft.Extensions.Logging.Configuration.dll 10.0.8 at C:\Program Files\dotnet\packs\Microsoft.AspNetCore.App.Ref\10.0.8\ref\net10.0\Microsoft.Extensions.Logging.Configuration.dll
  - Microsoft.Extensions.Logging.Console.dll 10.0.8 at C:\Program Files\dotnet\packs\Microsoft.AspNetCore.App.Ref\10.0.8\ref\net10.0\Microsoft.Extensions.Logging.Console.dll
  - Microsoft.Extensions.Logging.Debug.dll 10.0.8 at C:\Program Files\dotnet\packs\Microsoft.AspNetCore.App.Ref\10.0.8\ref\net10.0\Microsoft.Extensions.Logging.Debug.dll
  - Microsoft.Extensions.Logging.dll 10.0.8 at C:\Program Files\dotnet\packs\Microsoft.AspNetCore.App.Ref\10.0.8\ref\net10.0\Microsoft.Extensions.Logging.dll
  - Microsoft.Extensions.Logging.EventLog.dll 10.0.8 at C:\Program Files\dotnet\packs\Microsoft.AspNetCore.App.Ref\10.0.8\ref\net10.0\Microsoft.Extensions.Logging.EventLog.dll
  - Microsoft.Extensions.Logging.EventSource.dll 10.0.8 at C:\Program Files\dotnet\packs\Microsoft.AspNetCore.App.Ref\10.0.8\ref\net10.0\Microsoft.Extensions.Logging.EventSource.dll
  - Microsoft.Extensions.Logging.TraceSource.dll 10.0.8 at C:\Program Files\dotnet\packs\Microsoft.AspNetCore.App.Ref\10.0.8\ref\net10.0\Microsoft.Extensions.Logging.TraceSource.dll
  - Microsoft.Extensions.ObjectPool.dll 10.0.8 at C:\Program Files\dotnet\packs\Microsoft.AspNetCore.App.Ref\10.0.8\ref\net10.0\Microsoft.Extensions.ObjectPool.dll
  - Microsoft.Extensions.Options.ConfigurationExtensions.dll 10.0.8 at C:\Program Files\dotnet\packs\Microsoft.AspNetCore.App.Ref\10.0.8\ref\net10.0\Microsoft.Extensions.Options.ConfigurationExtensions.dll
  - Microsoft.Extensions.Options.DataAnnotations.dll 10.0.8 at C:\Program Files\dotnet\packs\Microsoft.AspNetCore.App.Ref\10.0.8\ref\net10.0\Microsoft.Extensions.Options.DataAnnotations.dll
  - Microsoft.Extensions.Options.dll 10.0.8 at C:\Program Files\dotnet\packs\Microsoft.AspNetCore.App.Ref\10.0.8\ref\net10.0\Microsoft.Extensions.Options.dll
  - Microsoft.Extensions.Primitives.dll 10.0.8 at C:\Program Files\dotnet\packs\Microsoft.AspNetCore.App.Ref\10.0.8\ref\net10.0\Microsoft.Extensions.Primitives.dll
  - Microsoft.Extensions.Validation.dll 10.0.8 at C:\Program Files\dotnet\packs\Microsoft.AspNetCore.App.Ref\10.0.8\ref\net10.0\Microsoft.Extensions.Validation.dll
  - Microsoft.Extensions.WebEncoders.dll 10.0.8 at C:\Program Files\dotnet\packs\Microsoft.AspNetCore.App.Ref\10.0.8\ref\net10.0\Microsoft.Extensions.WebEncoders.dll
  - Microsoft.JSInterop.dll 10.0.8 at C:\Program Files\dotnet\packs\Microsoft.AspNetCore.App.Ref\10.0.8\ref\net10.0\Microsoft.JSInterop.dll
  - Microsoft.Net.Http.Headers.dll 10.0.8 at C:\Program Files\dotnet\packs\Microsoft.AspNetCore.App.Ref\10.0.8\ref\net10.0\Microsoft.Net.Http.Headers.dll
  - Microsoft.VisualBasic.Core.dll 10.0.8 at C:\Program Files\dotnet\packs\Microsoft.NETCore.App.Ref\10.0.8\ref\net10.0\Microsoft.VisualBasic.Core.dll
  - Microsoft.VisualBasic.dll 10.0.8 at C:\Program Files\dotnet\packs\Microsoft.NETCore.App.Ref\10.0.8\ref\net10.0\Microsoft.VisualBasic.dll
  - Microsoft.Win32.Primitives.dll 10.0.8 at C:\Program Files\dotnet\packs\Microsoft.NETCore.App.Ref\10.0.8\ref\net10.0\Microsoft.Win32.Primitives.dll
  - Microsoft.Win32.Registry.dll 10.0.8 at C:\Program Files\dotnet\packs\Microsoft.NETCore.App.Ref\10.0.8\ref\net10.0\Microsoft.Win32.Registry.dll
  - mscorlib.dll 10.0.8 at C:\Program Files\dotnet\packs\Microsoft.NETCore.App.Ref\10.0.8\ref\net10.0\mscorlib.dll
  - netstandard.dll 10.0.8 at C:\Program Files\dotnet\packs\Microsoft.NETCore.App.Ref\10.0.8\ref\net10.0\netstandard.dll
  - System.AppContext.dll 10.0.8 at C:\Program Files\dotnet\packs\Microsoft.NETCore.App.Ref\10.0.8\ref\net10.0\System.AppContext.dll
  - System.Buffers.dll 10.0.8 at C:\Program Files\dotnet\packs\Microsoft.NETCore.App.Ref\10.0.8\ref\net10.0\System.Buffers.dll
  - System.Collections.Concurrent.dll 10.0.8 at C:\Program Files\dotnet\packs\Microsoft.NETCore.App.Ref\10.0.8\ref\net10.0\System.Collections.Concurrent.dll
  - System.Collections.dll 10.0.8 at C:\Program Files\dotnet\packs\Microsoft.NETCore.App.Ref\10.0.8\ref\net10.0\System.Collections.dll
  - System.Collections.Immutable.dll 10.0.8 at C:\Program Files\dotnet\packs\Microsoft.NETCore.App.Ref\10.0.8\ref\net10.0\System.Collections.Immutable.dll
  - System.Collections.NonGeneric.dll 10.0.8 at C:\Program Files\dotnet\packs\Microsoft.NETCore.App.Ref\10.0.8\ref\net10.0\System.Collections.NonGeneric.dll
  - System.Collections.Specialized.dll 10.0.8 at C:\Program Files\dotnet\packs\Microsoft.NETCore.App.Ref\10.0.8\ref\net10.0\System.Collections.Specialized.dll
  - System.ComponentModel.Annotations.dll 10.0.8 at C:\Program Files\dotnet\packs\Microsoft.NETCore.App.Ref\10.0.8\ref\net10.0\System.ComponentModel.Annotations.dll
  - System.ComponentModel.DataAnnotations.dll 10.0.8 at C:\Program Files\dotnet\packs\Microsoft.NETCore.App.Ref\10.0.8\ref\net10.0\System.ComponentModel.DataAnnotations.dll
  - System.ComponentModel.dll 10.0.8 at C:\Program Files\dotnet\packs\Microsoft.NETCore.App.Ref\10.0.8\ref\net10.0\System.ComponentModel.dll
  - System.ComponentModel.EventBasedAsync.dll 10.0.8 at C:\Program Files\dotnet\packs\Microsoft.NETCore.App.Ref\10.0.8\ref\net10.0\System.ComponentModel.EventBasedAsync.dll
  - System.ComponentModel.Primitives.dll 10.0.8 at C:\Program Files\dotnet\packs\Microsoft.NETCore.App.Ref\10.0.8\ref\net10.0\System.ComponentModel.Primitives.dll
  - System.ComponentModel.TypeConverter.dll 10.0.8 at C:\Program Files\dotnet\packs\Microsoft.NETCore.App.Ref\10.0.8\ref\net10.0\System.ComponentModel.TypeConverter.dll
  - System.Configuration.dll 10.0.8 at C:\Program Files\dotnet\packs\Microsoft.NETCore.App.Ref\10.0.8\ref\net10.0\System.Configuration.dll
  - System.Console.dll 10.0.8 at C:\Program Files\dotnet\packs\Microsoft.NETCore.App.Ref\10.0.8\ref\net10.0\System.Console.dll
  - System.Core.dll 10.0.8 at C:\Program Files\dotnet\packs\Microsoft.NETCore.App.Ref\10.0.8\ref\net10.0\System.Core.dll
  - System.Data.Common.dll 10.0.8 at C:\Program Files\dotnet\packs\Microsoft.NETCore.App.Ref\10.0.8\ref\net10.0\System.Data.Common.dll
  - System.Data.DataSetExtensions.dll 10.0.8 at C:\Program Files\dotnet\packs\Microsoft.NETCore.App.Ref\10.0.8\ref\net10.0\System.Data.DataSetExtensions.dll
  - System.Data.dll 10.0.8 at C:\Program Files\dotnet\packs\Microsoft.NETCore.App.Ref\10.0.8\ref\net10.0\System.Data.dll
  - System.Diagnostics.Contracts.dll 10.0.8 at C:\Program Files\dotnet\packs\Microsoft.NETCore.App.Ref\10.0.8\ref\net10.0\System.Diagnostics.Contracts.dll
  - System.Diagnostics.Debug.dll 10.0.8 at C:\Program Files\dotnet\packs\Microsoft.NETCore.App.Ref\10.0.8\ref\net10.0\System.Diagnostics.Debug.dll
  - System.Diagnostics.DiagnosticSource.dll 10.0.8 at C:\Program Files\dotnet\packs\Microsoft.NETCore.App.Ref\10.0.8\ref\net10.0\System.Diagnostics.DiagnosticSource.dll
  - System.Diagnostics.EventLog.dll 10.0.8 at C:\Program Files\dotnet\packs\Microsoft.AspNetCore.App.Ref\10.0.8\ref\net10.0\System.Diagnostics.EventLog.dll
  - System.Diagnostics.FileVersionInfo.dll 10.0.8 at C:\Program Files\dotnet\packs\Microsoft.NETCore.App.Ref\10.0.8\ref\net10.0\System.Diagnostics.FileVersionInfo.dll
  - System.Diagnostics.Process.dll 10.0.8 at C:\Program Files\dotnet\packs\Microsoft.NETCore.App.Ref\10.0.8\ref\net10.0\System.Diagnostics.Process.dll
  - System.Diagnostics.StackTrace.dll 10.0.8 at C:\Program Files\dotnet\packs\Microsoft.NETCore.App.Ref\10.0.8\ref\net10.0\System.Diagnostics.StackTrace.dll
  - System.Diagnostics.TextWriterTraceListener.dll 10.0.8 at C:\Program Files\dotnet\packs\Microsoft.NETCore.App.Ref\10.0.8\ref\net10.0\System.Diagnostics.TextWriterTraceListener.dll
  - System.Diagnostics.Tools.dll 10.0.8 at C:\Program Files\dotnet\packs\Microsoft.NETCore.App.Ref\10.0.8\ref\net10.0\System.Diagnostics.Tools.dll
  - System.Diagnostics.TraceSource.dll 10.0.8 at C:\Program Files\dotnet\packs\Microsoft.NETCore.App.Ref\10.0.8\ref\net10.0\System.Diagnostics.TraceSource.dll
  - System.Diagnostics.Tracing.dll 10.0.8 at C:\Program Files\dotnet\packs\Microsoft.NETCore.App.Ref\10.0.8\ref\net10.0\System.Diagnostics.Tracing.dll
  - System.dll 10.0.8 at C:\Program Files\dotnet\packs\Microsoft.NETCore.App.Ref\10.0.8\ref\net10.0\System.dll
  - System.Drawing.dll 10.0.8 at C:\Program Files\dotnet\packs\Microsoft.NETCore.App.Ref\10.0.8\ref\net10.0\System.Drawing.dll
  - System.Drawing.Primitives.dll 10.0.8 at C:\Program Files\dotnet\packs\Microsoft.NETCore.App.Ref\10.0.8\ref\net10.0\System.Drawing.Primitives.dll
  - System.Dynamic.Runtime.dll 10.0.8 at C:\Program Files\dotnet\packs\Microsoft.NETCore.App.Ref\10.0.8\ref\net10.0\System.Dynamic.Runtime.dll
  - System.Formats.Asn1.dll 10.0.8 at C:\Program Files\dotnet\packs\Microsoft.NETCore.App.Ref\10.0.8\ref\net10.0\System.Formats.Asn1.dll
  - System.Formats.Cbor.dll 10.0.8 at C:\Program Files\dotnet\packs\Microsoft.AspNetCore.App.Ref\10.0.8\ref\net10.0\System.Formats.Cbor.dll
  - System.Formats.Tar.dll 10.0.8 at C:\Program Files\dotnet\packs\Microsoft.NETCore.App.Ref\10.0.8\ref\net10.0\System.Formats.Tar.dll
  - System.Globalization.Calendars.dll 10.0.8 at C:\Program Files\dotnet\packs\Microsoft.NETCore.App.Ref\10.0.8\ref\net10.0\System.Globalization.Calendars.dll
  - System.Globalization.dll 10.0.8 at C:\Program Files\dotnet\packs\Microsoft.NETCore.App.Ref\10.0.8\ref\net10.0\System.Globalization.dll
  - System.Globalization.Extensions.dll 10.0.8 at C:\Program Files\dotnet\packs\Microsoft.NETCore.App.Ref\10.0.8\ref\net10.0\System.Globalization.Extensions.dll
  - System.IO.Compression.Brotli.dll 10.0.8 at C:\Program Files\dotnet\packs\Microsoft.NETCore.App.Ref\10.0.8\ref\net10.0\System.IO.Compression.Brotli.dll
  - System.IO.Compression.dll 10.0.8 at C:\Program Files\dotnet\packs\Microsoft.NETCore.App.Ref\10.0.8\ref\net10.0\System.IO.Compression.dll
  - System.IO.Compression.FileSystem.dll 10.0.8 at C:\Program Files\dotnet\packs\Microsoft.NETCore.App.Ref\10.0.8\ref\net10.0\System.IO.Compression.FileSystem.dll
  - System.IO.Compression.ZipFile.dll 10.0.8 at C:\Program Files\dotnet\packs\Microsoft.NETCore.App.Ref\10.0.8\ref\net10.0\System.IO.Compression.ZipFile.dll
  - System.IO.dll 10.0.8 at C:\Program Files\dotnet\packs\Microsoft.NETCore.App.Ref\10.0.8\ref\net10.0\System.IO.dll
  - System.IO.FileSystem.AccessControl.dll 10.0.8 at C:\Program Files\dotnet\packs\Microsoft.NETCore.App.Ref\10.0.8\ref\net10.0\System.IO.FileSystem.AccessControl.dll
  - System.IO.FileSystem.dll 10.0.8 at C:\Program Files\dotnet\packs\Microsoft.NETCore.App.Ref\10.0.8\ref\net10.0\System.IO.FileSystem.dll
  - System.IO.FileSystem.DriveInfo.dll 10.0.8 at C:\Program Files\dotnet\packs\Microsoft.NETCore.App.Ref\10.0.8\ref\net10.0\System.IO.FileSystem.DriveInfo.dll
  - System.IO.FileSystem.Primitives.dll 10.0.8 at C:\Program Files\dotnet\packs\Microsoft.NETCore.App.Ref\10.0.8\ref\net10.0\System.IO.FileSystem.Primitives.dll
  - System.IO.FileSystem.Watcher.dll 10.0.8 at C:\Program Files\dotnet\packs\Microsoft.NETCore.App.Ref\10.0.8\ref\net10.0\System.IO.FileSystem.Watcher.dll
  - System.IO.IsolatedStorage.dll 10.0.8 at C:\Program Files\dotnet\packs\Microsoft.NETCore.App.Ref\10.0.8\ref\net10.0\System.IO.IsolatedStorage.dll
  - System.IO.MemoryMappedFiles.dll 10.0.8 at C:\Program Files\dotnet\packs\Microsoft.NETCore.App.Ref\10.0.8\ref\net10.0\System.IO.MemoryMappedFiles.dll
  - System.IO.Pipelines.dll 10.0.8 at C:\Program Files\dotnet\packs\Microsoft.NETCore.App.Ref\10.0.8\ref\net10.0\System.IO.Pipelines.dll
  - System.IO.Pipes.AccessControl.dll 10.0.8 at C:\Program Files\dotnet\packs\Microsoft.NETCore.App.Ref\10.0.8\ref\net10.0\System.IO.Pipes.AccessControl.dll
  - System.IO.Pipes.dll 10.0.8 at C:\Program Files\dotnet\packs\Microsoft.NETCore.App.Ref\10.0.8\ref\net10.0\System.IO.Pipes.dll
  - System.IO.UnmanagedMemoryStream.dll 10.0.8 at C:\Program Files\dotnet\packs\Microsoft.NETCore.App.Ref\10.0.8\ref\net10.0\System.IO.UnmanagedMemoryStream.dll
  - System.Linq.AsyncEnumerable.dll 10.0.8 at C:\Program Files\dotnet\packs\Microsoft.NETCore.App.Ref\10.0.8\ref\net10.0\System.Linq.AsyncEnumerable.dll
  - System.Linq.dll 10.0.8 at C:\Program Files\dotnet\packs\Microsoft.NETCore.App.Ref\10.0.8\ref\net10.0\System.Linq.dll
  - System.Linq.Expressions.dll 10.0.8 at C:\Program Files\dotnet\packs\Microsoft.NETCore.App.Ref\10.0.8\ref\net10.0\System.Linq.Expressions.dll
  - System.Linq.Parallel.dll 10.0.8 at C:\Program Files\dotnet\packs\Microsoft.NETCore.App.Ref\10.0.8\ref\net10.0\System.Linq.Parallel.dll
  - System.Linq.Queryable.dll 10.0.8 at C:\Program Files\dotnet\packs\Microsoft.NETCore.App.Ref\10.0.8\ref\net10.0\System.Linq.Queryable.dll
  - System.Memory.dll 10.0.8 at C:\Program Files\dotnet\packs\Microsoft.NETCore.App.Ref\10.0.8\ref\net10.0\System.Memory.dll
  - System.Net.dll 10.0.8 at C:\Program Files\dotnet\packs\Microsoft.NETCore.App.Ref\10.0.8\ref\net10.0\System.Net.dll
  - System.Net.Http.dll 10.0.8 at C:\Program Files\dotnet\packs\Microsoft.NETCore.App.Ref\10.0.8\ref\net10.0\System.Net.Http.dll
  - System.Net.Http.Json.dll 10.0.8 at C:\Program Files\dotnet\packs\Microsoft.NETCore.App.Ref\10.0.8\ref\net10.0\System.Net.Http.Json.dll
  - System.Net.HttpListener.dll 10.0.8 at C:\Program Files\dotnet\packs\Microsoft.NETCore.App.Ref\10.0.8\ref\net10.0\System.Net.HttpListener.dll
  - System.Net.Mail.dll 10.0.8 at C:\Program Files\dotnet\packs\Microsoft.NETCore.App.Ref\10.0.8\ref\net10.0\System.Net.Mail.dll
  - System.Net.NameResolution.dll 10.0.8 at C:\Program Files\dotnet\packs\Microsoft.NETCore.App.Ref\10.0.8\ref\net10.0\System.Net.NameResolution.dll
  - System.Net.NetworkInformation.dll 10.0.8 at C:\Program Files\dotnet\packs\Microsoft.NETCore.App.Ref\10.0.8\ref\net10.0\System.Net.NetworkInformation.dll
  - System.Net.Ping.dll 10.0.8 at C:\Program Files\dotnet\packs\Microsoft.NETCore.App.Ref\10.0.8\ref\net10.0\System.Net.Ping.dll
  - System.Net.Primitives.dll 10.0.8 at C:\Program Files\dotnet\packs\Microsoft.NETCore.App.Ref\10.0.8\ref\net10.0\System.Net.Primitives.dll
  - System.Net.Quic.dll 10.0.8 at C:\Program Files\dotnet\packs\Microsoft.NETCore.App.Ref\10.0.8\ref\net10.0\System.Net.Quic.dll
  - System.Net.Requests.dll 10.0.8 at C:\Program Files\dotnet\packs\Microsoft.NETCore.App.Ref\10.0.8\ref\net10.0\System.Net.Requests.dll
  - System.Net.Security.dll 10.0.8 at C:\Program Files\dotnet\packs\Microsoft.NETCore.App.Ref\10.0.8\ref\net10.0\System.Net.Security.dll
  - System.Net.ServerSentEvents.dll 10.0.8 at C:\Program Files\dotnet\packs\Microsoft.NETCore.App.Ref\10.0.8\ref\net10.0\System.Net.ServerSentEvents.dll
  - System.Net.ServicePoint.dll 10.0.8 at C:\Program Files\dotnet\packs\Microsoft.NETCore.App.Ref\10.0.8\ref\net10.0\System.Net.ServicePoint.dll
  - System.Net.Sockets.dll 10.0.8 at C:\Program Files\dotnet\packs\Microsoft.NETCore.App.Ref\10.0.8\ref\net10.0\System.Net.Sockets.dll
  - System.Net.WebClient.dll 10.0.8 at C:\Program Files\dotnet\packs\Microsoft.NETCore.App.Ref\10.0.8\ref\net10.0\System.Net.WebClient.dll
  - System.Net.WebHeaderCollection.dll 10.0.8 at C:\Program Files\dotnet\packs\Microsoft.NETCore.App.Ref\10.0.8\ref\net10.0\System.Net.WebHeaderCollection.dll
  - System.Net.WebProxy.dll 10.0.8 at C:\Program Files\dotnet\packs\Microsoft.NETCore.App.Ref\10.0.8\ref\net10.0\System.Net.WebProxy.dll
  - System.Net.WebSockets.Client.dll 10.0.8 at C:\Program Files\dotnet\packs\Microsoft.NETCore.App.Ref\10.0.8\ref\net10.0\System.Net.WebSockets.Client.dll
  - System.Net.WebSockets.dll 10.0.8 at C:\Program Files\dotnet\packs\Microsoft.NETCore.App.Ref\10.0.8\ref\net10.0\System.Net.WebSockets.dll
  - System.Numerics.dll 10.0.8 at C:\Program Files\dotnet\packs\Microsoft.NETCore.App.Ref\10.0.8\ref\net10.0\System.Numerics.dll
  - System.Numerics.Tensors.dll 10.0.4 at C:\Users\tddkhanh\.nuget\packages\system.numerics.tensors\10.0.4\lib\net10.0\System.Numerics.Tensors.dll
  - System.Numerics.Vectors.dll 10.0.8 at C:\Program Files\dotnet\packs\Microsoft.NETCore.App.Ref\10.0.8\ref\net10.0\System.Numerics.Vectors.dll
  - System.ObjectModel.dll 10.0.8 at C:\Program Files\dotnet\packs\Microsoft.NETCore.App.Ref\10.0.8\ref\net10.0\System.ObjectModel.dll
  - System.Reflection.DispatchProxy.dll 10.0.8 at C:\Program Files\dotnet\packs\Microsoft.NETCore.App.Ref\10.0.8\ref\net10.0\System.Reflection.DispatchProxy.dll
  - System.Reflection.dll 10.0.8 at C:\Program Files\dotnet\packs\Microsoft.NETCore.App.Ref\10.0.8\ref\net10.0\System.Reflection.dll
  - System.Reflection.Emit.dll 10.0.8 at C:\Program Files\dotnet\packs\Microsoft.NETCore.App.Ref\10.0.8\ref\net10.0\System.Reflection.Emit.dll
  - System.Reflection.Emit.ILGeneration.dll 10.0.8 at C:\Program Files\dotnet\packs\Microsoft.NETCore.App.Ref\10.0.8\ref\net10.0\System.Reflection.Emit.ILGeneration.dll
  - System.Reflection.Emit.Lightweight.dll 10.0.8 at C:\Program Files\dotnet\packs\Microsoft.NETCore.App.Ref\10.0.8\ref\net10.0\System.Reflection.Emit.Lightweight.dll
  - System.Reflection.Extensions.dll 10.0.8 at C:\Program Files\dotnet\packs\Microsoft.NETCore.App.Ref\10.0.8\ref\net10.0\System.Reflection.Extensions.dll
  - System.Reflection.Metadata.dll 10.0.8 at C:\Program Files\dotnet\packs\Microsoft.NETCore.App.Ref\10.0.8\ref\net10.0\System.Reflection.Metadata.dll
  - System.Reflection.Primitives.dll 10.0.8 at C:\Program Files\dotnet\packs\Microsoft.NETCore.App.Ref\10.0.8\ref\net10.0\System.Reflection.Primitives.dll
  - System.Reflection.TypeExtensions.dll 10.0.8 at C:\Program Files\dotnet\packs\Microsoft.NETCore.App.Ref\10.0.8\ref\net10.0\System.Reflection.TypeExtensions.dll
  - System.Resources.Reader.dll 10.0.8 at C:\Program Files\dotnet\packs\Microsoft.NETCore.App.Ref\10.0.8\ref\net10.0\System.Resources.Reader.dll
  - System.Resources.ResourceManager.dll 10.0.8 at C:\Program Files\dotnet\packs\Microsoft.NETCore.App.Ref\10.0.8\ref\net10.0\System.Resources.ResourceManager.dll
  - System.Resources.Writer.dll 10.0.8 at C:\Program Files\dotnet\packs\Microsoft.NETCore.App.Ref\10.0.8\ref\net10.0\System.Resources.Writer.dll
  - System.Runtime.CompilerServices.Unsafe.dll 10.0.8 at C:\Program Files\dotnet\packs\Microsoft.NETCore.App.Ref\10.0.8\ref\net10.0\System.Runtime.CompilerServices.Unsafe.dll
  - System.Runtime.CompilerServices.VisualC.dll 10.0.8 at C:\Program Files\dotnet\packs\Microsoft.NETCore.App.Ref\10.0.8\ref\net10.0\System.Runtime.CompilerServices.VisualC.dll
  - System.Runtime.dll 10.0.8 at C:\Program Files\dotnet\packs\Microsoft.NETCore.App.Ref\10.0.8\ref\net10.0\System.Runtime.dll
  - System.Runtime.Extensions.dll 10.0.8 at C:\Program Files\dotnet\packs\Microsoft.NETCore.App.Ref\10.0.8\ref\net10.0\System.Runtime.Extensions.dll
  - System.Runtime.Handles.dll 10.0.8 at C:\Program Files\dotnet\packs\Microsoft.NETCore.App.Ref\10.0.8\ref\net10.0\System.Runtime.Handles.dll
  - System.Runtime.InteropServices.dll 10.0.8 at C:\Program Files\dotnet\packs\Microsoft.NETCore.App.Ref\10.0.8\ref\net10.0\System.Runtime.InteropServices.dll
  - System.Runtime.InteropServices.JavaScript.dll 10.0.8 at C:\Program Files\dotnet\packs\Microsoft.NETCore.App.Ref\10.0.8\ref\net10.0\System.Runtime.InteropServices.JavaScript.dll
  - System.Runtime.InteropServices.RuntimeInformation.dll 10.0.8 at C:\Program Files\dotnet\packs\Microsoft.NETCore.App.Ref\10.0.8\ref\net10.0\System.Runtime.InteropServices.RuntimeInformation.dll
  - System.Runtime.Intrinsics.dll 10.0.8 at C:\Program Files\dotnet\packs\Microsoft.NETCore.App.Ref\10.0.8\ref\net10.0\System.Runtime.Intrinsics.dll
  - System.Runtime.Loader.dll 10.0.8 at C:\Program Files\dotnet\packs\Microsoft.NETCore.App.Ref\10.0.8\ref\net10.0\System.Runtime.Loader.dll
  - System.Runtime.Numerics.dll 10.0.8 at C:\Program Files\dotnet\packs\Microsoft.NETCore.App.Ref\10.0.8\ref\net10.0\System.Runtime.Numerics.dll
  - System.Runtime.Serialization.dll 10.0.8 at C:\Program Files\dotnet\packs\Microsoft.NETCore.App.Ref\10.0.8\ref\net10.0\System.Runtime.Serialization.dll
  - System.Runtime.Serialization.Formatters.dll 10.0.8 at C:\Program Files\dotnet\packs\Microsoft.NETCore.App.Ref\10.0.8\ref\net10.0\System.Runtime.Serialization.Formatters.dll
  - System.Runtime.Serialization.Json.dll 10.0.8 at C:\Program Files\dotnet\packs\Microsoft.NETCore.App.Ref\10.0.8\ref\net10.0\System.Runtime.Serialization.Json.dll
  - System.Runtime.Serialization.Primitives.dll 10.0.8 at C:\Program Files\dotnet\packs\Microsoft.NETCore.App.Ref\10.0.8\ref\net10.0\System.Runtime.Serialization.Primitives.dll
  - System.Runtime.Serialization.Xml.dll 10.0.8 at C:\Program Files\dotnet\packs\Microsoft.NETCore.App.Ref\10.0.8\ref\net10.0\System.Runtime.Serialization.Xml.dll
  - System.Security.AccessControl.dll 10.0.8 at C:\Program Files\dotnet\packs\Microsoft.NETCore.App.Ref\10.0.8\ref\net10.0\System.Security.AccessControl.dll
  - System.Security.Claims.dll 10.0.8 at C:\Program Files\dotnet\packs\Microsoft.NETCore.App.Ref\10.0.8\ref\net10.0\System.Security.Claims.dll
  - System.Security.Cryptography.Algorithms.dll 10.0.8 at C:\Program Files\dotnet\packs\Microsoft.NETCore.App.Ref\10.0.8\ref\net10.0\System.Security.Cryptography.Algorithms.dll
  - System.Security.Cryptography.Cng.dll 10.0.8 at C:\Program Files\dotnet\packs\Microsoft.NETCore.App.Ref\10.0.8\ref\net10.0\System.Security.Cryptography.Cng.dll
  - System.Security.Cryptography.Csp.dll 10.0.8 at C:\Program Files\dotnet\packs\Microsoft.NETCore.App.Ref\10.0.8\ref\net10.0\System.Security.Cryptography.Csp.dll
  - System.Security.Cryptography.dll 10.0.8 at C:\Program Files\dotnet\packs\Microsoft.NETCore.App.Ref\10.0.8\ref\net10.0\System.Security.Cryptography.dll
  - System.Security.Cryptography.Encoding.dll 10.0.8 at C:\Program Files\dotnet\packs\Microsoft.NETCore.App.Ref\10.0.8\ref\net10.0\System.Security.Cryptography.Encoding.dll
  - System.Security.Cryptography.OpenSsl.dll 10.0.8 at C:\Program Files\dotnet\packs\Microsoft.NETCore.App.Ref\10.0.8\ref\net10.0\System.Security.Cryptography.OpenSsl.dll
  - System.Security.Cryptography.Pkcs.dll 9.0.9 at C:\Users\tddkhanh\.nuget\packages\system.security.cryptography.pkcs\9.0.9\lib\net9.0\System.Security.Cryptography.Pkcs.dll
  - System.Security.Cryptography.Primitives.dll 10.0.8 at C:\Program Files\dotnet\packs\Microsoft.NETCore.App.Ref\10.0.8\ref\net10.0\System.Security.Cryptography.Primitives.dll
  - System.Security.Cryptography.X509Certificates.dll 10.0.8 at C:\Program Files\dotnet\packs\Microsoft.NETCore.App.Ref\10.0.8\ref\net10.0\System.Security.Cryptography.X509Certificates.dll
  - System.Security.Cryptography.Xml.dll 10.0.8 at C:\Program Files\dotnet\packs\Microsoft.AspNetCore.App.Ref\10.0.8\ref\net10.0\System.Security.Cryptography.Xml.dll
  - System.Security.dll 10.0.8 at C:\Program Files\dotnet\packs\Microsoft.NETCore.App.Ref\10.0.8\ref\net10.0\System.Security.dll
  - System.Security.Principal.dll 10.0.8 at C:\Program Files\dotnet\packs\Microsoft.NETCore.App.Ref\10.0.8\ref\net10.0\System.Security.Principal.dll
  - System.Security.Principal.Windows.dll 10.0.8 at C:\Program Files\dotnet\packs\Microsoft.NETCore.App.Ref\10.0.8\ref\net10.0\System.Security.Principal.Windows.dll
  - System.Security.SecureString.dll 10.0.8 at C:\Program Files\dotnet\packs\Microsoft.NETCore.App.Ref\10.0.8\ref\net10.0\System.Security.SecureString.dll
  - System.ServiceModel.Web.dll 10.0.8 at C:\Program Files\dotnet\packs\Microsoft.NETCore.App.Ref\10.0.8\ref\net10.0\System.ServiceModel.Web.dll
  - System.ServiceProcess.dll 10.0.8 at C:\Program Files\dotnet\packs\Microsoft.NETCore.App.Ref\10.0.8\ref\net10.0\System.ServiceProcess.dll
  - System.Text.Encoding.CodePages.dll 10.0.8 at C:\Program Files\dotnet\packs\Microsoft.NETCore.App.Ref\10.0.8\ref\net10.0\System.Text.Encoding.CodePages.dll
  - System.Text.Encoding.dll 10.0.8 at C:\Program Files\dotnet\packs\Microsoft.NETCore.App.Ref\10.0.8\ref\net10.0\System.Text.Encoding.dll
  - System.Text.Encoding.Extensions.dll 10.0.8 at C:\Program Files\dotnet\packs\Microsoft.NETCore.App.Ref\10.0.8\ref\net10.0\System.Text.Encoding.Extensions.dll
  - System.Text.Encodings.Web.dll 10.0.8 at C:\Program Files\dotnet\packs\Microsoft.NETCore.App.Ref\10.0.8\ref\net10.0\System.Text.Encodings.Web.dll
  - System.Text.Json.dll 10.0.8 at C:\Program Files\dotnet\packs\Microsoft.NETCore.App.Ref\10.0.8\ref\net10.0\System.Text.Json.dll
  - System.Text.RegularExpressions.dll 10.0.8 at C:\Program Files\dotnet\packs\Microsoft.NETCore.App.Ref\10.0.8\ref\net10.0\System.Text.RegularExpressions.dll
  - System.Threading.AccessControl.dll 10.0.8 at C:\Program Files\dotnet\packs\Microsoft.NETCore.App.Ref\10.0.8\ref\net10.0\System.Threading.AccessControl.dll
  - System.Threading.Channels.dll 10.0.8 at C:\Program Files\dotnet\packs\Microsoft.NETCore.App.Ref\10.0.8\ref\net10.0\System.Threading.Channels.dll
  - System.Threading.dll 10.0.8 at C:\Program Files\dotnet\packs\Microsoft.NETCore.App.Ref\10.0.8\ref\net10.0\System.Threading.dll
  - System.Threading.Overlapped.dll 10.0.8 at C:\Program Files\dotnet\packs\Microsoft.NETCore.App.Ref\10.0.8\ref\net10.0\System.Threading.Overlapped.dll
  - System.Threading.RateLimiting.dll 10.0.8 at C:\Program Files\dotnet\packs\Microsoft.AspNetCore.App.Ref\10.0.8\ref\net10.0\System.Threading.RateLimiting.dll
  - System.Threading.Tasks.Dataflow.dll 10.0.8 at C:\Program Files\dotnet\packs\Microsoft.NETCore.App.Ref\10.0.8\ref\net10.0\System.Threading.Tasks.Dataflow.dll
  - System.Threading.Tasks.dll 10.0.8 at C:\Program Files\dotnet\packs\Microsoft.NETCore.App.Ref\10.0.8\ref\net10.0\System.Threading.Tasks.dll
  - System.Threading.Tasks.Extensions.dll 10.0.8 at C:\Program Files\dotnet\packs\Microsoft.NETCore.App.Ref\10.0.8\ref\net10.0\System.Threading.Tasks.Extensions.dll
  - System.Threading.Tasks.Parallel.dll 10.0.8 at C:\Program Files\dotnet\packs\Microsoft.NETCore.App.Ref\10.0.8\ref\net10.0\System.Threading.Tasks.Parallel.dll
  - System.Threading.Thread.dll 10.0.8 at C:\Program Files\dotnet\packs\Microsoft.NETCore.App.Ref\10.0.8\ref\net10.0\System.Threading.Thread.dll
  - System.Threading.ThreadPool.dll 10.0.8 at C:\Program Files\dotnet\packs\Microsoft.NETCore.App.Ref\10.0.8\ref\net10.0\System.Threading.ThreadPool.dll
  - System.Threading.Timer.dll 10.0.8 at C:\Program Files\dotnet\packs\Microsoft.NETCore.App.Ref\10.0.8\ref\net10.0\System.Threading.Timer.dll
  - System.Transactions.dll 10.0.8 at C:\Program Files\dotnet\packs\Microsoft.NETCore.App.Ref\10.0.8\ref\net10.0\System.Transactions.dll
  - System.Transactions.Local.dll 10.0.8 at C:\Program Files\dotnet\packs\Microsoft.NETCore.App.Ref\10.0.8\ref\net10.0\System.Transactions.Local.dll
  - System.ValueTuple.dll 10.0.8 at C:\Program Files\dotnet\packs\Microsoft.NETCore.App.Ref\10.0.8\ref\net10.0\System.ValueTuple.dll
  - System.Web.dll 10.0.8 at C:\Program Files\dotnet\packs\Microsoft.NETCore.App.Ref\10.0.8\ref\net10.0\System.Web.dll
  - System.Web.HttpUtility.dll 10.0.8 at C:\Program Files\dotnet\packs\Microsoft.NETCore.App.Ref\10.0.8\ref\net10.0\System.Web.HttpUtility.dll
  - System.Windows.dll 10.0.8 at C:\Program Files\dotnet\packs\Microsoft.NETCore.App.Ref\10.0.8\ref\net10.0\System.Windows.dll
  - System.Xml.dll 10.0.8 at C:\Program Files\dotnet\packs\Microsoft.NETCore.App.Ref\10.0.8\ref\net10.0\System.Xml.dll
  - System.Xml.Linq.dll 10.0.8 at C:\Program Files\dotnet\packs\Microsoft.NETCore.App.Ref\10.0.8\ref\net10.0\System.Xml.Linq.dll
  - System.Xml.ReaderWriter.dll 10.0.8 at C:\Program Files\dotnet\packs\Microsoft.NETCore.App.Ref\10.0.8\ref\net10.0\System.Xml.ReaderWriter.dll
  - System.Xml.Serialization.dll 10.0.8 at C:\Program Files\dotnet\packs\Microsoft.NETCore.App.Ref\10.0.8\ref\net10.0\System.Xml.Serialization.dll
  - System.Xml.XDocument.dll 10.0.8 at C:\Program Files\dotnet\packs\Microsoft.NETCore.App.Ref\10.0.8\ref\net10.0\System.Xml.XDocument.dll
  - System.Xml.XmlDocument.dll 10.0.8 at C:\Program Files\dotnet\packs\Microsoft.NETCore.App.Ref\10.0.8\ref\net10.0\System.Xml.XmlDocument.dll
  - System.Xml.XmlSerializer.dll 10.0.8 at C:\Program Files\dotnet\packs\Microsoft.NETCore.App.Ref\10.0.8\ref\net10.0\System.Xml.XmlSerializer.dll
  - System.Xml.XPath.dll 10.0.8 at C:\Program Files\dotnet\packs\Microsoft.NETCore.App.Ref\10.0.8\ref\net10.0\System.Xml.XPath.dll
  - System.Xml.XPath.XDocument.dll 10.0.8 at C:\Program Files\dotnet\packs\Microsoft.NETCore.App.Ref\10.0.8\ref\net10.0\System.Xml.XPath.XDocument.dll
  - Telerik.AI.SmartComponents.Extensions.dll 2.2.1 at C:\Users\tddkhanh\.nuget\packages\telerik.ai.smartcomponents.extensions\2.2.1\lib\net8.0\Telerik.AI.SmartComponents.Extensions.dll
  - Telerik.Blazor.dll 14.0.0 at C:\Users\tddkhanh\.nuget\packages\telerik.ui.for.blazor\14.0.0\lib\net8.0\Telerik.Blazor.dll
  - Telerik.DataSource.dll 4.1.0 at C:\Users\tddkhanh\.nuget\packages\telerik.datasource\4.1.0\lib\net8.0\Telerik.DataSource.dll
  - Telerik.Documents.Core.dll 2026.2.519 at C:\Users\tddkhanh\.nuget\packages\telerik.documents.core\2026.2.519\lib\netstandard2.0\Telerik.Documents.Core.dll
  - Telerik.Documents.Fixed.dll 2026.2.519 at C:\Users\tddkhanh\.nuget\packages\telerik.documents.fixed\2026.2.519\lib\netstandard2.0\Telerik.Documents.Fixed.dll
  - Telerik.Documents.Spreadsheet.dll 2026.2.519 at C:\Users\tddkhanh\.nuget\packages\telerik.documents.spreadsheet\2026.2.519\lib\netstandard2.0\Telerik.Documents.Spreadsheet.dll
  - Telerik.Documents.Spreadsheet.FormatProviders.Pdf.dll 2026.2.519 at C:\Users\tddkhanh\.nuget\packages\telerik.documents.spreadsheet.formatproviders.pdf\2026.2.519\lib\netstandard2.0\Telerik.Documents.Spreadsheet.FormatProviders.Pdf.dll
  - Telerik.Documents.SpreadsheetStreaming.dll 2026.2.519 at C:\Users\tddkhanh\.nuget\packages\telerik.documents.spreadsheetstreaming\2026.2.519\lib\netstandard2.0\Telerik.Documents.SpreadsheetStreaming.dll
  - Telerik.FontIcons.dll 4.9.2 at C:\Users\tddkhanh\.nuget\packages\telerik.fonticons\4.9.2\lib\netstandard2.0\Telerik.FontIcons.dll
  - Telerik.Licensing.Runtime.dll 1.8.2 at C:\Users\tddkhanh\.nuget\packages\telerik.licensing\1.8.2\lib\net10.0\Telerik.Licensing.Runtime.dll
  - Telerik.Pivot.Core.dll 1.0.0 at C:\Users\tddkhanh\.nuget\packages\telerik.pivot.core\1.0.0\lib\net8.0\Telerik.Pivot.Core.dll
  - Telerik.Pivot.DataProviders.Xmla.dll 1.0.0 at C:\Users\tddkhanh\.nuget\packages\telerik.pivot.dataproviders.xmla\1.0.0\lib\net8.0\Telerik.Pivot.DataProviders.Xmla.dll
  - Telerik.Recurrence.dll 1.0.0 at C:\Users\tddkhanh\.nuget\packages\telerik.recurrence\1.0.0\lib\net8.0\Telerik.Recurrence.dll
  - Telerik.SvgIcons.dll 4.9.2 at C:\Users\tddkhanh\.nuget\packages\telerik.svgicons\4.9.2\lib\netstandard2.0\Telerik.SvgIcons.dll
  - Telerik.Zip.dll 2026.2.519 at C:\Users\tddkhanh\.nuget\packages\telerik.zip\2026.2.519\lib\netstandard2.0\Telerik.Zip.dll
  - WindowsBase.dll 10.0.8 at C:\Program Files\dotnet\packs\Microsoft.NETCore.App.Ref\10.0.8\ref\net10.0\WindowsBase.dll
  MachineId=T67PQYIlb9W6VOVNpg1C57e7U0Q=

[2026-05-29 02:37:40.427] [Low]   Looking for Telerik product metadata in referenced assemblies
      - C:\Users\tddkhanh\.nuget\packages\telerik.ui.for.blazor\14.0.0\lib\net8.0\Telerik.Blazor.dll
        ProductCode: BLAZOR, LicenseDate: 2026-05-20, ProductName: Telerik UI for Blazor, ProductVersion: 14.0.0.0, Flags: None
        Transitive product references:
        - DPL 2026-05-19 (redistributed by: RCWPF;RCWF;MAUI;UIXAM;WINUI;RCAJAX;KENDOUIMVC;UIASPCORE;BLAZOR) Telerik Document Processing Libraries 2026.2.519.20
      - C:\Users\tddkhanh\.nuget\packages\telerik.documents.core\2026.2.519\lib\netstandard2.0\Telerik.Documents.Core.dll
        ProductCode: DPL, LicenseDate: 2026-05-19, Redistributed By: RCWPF, RCWF, MAUI, UIXAM, WINUI, RCAJAX, KENDOUIMVC, UIASPCORE, BLAZOR, ProductName: Telerik Document Processing Libraries, ProductVersion: 2026.2.519.20, Flags: None
      - C:\Users\tddkhanh\.nuget\packages\telerik.documents.fixed\2026.2.519\lib\netstandard2.0\Telerik.Documents.Fixed.dll
        ProductCode: DPL, LicenseDate: 2026-05-19, Redistributed By: RCWPF, RCWF, MAUI, UIXAM, WINUI, RCAJAX, KENDOUIMVC, UIASPCORE, BLAZOR, ProductName: Telerik Document Processing Libraries, ProductVersion: 2026.2.519.20, Flags: None
      - C:\Users\tddkhanh\.nuget\packages\telerik.documents.spreadsheet\2026.2.519\lib\netstandard2.0\Telerik.Documents.Spreadsheet.dll
        ProductCode: DPL, LicenseDate: 2026-05-19, Redistributed By: RCWPF, RCWF, MAUI, UIXAM, WINUI, RCAJAX, KENDOUIMVC, UIASPCORE, BLAZOR, ProductName: Telerik Document Processing Libraries, ProductVersion: 2026.2.519.20, Flags: None
      - C:\Users\tddkhanh\.nuget\packages\telerik.documents.spreadsheet.formatproviders.pdf\2026.2.519\lib\netstandard2.0\Telerik.Documents.Spreadsheet.FormatProviders.Pdf.dll
        ProductCode: DPL, LicenseDate: 2026-05-19, Redistributed By: RCWPF, RCWF, MAUI, UIXAM, WINUI, RCAJAX, KENDOUIMVC, UIASPCORE, BLAZOR, ProductName: Telerik Document Processing Libraries, ProductVersion: 2026.2.519.20, Flags: None
      - C:\Users\tddkhanh\.nuget\packages\telerik.documents.spreadsheetstreaming\2026.2.519\lib\netstandard2.0\Telerik.Documents.SpreadsheetStreaming.dll
        ProductCode: DPL, LicenseDate: 2026-05-19, Redistributed By: RCWPF, RCWF, MAUI, UIXAM, WINUI, RCAJAX, KENDOUIMVC, UIASPCORE, BLAZOR, ProductName: Telerik Document Processing Libraries, ProductVersion: 2026.2.519.20, Flags: None
      - C:\Users\tddkhanh\.nuget\packages\telerik.zip\2026.2.519\lib\netstandard2.0\Telerik.Zip.dll
        ProductCode: DPL, LicenseDate: 2026-05-19, Redistributed By: RCWPF, RCWF, MAUI, UIXAM, WINUI, RCAJAX, KENDOUIMVC, UIASPCORE, BLAZOR, ProductName: Telerik Document Processing Libraries, ProductVersion: 2026.2.519.20, Flags: None
      Unique Products:
      - "Telerik UI for Blazor" (BLAZOR) 14.0.0.0 @2026-05-20
      - "Telerik Document Processing Libraries" (DPL) 2026.2.519.20 @2026-05-19
      Found a total of 2 referenced Telerik products for net10.0

[2026-05-29 02:37:40.443] [Low]   Provision Licensing
        Looking up license file...
        - EnvironmentVariablePath: TELERIK_LICENSE_PATH (NotAvailable)
        - EnvironmentVariable: TELERIK_LICENSE (NotAvailable)
        - EnvironmentVariable: KENDO_UI_LICENSE (NotAvailable)
        - RecursiveFilePath: D:\Code\Blazor\TelerikGrid\TelerikGrid\telerik-license.txt (NotAvailable)
        - RecursiveFilePath: D:\Code\Blazor\TelerikGrid\TelerikGrid\kendo-ui-license.txt (NotAvailable)
        - RecursiveFilePath: D:\Code\Blazor\TelerikGrid\telerik-license.txt (NotAvailable)
        - RecursiveFilePath: D:\Code\Blazor\TelerikGrid\kendo-ui-license.txt (NotAvailable)
        - RecursiveFilePath: D:\Code\Blazor\telerik-license.txt (NotAvailable)
        - RecursiveFilePath: D:\Code\Blazor\kendo-ui-license.txt (NotAvailable)
        - RecursiveFilePath: D:\Code\telerik-license.txt (NotAvailable)
        - RecursiveFilePath: D:\Code\kendo-ui-license.txt (NotAvailable)
        - RecursiveFilePath: D:\telerik-license.txt (NotAvailable)
        - RecursiveFilePath: D:\kendo-ui-license.txt (NotAvailable)
        - UserDirectory: C:\Users\tddkhanh\AppData\Roaming\Telerik\telerik-license.txt (LicenseFound)
        - UserDirectory: C:\Users\tddkhanh\AppData\Roaming\Telerik\kendo-ui-license.txt (Skip)
        LicenseKey
        - AUD: t************@g****.com
        - UsedId: 344ca679-260a-4541-b9a7-cafe8537ed1f
        - LicenseId: de0ab21e-4a76-46d5-b1d8-a860fc8a108a
        - IssuedAt: 5/27/2026 11:20:30 PM
        - Licenses
          0) Trial BLAZOR, expiration 6/26/2026 3:27:27 AM, type: 'trial'
          1) Usage UserId: 344ca679-260a-4541-b9a7-cafe8537ed1f, LicenseId: de0ab21e-4a76-46d5-b1d8-a860fc8a108a, type: 'usage'

[2026-05-29 02:37:40.447] [Low]   License Resolution
        Messages
          - License OK for "Telerik UI for Blazor" (BLAZOR) 14.0.0.0 @2026-05-20 - Trial, valid until 2026-06-26.
          - License OK for "Telerik Document Processing Libraries" (DPL) 2026.2.519.20 @2026-05-19 - Trial for BLAZOR, valid until 2026-06-26.
        JWTs
          - eyJhbGciOiJSUzI1NiIsInR5cCI6IlRlbGVyaWsgTGljZW5zZSBFdmlkZW5jZSJ9.eyJjb2RlIjoiQkxBWk9SIiwidHlwZSI6InRyaWFsIiwiZXhwaXJhdGlvbiI6MTc4MjQ0NDQ0NywidXNlcklkIjoiMzQ0Y2E2NzktMjYwYS00NTQxLWI5YTctY2FmZTg1MzdlZDFmIiwibGljZW5zZUlkIjoiZGUwYWIyMWUtNGE3Ni00NmQ1LWIxZDgtYTg2MGZjOGExMDhhIn0.zRRYGeaQHW_-AN5jMEypWMNjOlATOXZHpV5AHN3NlbngssoYs7K9y_qOaxXPcylCIl3h5K6r9iwFKWe9xaIU0G-MXBTvRZpfbkiZtrYp4puaC1ONeHElHT_DqQnoqIb93UpJOBwO4SFWFzoHgPYcY7w8xTV82tVxIgXFRxwPyfGNrV7rD2oGDM3cvIFGOQT4i5dO67MzBDduG-4R9bofmMXKaj0qv69aM44f6A8t2DOPWIgTIqNcjp69XT-RM9i1zLy3sNEvrb9nntBRNqqXoj2OZtPiSjDFA6s-WWJkTpLuvZHieCL2T3LY_H0WNG2LHsYc2l4FPDttY99f0L27IA
        Licenses
          - License OK for "Telerik UI for Blazor" (BLAZOR) 14.0.0.0 @2026-05-20 - Trial, valid until 2026-06-26.
          - License OK for "Telerik Document Processing Libraries" (DPL) 2026.2.519.20 @2026-05-19 - Trial for BLAZOR, valid until 2026-06-26.

[2026-05-29 02:37:40.448] [Low] OutputType: Exe, ImportXamlTargets: False
[2026-05-29 02:37:40.449] [Low] LicenseEvidence CodeGen: Up to date!
[2026-05-29 02:37:40.460] [Low] 
      Call-Home Telerik Products (2 for net10.0)
      - "Telerik UI for Blazor" (BLAZOR) 14.0.0
      - "DPL" (DPL) 2026.2.519

[2026-05-29 02:37:40.460] [Low] 
[2026-05-29 02:37:40.461] [Low] 
      Call-Home Telerik Features (0 for net10.0)

[2026-05-29 02:37:40.461] [Low] 
[2026-05-29 02:37:40.493] [Low]   Report Telerik.Licensing
        UserId: 344ca679-260a-4541-b9a7-cafe8537ed1f
        LicenseId: de0ab21e-4a76-46d5-b1d8-a860fc8a108a
        Products
        - LicenseUsed BLAZOR 14.0.0.0 SKIPPED
        - LicenseUsed DPL 2026.2.519.20 SKIPPED
      Report finished in 00:00:00.0310407

[2026-05-29 02:37:40.493] [Low]   Sending Telemetry...
[2026-05-29 02:37:40.513] [Low]   Metrics done 00:00:00.0196976
[2026-05-29 02:37:40.514] [Normal] Resolve Telerik Products. Done (00:00:00.1961617) for net10.0
[2026-05-29 04:45:18.814] [Normal] Resolve Telerik Products.
  MSBuildProjectName=TelerikGrid
  MSBuildProjectDirectory=D:\Code\Blazor\TelerikGrid\TelerikGrid
  MSBuildProjectExtension=.csproj
  Language=C#
  OutputPath=bin\Debug\net10.0\
  Platform=AnyCPU
  TargetFramework=net10.0
  TargetFrameworks=
  TargetFrameworkVersion=v10.0
  VisualStudioVersion=18.0
  UsingMicrosoftNETSdk=true
  UsingMicrosoftNETSdkRazor=true
  UsingMicrosoftNETSdkWeb=true
  ImportXamlTargets=False
  OutputType=Exe
  UseMaui=
  NuGetPackageRoot=C:\Users\tddkhanh\.nuget\packages\

  PackageReferences
  - Telerik.UI.for.Blazor 14.0.0
  - Microsoft.AspNetCore.App.Internal.Assets 10.0.8
  ReferencePaths
  - Microsoft.AspNetCore.Antiforgery.dll 10.0.8 at C:\Program Files\dotnet\packs\Microsoft.AspNetCore.App.Ref\10.0.8\ref\net10.0\Microsoft.AspNetCore.Antiforgery.dll
  - Microsoft.AspNetCore.Authentication.Abstractions.dll 10.0.8 at C:\Program Files\dotnet\packs\Microsoft.AspNetCore.App.Ref\10.0.8\ref\net10.0\Microsoft.AspNetCore.Authentication.Abstractions.dll
  - Microsoft.AspNetCore.Authentication.BearerToken.dll 10.0.8 at C:\Program Files\dotnet\packs\Microsoft.AspNetCore.App.Ref\10.0.8\ref\net10.0\Microsoft.AspNetCore.Authentication.BearerToken.dll
  - Microsoft.AspNetCore.Authentication.Cookies.dll 10.0.8 at C:\Program Files\dotnet\packs\Microsoft.AspNetCore.App.Ref\10.0.8\ref\net10.0\Microsoft.AspNetCore.Authentication.Cookies.dll
  - Microsoft.AspNetCore.Authentication.Core.dll 10.0.8 at C:\Program Files\dotnet\packs\Microsoft.AspNetCore.App.Ref\10.0.8\ref\net10.0\Microsoft.AspNetCore.Authentication.Core.dll
  - Microsoft.AspNetCore.Authentication.dll 10.0.8 at C:\Program Files\dotnet\packs\Microsoft.AspNetCore.App.Ref\10.0.8\ref\net10.0\Microsoft.AspNetCore.Authentication.dll
  - Microsoft.AspNetCore.Authentication.OAuth.dll 10.0.8 at C:\Program Files\dotnet\packs\Microsoft.AspNetCore.App.Ref\10.0.8\ref\net10.0\Microsoft.AspNetCore.Authentication.OAuth.dll
  - Microsoft.AspNetCore.Authorization.dll 10.0.8 at C:\Program Files\dotnet\packs\Microsoft.AspNetCore.App.Ref\10.0.8\ref\net10.0\Microsoft.AspNetCore.Authorization.dll
  - Microsoft.AspNetCore.Authorization.Policy.dll 10.0.8 at C:\Program Files\dotnet\packs\Microsoft.AspNetCore.App.Ref\10.0.8\ref\net10.0\Microsoft.AspNetCore.Authorization.Policy.dll
  - Microsoft.AspNetCore.Components.Authorization.dll 10.0.8 at C:\Program Files\dotnet\packs\Microsoft.AspNetCore.App.Ref\10.0.8\ref\net10.0\Microsoft.AspNetCore.Components.Authorization.dll
  - Microsoft.AspNetCore.Components.dll 10.0.8 at C:\Program Files\dotnet\packs\Microsoft.AspNetCore.App.Ref\10.0.8\ref\net10.0\Microsoft.AspNetCore.Components.dll
  - Microsoft.AspNetCore.Components.Endpoints.dll 10.0.8 at C:\Program Files\dotnet\packs\Microsoft.AspNetCore.App.Ref\10.0.8\ref\net10.0\Microsoft.AspNetCore.Components.Endpoints.dll
  - Microsoft.AspNetCore.Components.Forms.dll 10.0.8 at C:\Program Files\dotnet\packs\Microsoft.AspNetCore.App.Ref\10.0.8\ref\net10.0\Microsoft.AspNetCore.Components.Forms.dll
  - Microsoft.AspNetCore.Components.Server.dll 10.0.8 at C:\Program Files\dotnet\packs\Microsoft.AspNetCore.App.Ref\10.0.8\ref\net10.0\Microsoft.AspNetCore.Components.Server.dll
  - Microsoft.AspNetCore.Components.Web.dll 10.0.8 at C:\Program Files\dotnet\packs\Microsoft.AspNetCore.App.Ref\10.0.8\ref\net10.0\Microsoft.AspNetCore.Components.Web.dll
  - Microsoft.AspNetCore.Connections.Abstractions.dll 10.0.8 at C:\Program Files\dotnet\packs\Microsoft.AspNetCore.App.Ref\10.0.8\ref\net10.0\Microsoft.AspNetCore.Connections.Abstractions.dll
  - Microsoft.AspNetCore.CookiePolicy.dll 10.0.8 at C:\Program Files\dotnet\packs\Microsoft.AspNetCore.App.Ref\10.0.8\ref\net10.0\Microsoft.AspNetCore.CookiePolicy.dll
  - Microsoft.AspNetCore.Cors.dll 10.0.8 at C:\Program Files\dotnet\packs\Microsoft.AspNetCore.App.Ref\10.0.8\ref\net10.0\Microsoft.AspNetCore.Cors.dll
  - Microsoft.AspNetCore.Cryptography.Internal.dll 10.0.8 at C:\Program Files\dotnet\packs\Microsoft.AspNetCore.App.Ref\10.0.8\ref\net10.0\Microsoft.AspNetCore.Cryptography.Internal.dll
  - Microsoft.AspNetCore.Cryptography.KeyDerivation.dll 10.0.8 at C:\Program Files\dotnet\packs\Microsoft.AspNetCore.App.Ref\10.0.8\ref\net10.0\Microsoft.AspNetCore.Cryptography.KeyDerivation.dll
  - Microsoft.AspNetCore.DataProtection.Abstractions.dll 10.0.8 at C:\Program Files\dotnet\packs\Microsoft.AspNetCore.App.Ref\10.0.8\ref\net10.0\Microsoft.AspNetCore.DataProtection.Abstractions.dll
  - Microsoft.AspNetCore.DataProtection.dll 10.0.8 at C:\Program Files\dotnet\packs\Microsoft.AspNetCore.App.Ref\10.0.8\ref\net10.0\Microsoft.AspNetCore.DataProtection.dll
  - Microsoft.AspNetCore.DataProtection.Extensions.dll 10.0.8 at C:\Program Files\dotnet\packs\Microsoft.AspNetCore.App.Ref\10.0.8\ref\net10.0\Microsoft.AspNetCore.DataProtection.Extensions.dll
  - Microsoft.AspNetCore.Diagnostics.Abstractions.dll 10.0.8 at C:\Program Files\dotnet\packs\Microsoft.AspNetCore.App.Ref\10.0.8\ref\net10.0\Microsoft.AspNetCore.Diagnostics.Abstractions.dll
  - Microsoft.AspNetCore.Diagnostics.dll 10.0.8 at C:\Program Files\dotnet\packs\Microsoft.AspNetCore.App.Ref\10.0.8\ref\net10.0\Microsoft.AspNetCore.Diagnostics.dll
  - Microsoft.AspNetCore.Diagnostics.HealthChecks.dll 10.0.8 at C:\Program Files\dotnet\packs\Microsoft.AspNetCore.App.Ref\10.0.8\ref\net10.0\Microsoft.AspNetCore.Diagnostics.HealthChecks.dll
  - Microsoft.AspNetCore.dll 10.0.8 at C:\Program Files\dotnet\packs\Microsoft.AspNetCore.App.Ref\10.0.8\ref\net10.0\Microsoft.AspNetCore.dll
  - Microsoft.AspNetCore.HostFiltering.dll 10.0.8 at C:\Program Files\dotnet\packs\Microsoft.AspNetCore.App.Ref\10.0.8\ref\net10.0\Microsoft.AspNetCore.HostFiltering.dll
  - Microsoft.AspNetCore.Hosting.Abstractions.dll 10.0.8 at C:\Program Files\dotnet\packs\Microsoft.AspNetCore.App.Ref\10.0.8\ref\net10.0\Microsoft.AspNetCore.Hosting.Abstractions.dll
  - Microsoft.AspNetCore.Hosting.dll 10.0.8 at C:\Program Files\dotnet\packs\Microsoft.AspNetCore.App.Ref\10.0.8\ref\net10.0\Microsoft.AspNetCore.Hosting.dll
  - Microsoft.AspNetCore.Hosting.Server.Abstractions.dll 10.0.8 at C:\Program Files\dotnet\packs\Microsoft.AspNetCore.App.Ref\10.0.8\ref\net10.0\Microsoft.AspNetCore.Hosting.Server.Abstractions.dll
  - Microsoft.AspNetCore.Html.Abstractions.dll 10.0.8 at C:\Program Files\dotnet\packs\Microsoft.AspNetCore.App.Ref\10.0.8\ref\net10.0\Microsoft.AspNetCore.Html.Abstractions.dll
  - Microsoft.AspNetCore.Http.Abstractions.dll 10.0.8 at C:\Program Files\dotnet\packs\Microsoft.AspNetCore.App.Ref\10.0.8\ref\net10.0\Microsoft.AspNetCore.Http.Abstractions.dll
  - Microsoft.AspNetCore.Http.Connections.Common.dll 10.0.8 at C:\Program Files\dotnet\packs\Microsoft.AspNetCore.App.Ref\10.0.8\ref\net10.0\Microsoft.AspNetCore.Http.Connections.Common.dll
  - Microsoft.AspNetCore.Http.Connections.dll 10.0.8 at C:\Program Files\dotnet\packs\Microsoft.AspNetCore.App.Ref\10.0.8\ref\net10.0\Microsoft.AspNetCore.Http.Connections.dll
  - Microsoft.AspNetCore.Http.dll 10.0.8 at C:\Program Files\dotnet\packs\Microsoft.AspNetCore.App.Ref\10.0.8\ref\net10.0\Microsoft.AspNetCore.Http.dll
  - Microsoft.AspNetCore.Http.Extensions.dll 10.0.8 at C:\Program Files\dotnet\packs\Microsoft.AspNetCore.App.Ref\10.0.8\ref\net10.0\Microsoft.AspNetCore.Http.Extensions.dll
  - Microsoft.AspNetCore.Http.Features.dll 10.0.8 at C:\Program Files\dotnet\packs\Microsoft.AspNetCore.App.Ref\10.0.8\ref\net10.0\Microsoft.AspNetCore.Http.Features.dll
  - Microsoft.AspNetCore.Http.Results.dll 10.0.8 at C:\Program Files\dotnet\packs\Microsoft.AspNetCore.App.Ref\10.0.8\ref\net10.0\Microsoft.AspNetCore.Http.Results.dll
  - Microsoft.AspNetCore.HttpLogging.dll 10.0.8 at C:\Program Files\dotnet\packs\Microsoft.AspNetCore.App.Ref\10.0.8\ref\net10.0\Microsoft.AspNetCore.HttpLogging.dll
  - Microsoft.AspNetCore.HttpOverrides.dll 10.0.8 at C:\Program Files\dotnet\packs\Microsoft.AspNetCore.App.Ref\10.0.8\ref\net10.0\Microsoft.AspNetCore.HttpOverrides.dll
  - Microsoft.AspNetCore.HttpsPolicy.dll 10.0.8 at C:\Program Files\dotnet\packs\Microsoft.AspNetCore.App.Ref\10.0.8\ref\net10.0\Microsoft.AspNetCore.HttpsPolicy.dll
  - Microsoft.AspNetCore.Identity.dll 10.0.8 at C:\Program Files\dotnet\packs\Microsoft.AspNetCore.App.Ref\10.0.8\ref\net10.0\Microsoft.AspNetCore.Identity.dll
  - Microsoft.AspNetCore.Localization.dll 10.0.8 at C:\Program Files\dotnet\packs\Microsoft.AspNetCore.App.Ref\10.0.8\ref\net10.0\Microsoft.AspNetCore.Localization.dll
  - Microsoft.AspNetCore.Localization.Routing.dll 10.0.8 at C:\Program Files\dotnet\packs\Microsoft.AspNetCore.App.Ref\10.0.8\ref\net10.0\Microsoft.AspNetCore.Localization.Routing.dll
  - Microsoft.AspNetCore.Metadata.dll 10.0.8 at C:\Program Files\dotnet\packs\Microsoft.AspNetCore.App.Ref\10.0.8\ref\net10.0\Microsoft.AspNetCore.Metadata.dll
  - Microsoft.AspNetCore.Mvc.Abstractions.dll 10.0.8 at C:\Program Files\dotnet\packs\Microsoft.AspNetCore.App.Ref\10.0.8\ref\net10.0\Microsoft.AspNetCore.Mvc.Abstractions.dll
  - Microsoft.AspNetCore.Mvc.ApiExplorer.dll 10.0.8 at C:\Program Files\dotnet\packs\Microsoft.AspNetCore.App.Ref\10.0.8\ref\net10.0\Microsoft.AspNetCore.Mvc.ApiExplorer.dll
  - Microsoft.AspNetCore.Mvc.Core.dll 10.0.8 at C:\Program Files\dotnet\packs\Microsoft.AspNetCore.App.Ref\10.0.8\ref\net10.0\Microsoft.AspNetCore.Mvc.Core.dll
  - Microsoft.AspNetCore.Mvc.Cors.dll 10.0.8 at C:\Program Files\dotnet\packs\Microsoft.AspNetCore.App.Ref\10.0.8\ref\net10.0\Microsoft.AspNetCore.Mvc.Cors.dll
  - Microsoft.AspNetCore.Mvc.DataAnnotations.dll 10.0.8 at C:\Program Files\dotnet\packs\Microsoft.AspNetCore.App.Ref\10.0.8\ref\net10.0\Microsoft.AspNetCore.Mvc.DataAnnotations.dll
  - Microsoft.AspNetCore.Mvc.dll 10.0.8 at C:\Program Files\dotnet\packs\Microsoft.AspNetCore.App.Ref\10.0.8\ref\net10.0\Microsoft.AspNetCore.Mvc.dll
  - Microsoft.AspNetCore.Mvc.Formatters.Json.dll 10.0.8 at C:\Program Files\dotnet\packs\Microsoft.AspNetCore.App.Ref\10.0.8\ref\net10.0\Microsoft.AspNetCore.Mvc.Formatters.Json.dll
  - Microsoft.AspNetCore.Mvc.Formatters.Xml.dll 10.0.8 at C:\Program Files\dotnet\packs\Microsoft.AspNetCore.App.Ref\10.0.8\ref\net10.0\Microsoft.AspNetCore.Mvc.Formatters.Xml.dll
  - Microsoft.AspNetCore.Mvc.Localization.dll 10.0.8 at C:\Program Files\dotnet\packs\Microsoft.AspNetCore.App.Ref\10.0.8\ref\net10.0\Microsoft.AspNetCore.Mvc.Localization.dll
  - Microsoft.AspNetCore.Mvc.Razor.dll 10.0.8 at C:\Program Files\dotnet\packs\Microsoft.AspNetCore.App.Ref\10.0.8\ref\net10.0\Microsoft.AspNetCore.Mvc.Razor.dll
  - Microsoft.AspNetCore.Mvc.RazorPages.dll 10.0.8 at C:\Program Files\dotnet\packs\Microsoft.AspNetCore.App.Ref\10.0.8\ref\net10.0\Microsoft.AspNetCore.Mvc.RazorPages.dll
  - Microsoft.AspNetCore.Mvc.TagHelpers.dll 10.0.8 at C:\Program Files\dotnet\packs\Microsoft.AspNetCore.App.Ref\10.0.8\ref\net10.0\Microsoft.AspNetCore.Mvc.TagHelpers.dll
  - Microsoft.AspNetCore.Mvc.ViewFeatures.dll 10.0.8 at C:\Program Files\dotnet\packs\Microsoft.AspNetCore.App.Ref\10.0.8\ref\net10.0\Microsoft.AspNetCore.Mvc.ViewFeatures.dll
  - Microsoft.AspNetCore.OutputCaching.dll 10.0.8 at C:\Program Files\dotnet\packs\Microsoft.AspNetCore.App.Ref\10.0.8\ref\net10.0\Microsoft.AspNetCore.OutputCaching.dll
  - Microsoft.AspNetCore.RateLimiting.dll 10.0.8 at C:\Program Files\dotnet\packs\Microsoft.AspNetCore.App.Ref\10.0.8\ref\net10.0\Microsoft.AspNetCore.RateLimiting.dll
  - Microsoft.AspNetCore.Razor.dll 10.0.8 at C:\Program Files\dotnet\packs\Microsoft.AspNetCore.App.Ref\10.0.8\ref\net10.0\Microsoft.AspNetCore.Razor.dll
  - Microsoft.AspNetCore.Razor.Runtime.dll 10.0.8 at C:\Program Files\dotnet\packs\Microsoft.AspNetCore.App.Ref\10.0.8\ref\net10.0\Microsoft.AspNetCore.Razor.Runtime.dll
  - Microsoft.AspNetCore.RequestDecompression.dll 10.0.8 at C:\Program Files\dotnet\packs\Microsoft.AspNetCore.App.Ref\10.0.8\ref\net10.0\Microsoft.AspNetCore.RequestDecompression.dll
  - Microsoft.AspNetCore.ResponseCaching.Abstractions.dll 10.0.8 at C:\Program Files\dotnet\packs\Microsoft.AspNetCore.App.Ref\10.0.8\ref\net10.0\Microsoft.AspNetCore.ResponseCaching.Abstractions.dll
  - Microsoft.AspNetCore.ResponseCaching.dll 10.0.8 at C:\Program Files\dotnet\packs\Microsoft.AspNetCore.App.Ref\10.0.8\ref\net10.0\Microsoft.AspNetCore.ResponseCaching.dll
  - Microsoft.AspNetCore.ResponseCompression.dll 10.0.8 at C:\Program Files\dotnet\packs\Microsoft.AspNetCore.App.Ref\10.0.8\ref\net10.0\Microsoft.AspNetCore.ResponseCompression.dll
  - Microsoft.AspNetCore.Rewrite.dll 10.0.8 at C:\Program Files\dotnet\packs\Microsoft.AspNetCore.App.Ref\10.0.8\ref\net10.0\Microsoft.AspNetCore.Rewrite.dll
  - Microsoft.AspNetCore.Routing.Abstractions.dll 10.0.8 at C:\Program Files\dotnet\packs\Microsoft.AspNetCore.App.Ref\10.0.8\ref\net10.0\Microsoft.AspNetCore.Routing.Abstractions.dll
  - Microsoft.AspNetCore.Routing.dll 10.0.8 at C:\Program Files\dotnet\packs\Microsoft.AspNetCore.App.Ref\10.0.8\ref\net10.0\Microsoft.AspNetCore.Routing.dll
  - Microsoft.AspNetCore.Server.HttpSys.dll 10.0.8 at C:\Program Files\dotnet\packs\Microsoft.AspNetCore.App.Ref\10.0.8\ref\net10.0\Microsoft.AspNetCore.Server.HttpSys.dll
  - Microsoft.AspNetCore.Server.IIS.dll 10.0.8 at C:\Program Files\dotnet\packs\Microsoft.AspNetCore.App.Ref\10.0.8\ref\net10.0\Microsoft.AspNetCore.Server.IIS.dll
  - Microsoft.AspNetCore.Server.IISIntegration.dll 10.0.8 at C:\Program Files\dotnet\packs\Microsoft.AspNetCore.App.Ref\10.0.8\ref\net10.0\Microsoft.AspNetCore.Server.IISIntegration.dll
  - Microsoft.AspNetCore.Server.Kestrel.Core.dll 10.0.8 at C:\Program Files\dotnet\packs\Microsoft.AspNetCore.App.Ref\10.0.8\ref\net10.0\Microsoft.AspNetCore.Server.Kestrel.Core.dll
  - Microsoft.AspNetCore.Server.Kestrel.dll 10.0.8 at C:\Program Files\dotnet\packs\Microsoft.AspNetCore.App.Ref\10.0.8\ref\net10.0\Microsoft.AspNetCore.Server.Kestrel.dll
  - Microsoft.AspNetCore.Server.Kestrel.Transport.NamedPipes.dll 10.0.8 at C:\Program Files\dotnet\packs\Microsoft.AspNetCore.App.Ref\10.0.8\ref\net10.0\Microsoft.AspNetCore.Server.Kestrel.Transport.NamedPipes.dll
  - Microsoft.AspNetCore.Server.Kestrel.Transport.Quic.dll 10.0.8 at C:\Program Files\dotnet\packs\Microsoft.AspNetCore.App.Ref\10.0.8\ref\net10.0\Microsoft.AspNetCore.Server.Kestrel.Transport.Quic.dll
  - Microsoft.AspNetCore.Server.Kestrel.Transport.Sockets.dll 10.0.8 at C:\Program Files\dotnet\packs\Microsoft.AspNetCore.App.Ref\10.0.8\ref\net10.0\Microsoft.AspNetCore.Server.Kestrel.Transport.Sockets.dll
  - Microsoft.AspNetCore.Session.dll 10.0.8 at C:\Program Files\dotnet\packs\Microsoft.AspNetCore.App.Ref\10.0.8\ref\net10.0\Microsoft.AspNetCore.Session.dll
  - Microsoft.AspNetCore.SignalR.Common.dll 10.0.8 at C:\Program Files\dotnet\packs\Microsoft.AspNetCore.App.Ref\10.0.8\ref\net10.0\Microsoft.AspNetCore.SignalR.Common.dll
  - Microsoft.AspNetCore.SignalR.Core.dll 10.0.8 at C:\Program Files\dotnet\packs\Microsoft.AspNetCore.App.Ref\10.0.8\ref\net10.0\Microsoft.AspNetCore.SignalR.Core.dll
  - Microsoft.AspNetCore.SignalR.dll 10.0.8 at C:\Program Files\dotnet\packs\Microsoft.AspNetCore.App.Ref\10.0.8\ref\net10.0\Microsoft.AspNetCore.SignalR.dll
  - Microsoft.AspNetCore.SignalR.Protocols.Json.dll 10.0.8 at C:\Program Files\dotnet\packs\Microsoft.AspNetCore.App.Ref\10.0.8\ref\net10.0\Microsoft.AspNetCore.SignalR.Protocols.Json.dll
  - Microsoft.AspNetCore.StaticAssets.dll 10.0.8 at C:\Program Files\dotnet\packs\Microsoft.AspNetCore.App.Ref\10.0.8\ref\net10.0\Microsoft.AspNetCore.StaticAssets.dll
  - Microsoft.AspNetCore.StaticFiles.dll 10.0.8 at C:\Program Files\dotnet\packs\Microsoft.AspNetCore.App.Ref\10.0.8\ref\net10.0\Microsoft.AspNetCore.StaticFiles.dll
  - Microsoft.AspNetCore.WebSockets.dll 10.0.8 at C:\Program Files\dotnet\packs\Microsoft.AspNetCore.App.Ref\10.0.8\ref\net10.0\Microsoft.AspNetCore.WebSockets.dll
  - Microsoft.AspNetCore.WebUtilities.dll 10.0.8 at C:\Program Files\dotnet\packs\Microsoft.AspNetCore.App.Ref\10.0.8\ref\net10.0\Microsoft.AspNetCore.WebUtilities.dll
  - Microsoft.CSharp.dll 10.0.8 at C:\Program Files\dotnet\packs\Microsoft.NETCore.App.Ref\10.0.8\ref\net10.0\Microsoft.CSharp.dll
  - Microsoft.Extensions.AI.Abstractions.dll 10.4.0 at C:\Users\tddkhanh\.nuget\packages\microsoft.extensions.ai.abstractions\10.4.0\lib\net10.0\Microsoft.Extensions.AI.Abstractions.dll
  - Microsoft.Extensions.AI.dll 10.4.0 at C:\Users\tddkhanh\.nuget\packages\microsoft.extensions.ai\10.4.0\lib\net10.0\Microsoft.Extensions.AI.dll
  - Microsoft.Extensions.Caching.Abstractions.dll 10.0.8 at C:\Program Files\dotnet\packs\Microsoft.AspNetCore.App.Ref\10.0.8\ref\net10.0\Microsoft.Extensions.Caching.Abstractions.dll
  - Microsoft.Extensions.Caching.Memory.dll 10.0.8 at C:\Program Files\dotnet\packs\Microsoft.AspNetCore.App.Ref\10.0.8\ref\net10.0\Microsoft.Extensions.Caching.Memory.dll
  - Microsoft.Extensions.Configuration.Abstractions.dll 10.0.8 at C:\Program Files\dotnet\packs\Microsoft.AspNetCore.App.Ref\10.0.8\ref\net10.0\Microsoft.Extensions.Configuration.Abstractions.dll
  - Microsoft.Extensions.Configuration.Binder.dll 10.0.8 at C:\Program Files\dotnet\packs\Microsoft.AspNetCore.App.Ref\10.0.8\ref\net10.0\Microsoft.Extensions.Configuration.Binder.dll
  - Microsoft.Extensions.Configuration.CommandLine.dll 10.0.8 at C:\Program Files\dotnet\packs\Microsoft.AspNetCore.App.Ref\10.0.8\ref\net10.0\Microsoft.Extensions.Configuration.CommandLine.dll
  - Microsoft.Extensions.Configuration.dll 10.0.8 at C:\Program Files\dotnet\packs\Microsoft.AspNetCore.App.Ref\10.0.8\ref\net10.0\Microsoft.Extensions.Configuration.dll
  - Microsoft.Extensions.Configuration.EnvironmentVariables.dll 10.0.8 at C:\Program Files\dotnet\packs\Microsoft.AspNetCore.App.Ref\10.0.8\ref\net10.0\Microsoft.Extensions.Configuration.EnvironmentVariables.dll
  - Microsoft.Extensions.Configuration.FileExtensions.dll 10.0.8 at C:\Program Files\dotnet\packs\Microsoft.AspNetCore.App.Ref\10.0.8\ref\net10.0\Microsoft.Extensions.Configuration.FileExtensions.dll
  - Microsoft.Extensions.Configuration.Ini.dll 10.0.8 at C:\Program Files\dotnet\packs\Microsoft.AspNetCore.App.Ref\10.0.8\ref\net10.0\Microsoft.Extensions.Configuration.Ini.dll
  - Microsoft.Extensions.Configuration.Json.dll 10.0.8 at C:\Program Files\dotnet\packs\Microsoft.AspNetCore.App.Ref\10.0.8\ref\net10.0\Microsoft.Extensions.Configuration.Json.dll
  - Microsoft.Extensions.Configuration.KeyPerFile.dll 10.0.8 at C:\Program Files\dotnet\packs\Microsoft.AspNetCore.App.Ref\10.0.8\ref\net10.0\Microsoft.Extensions.Configuration.KeyPerFile.dll
  - Microsoft.Extensions.Configuration.UserSecrets.dll 10.0.8 at C:\Program Files\dotnet\packs\Microsoft.AspNetCore.App.Ref\10.0.8\ref\net10.0\Microsoft.Extensions.Configuration.UserSecrets.dll
  - Microsoft.Extensions.Configuration.Xml.dll 10.0.8 at C:\Program Files\dotnet\packs\Microsoft.AspNetCore.App.Ref\10.0.8\ref\net10.0\Microsoft.Extensions.Configuration.Xml.dll
  - Microsoft.Extensions.DependencyInjection.Abstractions.dll 10.0.8 at C:\Program Files\dotnet\packs\Microsoft.AspNetCore.App.Ref\10.0.8\ref\net10.0\Microsoft.Extensions.DependencyInjection.Abstractions.dll
  - Microsoft.Extensions.DependencyInjection.dll 10.0.8 at C:\Program Files\dotnet\packs\Microsoft.AspNetCore.App.Ref\10.0.8\ref\net10.0\Microsoft.Extensions.DependencyInjection.dll
  - Microsoft.Extensions.Diagnostics.Abstractions.dll 10.0.8 at C:\Program Files\dotnet\packs\Microsoft.AspNetCore.App.Ref\10.0.8\ref\net10.0\Microsoft.Extensions.Diagnostics.Abstractions.dll
  - Microsoft.Extensions.Diagnostics.dll 10.0.8 at C:\Program Files\dotnet\packs\Microsoft.AspNetCore.App.Ref\10.0.8\ref\net10.0\Microsoft.Extensions.Diagnostics.dll
  - Microsoft.Extensions.Diagnostics.HealthChecks.Abstractions.dll 10.0.8 at C:\Program Files\dotnet\packs\Microsoft.AspNetCore.App.Ref\10.0.8\ref\net10.0\Microsoft.Extensions.Diagnostics.HealthChecks.Abstractions.dll
  - Microsoft.Extensions.Diagnostics.HealthChecks.dll 10.0.8 at C:\Program Files\dotnet\packs\Microsoft.AspNetCore.App.Ref\10.0.8\ref\net10.0\Microsoft.Extensions.Diagnostics.HealthChecks.dll
  - Microsoft.Extensions.Features.dll 10.0.8 at C:\Program Files\dotnet\packs\Microsoft.AspNetCore.App.Ref\10.0.8\ref\net10.0\Microsoft.Extensions.Features.dll
  - Microsoft.Extensions.FileProviders.Abstractions.dll 10.0.8 at C:\Program Files\dotnet\packs\Microsoft.AspNetCore.App.Ref\10.0.8\ref\net10.0\Microsoft.Extensions.FileProviders.Abstractions.dll
  - Microsoft.Extensions.FileProviders.Composite.dll 10.0.8 at C:\Program Files\dotnet\packs\Microsoft.AspNetCore.App.Ref\10.0.8\ref\net10.0\Microsoft.Extensions.FileProviders.Composite.dll
  - Microsoft.Extensions.FileProviders.Embedded.dll 10.0.8 at C:\Program Files\dotnet\packs\Microsoft.AspNetCore.App.Ref\10.0.8\ref\net10.0\Microsoft.Extensions.FileProviders.Embedded.dll
  - Microsoft.Extensions.FileProviders.Physical.dll 10.0.8 at C:\Program Files\dotnet\packs\Microsoft.AspNetCore.App.Ref\10.0.8\ref\net10.0\Microsoft.Extensions.FileProviders.Physical.dll
  - Microsoft.Extensions.FileSystemGlobbing.dll 10.0.8 at C:\Program Files\dotnet\packs\Microsoft.AspNetCore.App.Ref\10.0.8\ref\net10.0\Microsoft.Extensions.FileSystemGlobbing.dll
  - Microsoft.Extensions.Hosting.Abstractions.dll 10.0.8 at C:\Program Files\dotnet\packs\Microsoft.AspNetCore.App.Ref\10.0.8\ref\net10.0\Microsoft.Extensions.Hosting.Abstractions.dll
  - Microsoft.Extensions.Hosting.dll 10.0.8 at C:\Program Files\dotnet\packs\Microsoft.AspNetCore.App.Ref\10.0.8\ref\net10.0\Microsoft.Extensions.Hosting.dll
  - Microsoft.Extensions.Http.dll 10.0.8 at C:\Program Files\dotnet\packs\Microsoft.AspNetCore.App.Ref\10.0.8\ref\net10.0\Microsoft.Extensions.Http.dll
  - Microsoft.Extensions.Identity.Core.dll 10.0.8 at C:\Program Files\dotnet\packs\Microsoft.AspNetCore.App.Ref\10.0.8\ref\net10.0\Microsoft.Extensions.Identity.Core.dll
  - Microsoft.Extensions.Identity.Stores.dll 10.0.8 at C:\Program Files\dotnet\packs\Microsoft.AspNetCore.App.Ref\10.0.8\ref\net10.0\Microsoft.Extensions.Identity.Stores.dll
  - Microsoft.Extensions.Localization.Abstractions.dll 10.0.8 at C:\Program Files\dotnet\packs\Microsoft.AspNetCore.App.Ref\10.0.8\ref\net10.0\Microsoft.Extensions.Localization.Abstractions.dll
  - Microsoft.Extensions.Localization.dll 10.0.8 at C:\Program Files\dotnet\packs\Microsoft.AspNetCore.App.Ref\10.0.8\ref\net10.0\Microsoft.Extensions.Localization.dll
  - Microsoft.Extensions.Logging.Abstractions.dll 10.0.8 at C:\Program Files\dotnet\packs\Microsoft.AspNetCore.App.Ref\10.0.8\ref\net10.0\Microsoft.Extensions.Logging.Abstractions.dll
  - Microsoft.Extensions.Logging.Configuration.dll 10.0.8 at C:\Program Files\dotnet\packs\Microsoft.AspNetCore.App.Ref\10.0.8\ref\net10.0\Microsoft.Extensions.Logging.Configuration.dll
  - Microsoft.Extensions.Logging.Console.dll 10.0.8 at C:\Program Files\dotnet\packs\Microsoft.AspNetCore.App.Ref\10.0.8\ref\net10.0\Microsoft.Extensions.Logging.Console.dll
  - Microsoft.Extensions.Logging.Debug.dll 10.0.8 at C:\Program Files\dotnet\packs\Microsoft.AspNetCore.App.Ref\10.0.8\ref\net10.0\Microsoft.Extensions.Logging.Debug.dll
  - Microsoft.Extensions.Logging.dll 10.0.8 at C:\Program Files\dotnet\packs\Microsoft.AspNetCore.App.Ref\10.0.8\ref\net10.0\Microsoft.Extensions.Logging.dll
  - Microsoft.Extensions.Logging.EventLog.dll 10.0.8 at C:\Program Files\dotnet\packs\Microsoft.AspNetCore.App.Ref\10.0.8\ref\net10.0\Microsoft.Extensions.Logging.EventLog.dll
  - Microsoft.Extensions.Logging.EventSource.dll 10.0.8 at C:\Program Files\dotnet\packs\Microsoft.AspNetCore.App.Ref\10.0.8\ref\net10.0\Microsoft.Extensions.Logging.EventSource.dll
  - Microsoft.Extensions.Logging.TraceSource.dll 10.0.8 at C:\Program Files\dotnet\packs\Microsoft.AspNetCore.App.Ref\10.0.8\ref\net10.0\Microsoft.Extensions.Logging.TraceSource.dll
  - Microsoft.Extensions.ObjectPool.dll 10.0.8 at C:\Program Files\dotnet\packs\Microsoft.AspNetCore.App.Ref\10.0.8\ref\net10.0\Microsoft.Extensions.ObjectPool.dll
  - Microsoft.Extensions.Options.ConfigurationExtensions.dll 10.0.8 at C:\Program Files\dotnet\packs\Microsoft.AspNetCore.App.Ref\10.0.8\ref\net10.0\Microsoft.Extensions.Options.ConfigurationExtensions.dll
  - Microsoft.Extensions.Options.DataAnnotations.dll 10.0.8 at C:\Program Files\dotnet\packs\Microsoft.AspNetCore.App.Ref\10.0.8\ref\net10.0\Microsoft.Extensions.Options.DataAnnotations.dll
  - Microsoft.Extensions.Options.dll 10.0.8 at C:\Program Files\dotnet\packs\Microsoft.AspNetCore.App.Ref\10.0.8\ref\net10.0\Microsoft.Extensions.Options.dll
  - Microsoft.Extensions.Primitives.dll 10.0.8 at C:\Program Files\dotnet\packs\Microsoft.AspNetCore.App.Ref\10.0.8\ref\net10.0\Microsoft.Extensions.Primitives.dll
  - Microsoft.Extensions.Validation.dll 10.0.8 at C:\Program Files\dotnet\packs\Microsoft.AspNetCore.App.Ref\10.0.8\ref\net10.0\Microsoft.Extensions.Validation.dll
  - Microsoft.Extensions.WebEncoders.dll 10.0.8 at C:\Program Files\dotnet\packs\Microsoft.AspNetCore.App.Ref\10.0.8\ref\net10.0\Microsoft.Extensions.WebEncoders.dll
  - Microsoft.JSInterop.dll 10.0.8 at C:\Program Files\dotnet\packs\Microsoft.AspNetCore.App.Ref\10.0.8\ref\net10.0\Microsoft.JSInterop.dll
  - Microsoft.Net.Http.Headers.dll 10.0.8 at C:\Program Files\dotnet\packs\Microsoft.AspNetCore.App.Ref\10.0.8\ref\net10.0\Microsoft.Net.Http.Headers.dll
  - Microsoft.VisualBasic.Core.dll 10.0.8 at C:\Program Files\dotnet\packs\Microsoft.NETCore.App.Ref\10.0.8\ref\net10.0\Microsoft.VisualBasic.Core.dll
  - Microsoft.VisualBasic.dll 10.0.8 at C:\Program Files\dotnet\packs\Microsoft.NETCore.App.Ref\10.0.8\ref\net10.0\Microsoft.VisualBasic.dll
  - Microsoft.Win32.Primitives.dll 10.0.8 at C:\Program Files\dotnet\packs\Microsoft.NETCore.App.Ref\10.0.8\ref\net10.0\Microsoft.Win32.Primitives.dll
  - Microsoft.Win32.Registry.dll 10.0.8 at C:\Program Files\dotnet\packs\Microsoft.NETCore.App.Ref\10.0.8\ref\net10.0\Microsoft.Win32.Registry.dll
  - mscorlib.dll 10.0.8 at C:\Program Files\dotnet\packs\Microsoft.NETCore.App.Ref\10.0.8\ref\net10.0\mscorlib.dll
  - netstandard.dll 10.0.8 at C:\Program Files\dotnet\packs\Microsoft.NETCore.App.Ref\10.0.8\ref\net10.0\netstandard.dll
  - System.AppContext.dll 10.0.8 at C:\Program Files\dotnet\packs\Microsoft.NETCore.App.Ref\10.0.8\ref\net10.0\System.AppContext.dll
  - System.Buffers.dll 10.0.8 at C:\Program Files\dotnet\packs\Microsoft.NETCore.App.Ref\10.0.8\ref\net10.0\System.Buffers.dll
  - System.Collections.Concurrent.dll 10.0.8 at C:\Program Files\dotnet\packs\Microsoft.NETCore.App.Ref\10.0.8\ref\net10.0\System.Collections.Concurrent.dll
  - System.Collections.dll 10.0.8 at C:\Program Files\dotnet\packs\Microsoft.NETCore.App.Ref\10.0.8\ref\net10.0\System.Collections.dll
  - System.Collections.Immutable.dll 10.0.8 at C:\Program Files\dotnet\packs\Microsoft.NETCore.App.Ref\10.0.8\ref\net10.0\System.Collections.Immutable.dll
  - System.Collections.NonGeneric.dll 10.0.8 at C:\Program Files\dotnet\packs\Microsoft.NETCore.App.Ref\10.0.8\ref\net10.0\System.Collections.NonGeneric.dll
  - System.Collections.Specialized.dll 10.0.8 at C:\Program Files\dotnet\packs\Microsoft.NETCore.App.Ref\10.0.8\ref\net10.0\System.Collections.Specialized.dll
  - System.ComponentModel.Annotations.dll 10.0.8 at C:\Program Files\dotnet\packs\Microsoft.NETCore.App.Ref\10.0.8\ref\net10.0\System.ComponentModel.Annotations.dll
  - System.ComponentModel.DataAnnotations.dll 10.0.8 at C:\Program Files\dotnet\packs\Microsoft.NETCore.App.Ref\10.0.8\ref\net10.0\System.ComponentModel.DataAnnotations.dll
  - System.ComponentModel.dll 10.0.8 at C:\Program Files\dotnet\packs\Microsoft.NETCore.App.Ref\10.0.8\ref\net10.0\System.ComponentModel.dll
  - System.ComponentModel.EventBasedAsync.dll 10.0.8 at C:\Program Files\dotnet\packs\Microsoft.NETCore.App.Ref\10.0.8\ref\net10.0\System.ComponentModel.EventBasedAsync.dll
  - System.ComponentModel.Primitives.dll 10.0.8 at C:\Program Files\dotnet\packs\Microsoft.NETCore.App.Ref\10.0.8\ref\net10.0\System.ComponentModel.Primitives.dll
  - System.ComponentModel.TypeConverter.dll 10.0.8 at C:\Program Files\dotnet\packs\Microsoft.NETCore.App.Ref\10.0.8\ref\net10.0\System.ComponentModel.TypeConverter.dll
  - System.Configuration.dll 10.0.8 at C:\Program Files\dotnet\packs\Microsoft.NETCore.App.Ref\10.0.8\ref\net10.0\System.Configuration.dll
  - System.Console.dll 10.0.8 at C:\Program Files\dotnet\packs\Microsoft.NETCore.App.Ref\10.0.8\ref\net10.0\System.Console.dll
  - System.Core.dll 10.0.8 at C:\Program Files\dotnet\packs\Microsoft.NETCore.App.Ref\10.0.8\ref\net10.0\System.Core.dll
  - System.Data.Common.dll 10.0.8 at C:\Program Files\dotnet\packs\Microsoft.NETCore.App.Ref\10.0.8\ref\net10.0\System.Data.Common.dll
  - System.Data.DataSetExtensions.dll 10.0.8 at C:\Program Files\dotnet\packs\Microsoft.NETCore.App.Ref\10.0.8\ref\net10.0\System.Data.DataSetExtensions.dll
  - System.Data.dll 10.0.8 at C:\Program Files\dotnet\packs\Microsoft.NETCore.App.Ref\10.0.8\ref\net10.0\System.Data.dll
  - System.Diagnostics.Contracts.dll 10.0.8 at C:\Program Files\dotnet\packs\Microsoft.NETCore.App.Ref\10.0.8\ref\net10.0\System.Diagnostics.Contracts.dll
  - System.Diagnostics.Debug.dll 10.0.8 at C:\Program Files\dotnet\packs\Microsoft.NETCore.App.Ref\10.0.8\ref\net10.0\System.Diagnostics.Debug.dll
  - System.Diagnostics.DiagnosticSource.dll 10.0.8 at C:\Program Files\dotnet\packs\Microsoft.NETCore.App.Ref\10.0.8\ref\net10.0\System.Diagnostics.DiagnosticSource.dll
  - System.Diagnostics.EventLog.dll 10.0.8 at C:\Program Files\dotnet\packs\Microsoft.AspNetCore.App.Ref\10.0.8\ref\net10.0\System.Diagnostics.EventLog.dll
  - System.Diagnostics.FileVersionInfo.dll 10.0.8 at C:\Program Files\dotnet\packs\Microsoft.NETCore.App.Ref\10.0.8\ref\net10.0\System.Diagnostics.FileVersionInfo.dll
  - System.Diagnostics.Process.dll 10.0.8 at C:\Program Files\dotnet\packs\Microsoft.NETCore.App.Ref\10.0.8\ref\net10.0\System.Diagnostics.Process.dll
  - System.Diagnostics.StackTrace.dll 10.0.8 at C:\Program Files\dotnet\packs\Microsoft.NETCore.App.Ref\10.0.8\ref\net10.0\System.Diagnostics.StackTrace.dll
  - System.Diagnostics.TextWriterTraceListener.dll 10.0.8 at C:\Program Files\dotnet\packs\Microsoft.NETCore.App.Ref\10.0.8\ref\net10.0\System.Diagnostics.TextWriterTraceListener.dll
  - System.Diagnostics.Tools.dll 10.0.8 at C:\Program Files\dotnet\packs\Microsoft.NETCore.App.Ref\10.0.8\ref\net10.0\System.Diagnostics.Tools.dll
  - System.Diagnostics.TraceSource.dll 10.0.8 at C:\Program Files\dotnet\packs\Microsoft.NETCore.App.Ref\10.0.8\ref\net10.0\System.Diagnostics.TraceSource.dll
  - System.Diagnostics.Tracing.dll 10.0.8 at C:\Program Files\dotnet\packs\Microsoft.NETCore.App.Ref\10.0.8\ref\net10.0\System.Diagnostics.Tracing.dll
  - System.dll 10.0.8 at C:\Program Files\dotnet\packs\Microsoft.NETCore.App.Ref\10.0.8\ref\net10.0\System.dll
  - System.Drawing.dll 10.0.8 at C:\Program Files\dotnet\packs\Microsoft.NETCore.App.Ref\10.0.8\ref\net10.0\System.Drawing.dll
  - System.Drawing.Primitives.dll 10.0.8 at C:\Program Files\dotnet\packs\Microsoft.NETCore.App.Ref\10.0.8\ref\net10.0\System.Drawing.Primitives.dll
  - System.Dynamic.Runtime.dll 10.0.8 at C:\Program Files\dotnet\packs\Microsoft.NETCore.App.Ref\10.0.8\ref\net10.0\System.Dynamic.Runtime.dll
  - System.Formats.Asn1.dll 10.0.8 at C:\Program Files\dotnet\packs\Microsoft.NETCore.App.Ref\10.0.8\ref\net10.0\System.Formats.Asn1.dll
  - System.Formats.Cbor.dll 10.0.8 at C:\Program Files\dotnet\packs\Microsoft.AspNetCore.App.Ref\10.0.8\ref\net10.0\System.Formats.Cbor.dll
  - System.Formats.Tar.dll 10.0.8 at C:\Program Files\dotnet\packs\Microsoft.NETCore.App.Ref\10.0.8\ref\net10.0\System.Formats.Tar.dll
  - System.Globalization.Calendars.dll 10.0.8 at C:\Program Files\dotnet\packs\Microsoft.NETCore.App.Ref\10.0.8\ref\net10.0\System.Globalization.Calendars.dll
  - System.Globalization.dll 10.0.8 at C:\Program Files\dotnet\packs\Microsoft.NETCore.App.Ref\10.0.8\ref\net10.0\System.Globalization.dll
  - System.Globalization.Extensions.dll 10.0.8 at C:\Program Files\dotnet\packs\Microsoft.NETCore.App.Ref\10.0.8\ref\net10.0\System.Globalization.Extensions.dll
  - System.IO.Compression.Brotli.dll 10.0.8 at C:\Program Files\dotnet\packs\Microsoft.NETCore.App.Ref\10.0.8\ref\net10.0\System.IO.Compression.Brotli.dll
  - System.IO.Compression.dll 10.0.8 at C:\Program Files\dotnet\packs\Microsoft.NETCore.App.Ref\10.0.8\ref\net10.0\System.IO.Compression.dll
  - System.IO.Compression.FileSystem.dll 10.0.8 at C:\Program Files\dotnet\packs\Microsoft.NETCore.App.Ref\10.0.8\ref\net10.0\System.IO.Compression.FileSystem.dll
  - System.IO.Compression.ZipFile.dll 10.0.8 at C:\Program Files\dotnet\packs\Microsoft.NETCore.App.Ref\10.0.8\ref\net10.0\System.IO.Compression.ZipFile.dll
  - System.IO.dll 10.0.8 at C:\Program Files\dotnet\packs\Microsoft.NETCore.App.Ref\10.0.8\ref\net10.0\System.IO.dll
  - System.IO.FileSystem.AccessControl.dll 10.0.8 at C:\Program Files\dotnet\packs\Microsoft.NETCore.App.Ref\10.0.8\ref\net10.0\System.IO.FileSystem.AccessControl.dll
  - System.IO.FileSystem.dll 10.0.8 at C:\Program Files\dotnet\packs\Microsoft.NETCore.App.Ref\10.0.8\ref\net10.0\System.IO.FileSystem.dll
  - System.IO.FileSystem.DriveInfo.dll 10.0.8 at C:\Program Files\dotnet\packs\Microsoft.NETCore.App.Ref\10.0.8\ref\net10.0\System.IO.FileSystem.DriveInfo.dll
  - System.IO.FileSystem.Primitives.dll 10.0.8 at C:\Program Files\dotnet\packs\Microsoft.NETCore.App.Ref\10.0.8\ref\net10.0\System.IO.FileSystem.Primitives.dll
  - System.IO.FileSystem.Watcher.dll 10.0.8 at C:\Program Files\dotnet\packs\Microsoft.NETCore.App.Ref\10.0.8\ref\net10.0\System.IO.FileSystem.Watcher.dll
  - System.IO.IsolatedStorage.dll 10.0.8 at C:\Program Files\dotnet\packs\Microsoft.NETCore.App.Ref\10.0.8\ref\net10.0\System.IO.IsolatedStorage.dll
  - System.IO.MemoryMappedFiles.dll 10.0.8 at C:\Program Files\dotnet\packs\Microsoft.NETCore.App.Ref\10.0.8\ref\net10.0\System.IO.MemoryMappedFiles.dll
  - System.IO.Pipelines.dll 10.0.8 at C:\Program Files\dotnet\packs\Microsoft.NETCore.App.Ref\10.0.8\ref\net10.0\System.IO.Pipelines.dll
  - System.IO.Pipes.AccessControl.dll 10.0.8 at C:\Program Files\dotnet\packs\Microsoft.NETCore.App.Ref\10.0.8\ref\net10.0\System.IO.Pipes.AccessControl.dll
  - System.IO.Pipes.dll 10.0.8 at C:\Program Files\dotnet\packs\Microsoft.NETCore.App.Ref\10.0.8\ref\net10.0\System.IO.Pipes.dll
  - System.IO.UnmanagedMemoryStream.dll 10.0.8 at C:\Program Files\dotnet\packs\Microsoft.NETCore.App.Ref\10.0.8\ref\net10.0\System.IO.UnmanagedMemoryStream.dll
  - System.Linq.AsyncEnumerable.dll 10.0.8 at C:\Program Files\dotnet\packs\Microsoft.NETCore.App.Ref\10.0.8\ref\net10.0\System.Linq.AsyncEnumerable.dll
  - System.Linq.dll 10.0.8 at C:\Program Files\dotnet\packs\Microsoft.NETCore.App.Ref\10.0.8\ref\net10.0\System.Linq.dll
  - System.Linq.Expressions.dll 10.0.8 at C:\Program Files\dotnet\packs\Microsoft.NETCore.App.Ref\10.0.8\ref\net10.0\System.Linq.Expressions.dll
  - System.Linq.Parallel.dll 10.0.8 at C:\Program Files\dotnet\packs\Microsoft.NETCore.App.Ref\10.0.8\ref\net10.0\System.Linq.Parallel.dll
  - System.Linq.Queryable.dll 10.0.8 at C:\Program Files\dotnet\packs\Microsoft.NETCore.App.Ref\10.0.8\ref\net10.0\System.Linq.Queryable.dll
  - System.Memory.dll 10.0.8 at C:\Program Files\dotnet\packs\Microsoft.NETCore.App.Ref\10.0.8\ref\net10.0\System.Memory.dll
  - System.Net.dll 10.0.8 at C:\Program Files\dotnet\packs\Microsoft.NETCore.App.Ref\10.0.8\ref\net10.0\System.Net.dll
  - System.Net.Http.dll 10.0.8 at C:\Program Files\dotnet\packs\Microsoft.NETCore.App.Ref\10.0.8\ref\net10.0\System.Net.Http.dll
  - System.Net.Http.Json.dll 10.0.8 at C:\Program Files\dotnet\packs\Microsoft.NETCore.App.Ref\10.0.8\ref\net10.0\System.Net.Http.Json.dll
  - System.Net.HttpListener.dll 10.0.8 at C:\Program Files\dotnet\packs\Microsoft.NETCore.App.Ref\10.0.8\ref\net10.0\System.Net.HttpListener.dll
  - System.Net.Mail.dll 10.0.8 at C:\Program Files\dotnet\packs\Microsoft.NETCore.App.Ref\10.0.8\ref\net10.0\System.Net.Mail.dll
  - System.Net.NameResolution.dll 10.0.8 at C:\Program Files\dotnet\packs\Microsoft.NETCore.App.Ref\10.0.8\ref\net10.0\System.Net.NameResolution.dll
  - System.Net.NetworkInformation.dll 10.0.8 at C:\Program Files\dotnet\packs\Microsoft.NETCore.App.Ref\10.0.8\ref\net10.0\System.Net.NetworkInformation.dll
  - System.Net.Ping.dll 10.0.8 at C:\Program Files\dotnet\packs\Microsoft.NETCore.App.Ref\10.0.8\ref\net10.0\System.Net.Ping.dll
  - System.Net.Primitives.dll 10.0.8 at C:\Program Files\dotnet\packs\Microsoft.NETCore.App.Ref\10.0.8\ref\net10.0\System.Net.Primitives.dll
  - System.Net.Quic.dll 10.0.8 at C:\Program Files\dotnet\packs\Microsoft.NETCore.App.Ref\10.0.8\ref\net10.0\System.Net.Quic.dll
  - System.Net.Requests.dll 10.0.8 at C:\Program Files\dotnet\packs\Microsoft.NETCore.App.Ref\10.0.8\ref\net10.0\System.Net.Requests.dll
  - System.Net.Security.dll 10.0.8 at C:\Program Files\dotnet\packs\Microsoft.NETCore.App.Ref\10.0.8\ref\net10.0\System.Net.Security.dll
  - System.Net.ServerSentEvents.dll 10.0.8 at C:\Program Files\dotnet\packs\Microsoft.NETCore.App.Ref\10.0.8\ref\net10.0\System.Net.ServerSentEvents.dll
  - System.Net.ServicePoint.dll 10.0.8 at C:\Program Files\dotnet\packs\Microsoft.NETCore.App.Ref\10.0.8\ref\net10.0\System.Net.ServicePoint.dll
  - System.Net.Sockets.dll 10.0.8 at C:\Program Files\dotnet\packs\Microsoft.NETCore.App.Ref\10.0.8\ref\net10.0\System.Net.Sockets.dll
  - System.Net.WebClient.dll 10.0.8 at C:\Program Files\dotnet\packs\Microsoft.NETCore.App.Ref\10.0.8\ref\net10.0\System.Net.WebClient.dll
  - System.Net.WebHeaderCollection.dll 10.0.8 at C:\Program Files\dotnet\packs\Microsoft.NETCore.App.Ref\10.0.8\ref\net10.0\System.Net.WebHeaderCollection.dll
  - System.Net.WebProxy.dll 10.0.8 at C:\Program Files\dotnet\packs\Microsoft.NETCore.App.Ref\10.0.8\ref\net10.0\System.Net.WebProxy.dll
  - System.Net.WebSockets.Client.dll 10.0.8 at C:\Program Files\dotnet\packs\Microsoft.NETCore.App.Ref\10.0.8\ref\net10.0\System.Net.WebSockets.Client.dll
  - System.Net.WebSockets.dll 10.0.8 at C:\Program Files\dotnet\packs\Microsoft.NETCore.App.Ref\10.0.8\ref\net10.0\System.Net.WebSockets.dll
  - System.Numerics.dll 10.0.8 at C:\Program Files\dotnet\packs\Microsoft.NETCore.App.Ref\10.0.8\ref\net10.0\System.Numerics.dll
  - System.Numerics.Tensors.dll 10.0.4 at C:\Users\tddkhanh\.nuget\packages\system.numerics.tensors\10.0.4\lib\net10.0\System.Numerics.Tensors.dll
  - System.Numerics.Vectors.dll 10.0.8 at C:\Program Files\dotnet\packs\Microsoft.NETCore.App.Ref\10.0.8\ref\net10.0\System.Numerics.Vectors.dll
  - System.ObjectModel.dll 10.0.8 at C:\Program Files\dotnet\packs\Microsoft.NETCore.App.Ref\10.0.8\ref\net10.0\System.ObjectModel.dll
  - System.Reflection.DispatchProxy.dll 10.0.8 at C:\Program Files\dotnet\packs\Microsoft.NETCore.App.Ref\10.0.8\ref\net10.0\System.Reflection.DispatchProxy.dll
  - System.Reflection.dll 10.0.8 at C:\Program Files\dotnet\packs\Microsoft.NETCore.App.Ref\10.0.8\ref\net10.0\System.Reflection.dll
  - System.Reflection.Emit.dll 10.0.8 at C:\Program Files\dotnet\packs\Microsoft.NETCore.App.Ref\10.0.8\ref\net10.0\System.Reflection.Emit.dll
  - System.Reflection.Emit.ILGeneration.dll 10.0.8 at C:\Program Files\dotnet\packs\Microsoft.NETCore.App.Ref\10.0.8\ref\net10.0\System.Reflection.Emit.ILGeneration.dll
  - System.Reflection.Emit.Lightweight.dll 10.0.8 at C:\Program Files\dotnet\packs\Microsoft.NETCore.App.Ref\10.0.8\ref\net10.0\System.Reflection.Emit.Lightweight.dll
  - System.Reflection.Extensions.dll 10.0.8 at C:\Program Files\dotnet\packs\Microsoft.NETCore.App.Ref\10.0.8\ref\net10.0\System.Reflection.Extensions.dll
  - System.Reflection.Metadata.dll 10.0.8 at C:\Program Files\dotnet\packs\Microsoft.NETCore.App.Ref\10.0.8\ref\net10.0\System.Reflection.Metadata.dll
  - System.Reflection.Primitives.dll 10.0.8 at C:\Program Files\dotnet\packs\Microsoft.NETCore.App.Ref\10.0.8\ref\net10.0\System.Reflection.Primitives.dll
  - System.Reflection.TypeExtensions.dll 10.0.8 at C:\Program Files\dotnet\packs\Microsoft.NETCore.App.Ref\10.0.8\ref\net10.0\System.Reflection.TypeExtensions.dll
  - System.Resources.Reader.dll 10.0.8 at C:\Program Files\dotnet\packs\Microsoft.NETCore.App.Ref\10.0.8\ref\net10.0\System.Resources.Reader.dll
  - System.Resources.ResourceManager.dll 10.0.8 at C:\Program Files\dotnet\packs\Microsoft.NETCore.App.Ref\10.0.8\ref\net10.0\System.Resources.ResourceManager.dll
  - System.Resources.Writer.dll 10.0.8 at C:\Program Files\dotnet\packs\Microsoft.NETCore.App.Ref\10.0.8\ref\net10.0\System.Resources.Writer.dll
  - System.Runtime.CompilerServices.Unsafe.dll 10.0.8 at C:\Program Files\dotnet\packs\Microsoft.NETCore.App.Ref\10.0.8\ref\net10.0\System.Runtime.CompilerServices.Unsafe.dll
  - System.Runtime.CompilerServices.VisualC.dll 10.0.8 at C:\Program Files\dotnet\packs\Microsoft.NETCore.App.Ref\10.0.8\ref\net10.0\System.Runtime.CompilerServices.VisualC.dll
  - System.Runtime.dll 10.0.8 at C:\Program Files\dotnet\packs\Microsoft.NETCore.App.Ref\10.0.8\ref\net10.0\System.Runtime.dll
  - System.Runtime.Extensions.dll 10.0.8 at C:\Program Files\dotnet\packs\Microsoft.NETCore.App.Ref\10.0.8\ref\net10.0\System.Runtime.Extensions.dll
  - System.Runtime.Handles.dll 10.0.8 at C:\Program Files\dotnet\packs\Microsoft.NETCore.App.Ref\10.0.8\ref\net10.0\System.Runtime.Handles.dll
  - System.Runtime.InteropServices.dll 10.0.8 at C:\Program Files\dotnet\packs\Microsoft.NETCore.App.Ref\10.0.8\ref\net10.0\System.Runtime.InteropServices.dll
  - System.Runtime.InteropServices.JavaScript.dll 10.0.8 at C:\Program Files\dotnet\packs\Microsoft.NETCore.App.Ref\10.0.8\ref\net10.0\System.Runtime.InteropServices.JavaScript.dll
  - System.Runtime.InteropServices.RuntimeInformation.dll 10.0.8 at C:\Program Files\dotnet\packs\Microsoft.NETCore.App.Ref\10.0.8\ref\net10.0\System.Runtime.InteropServices.RuntimeInformation.dll
  - System.Runtime.Intrinsics.dll 10.0.8 at C:\Program Files\dotnet\packs\Microsoft.NETCore.App.Ref\10.0.8\ref\net10.0\System.Runtime.Intrinsics.dll
  - System.Runtime.Loader.dll 10.0.8 at C:\Program Files\dotnet\packs\Microsoft.NETCore.App.Ref\10.0.8\ref\net10.0\System.Runtime.Loader.dll
  - System.Runtime.Numerics.dll 10.0.8 at C:\Program Files\dotnet\packs\Microsoft.NETCore.App.Ref\10.0.8\ref\net10.0\System.Runtime.Numerics.dll
  - System.Runtime.Serialization.dll 10.0.8 at C:\Program Files\dotnet\packs\Microsoft.NETCore.App.Ref\10.0.8\ref\net10.0\System.Runtime.Serialization.dll
  - System.Runtime.Serialization.Formatters.dll 10.0.8 at C:\Program Files\dotnet\packs\Microsoft.NETCore.App.Ref\10.0.8\ref\net10.0\System.Runtime.Serialization.Formatters.dll
  - System.Runtime.Serialization.Json.dll 10.0.8 at C:\Program Files\dotnet\packs\Microsoft.NETCore.App.Ref\10.0.8\ref\net10.0\System.Runtime.Serialization.Json.dll
  - System.Runtime.Serialization.Primitives.dll 10.0.8 at C:\Program Files\dotnet\packs\Microsoft.NETCore.App.Ref\10.0.8\ref\net10.0\System.Runtime.Serialization.Primitives.dll
  - System.Runtime.Serialization.Xml.dll 10.0.8 at C:\Program Files\dotnet\packs\Microsoft.NETCore.App.Ref\10.0.8\ref\net10.0\System.Runtime.Serialization.Xml.dll
  - System.Security.AccessControl.dll 10.0.8 at C:\Program Files\dotnet\packs\Microsoft.NETCore.App.Ref\10.0.8\ref\net10.0\System.Security.AccessControl.dll
  - System.Security.Claims.dll 10.0.8 at C:\Program Files\dotnet\packs\Microsoft.NETCore.App.Ref\10.0.8\ref\net10.0\System.Security.Claims.dll
  - System.Security.Cryptography.Algorithms.dll 10.0.8 at C:\Program Files\dotnet\packs\Microsoft.NETCore.App.Ref\10.0.8\ref\net10.0\System.Security.Cryptography.Algorithms.dll
  - System.Security.Cryptography.Cng.dll 10.0.8 at C:\Program Files\dotnet\packs\Microsoft.NETCore.App.Ref\10.0.8\ref\net10.0\System.Security.Cryptography.Cng.dll
  - System.Security.Cryptography.Csp.dll 10.0.8 at C:\Program Files\dotnet\packs\Microsoft.NETCore.App.Ref\10.0.8\ref\net10.0\System.Security.Cryptography.Csp.dll
  - System.Security.Cryptography.dll 10.0.8 at C:\Program Files\dotnet\packs\Microsoft.NETCore.App.Ref\10.0.8\ref\net10.0\System.Security.Cryptography.dll
  - System.Security.Cryptography.Encoding.dll 10.0.8 at C:\Program Files\dotnet\packs\Microsoft.NETCore.App.Ref\10.0.8\ref\net10.0\System.Security.Cryptography.Encoding.dll
  - System.Security.Cryptography.OpenSsl.dll 10.0.8 at C:\Program Files\dotnet\packs\Microsoft.NETCore.App.Ref\10.0.8\ref\net10.0\System.Security.Cryptography.OpenSsl.dll
  - System.Security.Cryptography.Pkcs.dll 9.0.9 at C:\Users\tddkhanh\.nuget\packages\system.security.cryptography.pkcs\9.0.9\lib\net9.0\System.Security.Cryptography.Pkcs.dll
  - System.Security.Cryptography.Primitives.dll 10.0.8 at C:\Program Files\dotnet\packs\Microsoft.NETCore.App.Ref\10.0.8\ref\net10.0\System.Security.Cryptography.Primitives.dll
  - System.Security.Cryptography.X509Certificates.dll 10.0.8 at C:\Program Files\dotnet\packs\Microsoft.NETCore.App.Ref\10.0.8\ref\net10.0\System.Security.Cryptography.X509Certificates.dll
  - System.Security.Cryptography.Xml.dll 10.0.8 at C:\Program Files\dotnet\packs\Microsoft.AspNetCore.App.Ref\10.0.8\ref\net10.0\System.Security.Cryptography.Xml.dll
  - System.Security.dll 10.0.8 at C:\Program Files\dotnet\packs\Microsoft.NETCore.App.Ref\10.0.8\ref\net10.0\System.Security.dll
  - System.Security.Principal.dll 10.0.8 at C:\Program Files\dotnet\packs\Microsoft.NETCore.App.Ref\10.0.8\ref\net10.0\System.Security.Principal.dll
  - System.Security.Principal.Windows.dll 10.0.8 at C:\Program Files\dotnet\packs\Microsoft.NETCore.App.Ref\10.0.8\ref\net10.0\System.Security.Principal.Windows.dll
  - System.Security.SecureString.dll 10.0.8 at C:\Program Files\dotnet\packs\Microsoft.NETCore.App.Ref\10.0.8\ref\net10.0\System.Security.SecureString.dll
  - System.ServiceModel.Web.dll 10.0.8 at C:\Program Files\dotnet\packs\Microsoft.NETCore.App.Ref\10.0.8\ref\net10.0\System.ServiceModel.Web.dll
  - System.ServiceProcess.dll 10.0.8 at C:\Program Files\dotnet\packs\Microsoft.NETCore.App.Ref\10.0.8\ref\net10.0\System.ServiceProcess.dll
  - System.Text.Encoding.CodePages.dll 10.0.8 at C:\Program Files\dotnet\packs\Microsoft.NETCore.App.Ref\10.0.8\ref\net10.0\System.Text.Encoding.CodePages.dll
  - System.Text.Encoding.dll 10.0.8 at C:\Program Files\dotnet\packs\Microsoft.NETCore.App.Ref\10.0.8\ref\net10.0\System.Text.Encoding.dll
  - System.Text.Encoding.Extensions.dll 10.0.8 at C:\Program Files\dotnet\packs\Microsoft.NETCore.App.Ref\10.0.8\ref\net10.0\System.Text.Encoding.Extensions.dll
  - System.Text.Encodings.Web.dll 10.0.8 at C:\Program Files\dotnet\packs\Microsoft.NETCore.App.Ref\10.0.8\ref\net10.0\System.Text.Encodings.Web.dll
  - System.Text.Json.dll 10.0.8 at C:\Program Files\dotnet\packs\Microsoft.NETCore.App.Ref\10.0.8\ref\net10.0\System.Text.Json.dll
  - System.Text.RegularExpressions.dll 10.0.8 at C:\Program Files\dotnet\packs\Microsoft.NETCore.App.Ref\10.0.8\ref\net10.0\System.Text.RegularExpressions.dll
  - System.Threading.AccessControl.dll 10.0.8 at C:\Program Files\dotnet\packs\Microsoft.NETCore.App.Ref\10.0.8\ref\net10.0\System.Threading.AccessControl.dll
  - System.Threading.Channels.dll 10.0.8 at C:\Program Files\dotnet\packs\Microsoft.NETCore.App.Ref\10.0.8\ref\net10.0\System.Threading.Channels.dll
  - System.Threading.dll 10.0.8 at C:\Program Files\dotnet\packs\Microsoft.NETCore.App.Ref\10.0.8\ref\net10.0\System.Threading.dll
  - System.Threading.Overlapped.dll 10.0.8 at C:\Program Files\dotnet\packs\Microsoft.NETCore.App.Ref\10.0.8\ref\net10.0\System.Threading.Overlapped.dll
  - System.Threading.RateLimiting.dll 10.0.8 at C:\Program Files\dotnet\packs\Microsoft.AspNetCore.App.Ref\10.0.8\ref\net10.0\System.Threading.RateLimiting.dll
  - System.Threading.Tasks.Dataflow.dll 10.0.8 at C:\Program Files\dotnet\packs\Microsoft.NETCore.App.Ref\10.0.8\ref\net10.0\System.Threading.Tasks.Dataflow.dll
  - System.Threading.Tasks.dll 10.0.8 at C:\Program Files\dotnet\packs\Microsoft.NETCore.App.Ref\10.0.8\ref\net10.0\System.Threading.Tasks.dll
  - System.Threading.Tasks.Extensions.dll 10.0.8 at C:\Program Files\dotnet\packs\Microsoft.NETCore.App.Ref\10.0.8\ref\net10.0\System.Threading.Tasks.Extensions.dll
  - System.Threading.Tasks.Parallel.dll 10.0.8 at C:\Program Files\dotnet\packs\Microsoft.NETCore.App.Ref\10.0.8\ref\net10.0\System.Threading.Tasks.Parallel.dll
  - System.Threading.Thread.dll 10.0.8 at C:\Program Files\dotnet\packs\Microsoft.NETCore.App.Ref\10.0.8\ref\net10.0\System.Threading.Thread.dll
  - System.Threading.ThreadPool.dll 10.0.8 at C:\Program Files\dotnet\packs\Microsoft.NETCore.App.Ref\10.0.8\ref\net10.0\System.Threading.ThreadPool.dll
  - System.Threading.Timer.dll 10.0.8 at C:\Program Files\dotnet\packs\Microsoft.NETCore.App.Ref\10.0.8\ref\net10.0\System.Threading.Timer.dll
  - System.Transactions.dll 10.0.8 at C:\Program Files\dotnet\packs\Microsoft.NETCore.App.Ref\10.0.8\ref\net10.0\System.Transactions.dll
  - System.Transactions.Local.dll 10.0.8 at C:\Program Files\dotnet\packs\Microsoft.NETCore.App.Ref\10.0.8\ref\net10.0\System.Transactions.Local.dll
  - System.ValueTuple.dll 10.0.8 at C:\Program Files\dotnet\packs\Microsoft.NETCore.App.Ref\10.0.8\ref\net10.0\System.ValueTuple.dll
  - System.Web.dll 10.0.8 at C:\Program Files\dotnet\packs\Microsoft.NETCore.App.Ref\10.0.8\ref\net10.0\System.Web.dll
  - System.Web.HttpUtility.dll 10.0.8 at C:\Program Files\dotnet\packs\Microsoft.NETCore.App.Ref\10.0.8\ref\net10.0\System.Web.HttpUtility.dll
  - System.Windows.dll 10.0.8 at C:\Program Files\dotnet\packs\Microsoft.NETCore.App.Ref\10.0.8\ref\net10.0\System.Windows.dll
  - System.Xml.dll 10.0.8 at C:\Program Files\dotnet\packs\Microsoft.NETCore.App.Ref\10.0.8\ref\net10.0\System.Xml.dll
  - System.Xml.Linq.dll 10.0.8 at C:\Program Files\dotnet\packs\Microsoft.NETCore.App.Ref\10.0.8\ref\net10.0\System.Xml.Linq.dll
  - System.Xml.ReaderWriter.dll 10.0.8 at C:\Program Files\dotnet\packs\Microsoft.NETCore.App.Ref\10.0.8\ref\net10.0\System.Xml.ReaderWriter.dll
  - System.Xml.Serialization.dll 10.0.8 at C:\Program Files\dotnet\packs\Microsoft.NETCore.App.Ref\10.0.8\ref\net10.0\System.Xml.Serialization.dll
  - System.Xml.XDocument.dll 10.0.8 at C:\Program Files\dotnet\packs\Microsoft.NETCore.App.Ref\10.0.8\ref\net10.0\System.Xml.XDocument.dll
  - System.Xml.XmlDocument.dll 10.0.8 at C:\Program Files\dotnet\packs\Microsoft.NETCore.App.Ref\10.0.8\ref\net10.0\System.Xml.XmlDocument.dll
  - System.Xml.XmlSerializer.dll 10.0.8 at C:\Program Files\dotnet\packs\Microsoft.NETCore.App.Ref\10.0.8\ref\net10.0\System.Xml.XmlSerializer.dll
  - System.Xml.XPath.dll 10.0.8 at C:\Program Files\dotnet\packs\Microsoft.NETCore.App.Ref\10.0.8\ref\net10.0\System.Xml.XPath.dll
  - System.Xml.XPath.XDocument.dll 10.0.8 at C:\Program Files\dotnet\packs\Microsoft.NETCore.App.Ref\10.0.8\ref\net10.0\System.Xml.XPath.XDocument.dll
  - Telerik.AI.SmartComponents.Extensions.dll 2.2.1 at C:\Users\tddkhanh\.nuget\packages\telerik.ai.smartcomponents.extensions\2.2.1\lib\net8.0\Telerik.AI.SmartComponents.Extensions.dll
  - Telerik.Blazor.dll 14.0.0 at C:\Users\tddkhanh\.nuget\packages\telerik.ui.for.blazor\14.0.0\lib\net8.0\Telerik.Blazor.dll
  - Telerik.DataSource.dll 4.1.0 at C:\Users\tddkhanh\.nuget\packages\telerik.datasource\4.1.0\lib\net8.0\Telerik.DataSource.dll
  - Telerik.Documents.Core.dll 2026.2.519 at C:\Users\tddkhanh\.nuget\packages\telerik.documents.core\2026.2.519\lib\netstandard2.0\Telerik.Documents.Core.dll
  - Telerik.Documents.Fixed.dll 2026.2.519 at C:\Users\tddkhanh\.nuget\packages\telerik.documents.fixed\2026.2.519\lib\netstandard2.0\Telerik.Documents.Fixed.dll
  - Telerik.Documents.Spreadsheet.dll 2026.2.519 at C:\Users\tddkhanh\.nuget\packages\telerik.documents.spreadsheet\2026.2.519\lib\netstandard2.0\Telerik.Documents.Spreadsheet.dll
  - Telerik.Documents.Spreadsheet.FormatProviders.Pdf.dll 2026.2.519 at C:\Users\tddkhanh\.nuget\packages\telerik.documents.spreadsheet.formatproviders.pdf\2026.2.519\lib\netstandard2.0\Telerik.Documents.Spreadsheet.FormatProviders.Pdf.dll
  - Telerik.Documents.SpreadsheetStreaming.dll 2026.2.519 at C:\Users\tddkhanh\.nuget\packages\telerik.documents.spreadsheetstreaming\2026.2.519\lib\netstandard2.0\Telerik.Documents.SpreadsheetStreaming.dll
  - Telerik.FontIcons.dll 4.9.2 at C:\Users\tddkhanh\.nuget\packages\telerik.fonticons\4.9.2\lib\netstandard2.0\Telerik.FontIcons.dll
  - Telerik.Licensing.Runtime.dll 1.8.2 at C:\Users\tddkhanh\.nuget\packages\telerik.licensing\1.8.2\lib\net10.0\Telerik.Licensing.Runtime.dll
  - Telerik.Pivot.Core.dll 1.0.0 at C:\Users\tddkhanh\.nuget\packages\telerik.pivot.core\1.0.0\lib\net8.0\Telerik.Pivot.Core.dll
  - Telerik.Pivot.DataProviders.Xmla.dll 1.0.0 at C:\Users\tddkhanh\.nuget\packages\telerik.pivot.dataproviders.xmla\1.0.0\lib\net8.0\Telerik.Pivot.DataProviders.Xmla.dll
  - Telerik.Recurrence.dll 1.0.0 at C:\Users\tddkhanh\.nuget\packages\telerik.recurrence\1.0.0\lib\net8.0\Telerik.Recurrence.dll
  - Telerik.SvgIcons.dll 4.9.2 at C:\Users\tddkhanh\.nuget\packages\telerik.svgicons\4.9.2\lib\netstandard2.0\Telerik.SvgIcons.dll
  - Telerik.Zip.dll 2026.2.519 at C:\Users\tddkhanh\.nuget\packages\telerik.zip\2026.2.519\lib\netstandard2.0\Telerik.Zip.dll
  - WindowsBase.dll 10.0.8 at C:\Program Files\dotnet\packs\Microsoft.NETCore.App.Ref\10.0.8\ref\net10.0\WindowsBase.dll
  MachineId=T67PQYIlb9W6VOVNpg1C57e7U0Q=

[2026-05-29 04:45:18.873] [Low]   Looking for Telerik product metadata in referenced assemblies
      - C:\Users\tddkhanh\.nuget\packages\telerik.ui.for.blazor\14.0.0\lib\net8.0\Telerik.Blazor.dll
        ProductCode: BLAZOR, LicenseDate: 2026-05-20, ProductName: Telerik UI for Blazor, ProductVersion: 14.0.0.0, Flags: None
        Transitive product references:
        - DPL 2026-05-19 (redistributed by: RCWPF;RCWF;MAUI;UIXAM;WINUI;RCAJAX;KENDOUIMVC;UIASPCORE;BLAZOR) Telerik Document Processing Libraries 2026.2.519.20
      - C:\Users\tddkhanh\.nuget\packages\telerik.documents.core\2026.2.519\lib\netstandard2.0\Telerik.Documents.Core.dll
        ProductCode: DPL, LicenseDate: 2026-05-19, Redistributed By: RCWPF, RCWF, MAUI, UIXAM, WINUI, RCAJAX, KENDOUIMVC, UIASPCORE, BLAZOR, ProductName: Telerik Document Processing Libraries, ProductVersion: 2026.2.519.20, Flags: None
      - C:\Users\tddkhanh\.nuget\packages\telerik.documents.fixed\2026.2.519\lib\netstandard2.0\Telerik.Documents.Fixed.dll
        ProductCode: DPL, LicenseDate: 2026-05-19, Redistributed By: RCWPF, RCWF, MAUI, UIXAM, WINUI, RCAJAX, KENDOUIMVC, UIASPCORE, BLAZOR, ProductName: Telerik Document Processing Libraries, ProductVersion: 2026.2.519.20, Flags: None
      - C:\Users\tddkhanh\.nuget\packages\telerik.documents.spreadsheet\2026.2.519\lib\netstandard2.0\Telerik.Documents.Spreadsheet.dll
        ProductCode: DPL, LicenseDate: 2026-05-19, Redistributed By: RCWPF, RCWF, MAUI, UIXAM, WINUI, RCAJAX, KENDOUIMVC, UIASPCORE, BLAZOR, ProductName: Telerik Document Processing Libraries, ProductVersion: 2026.2.519.20, Flags: None
      - C:\Users\tddkhanh\.nuget\packages\telerik.documents.spreadsheet.formatproviders.pdf\2026.2.519\lib\netstandard2.0\Telerik.Documents.Spreadsheet.FormatProviders.Pdf.dll
        ProductCode: DPL, LicenseDate: 2026-05-19, Redistributed By: RCWPF, RCWF, MAUI, UIXAM, WINUI, RCAJAX, KENDOUIMVC, UIASPCORE, BLAZOR, ProductName: Telerik Document Processing Libraries, ProductVersion: 2026.2.519.20, Flags: None
      - C:\Users\tddkhanh\.nuget\packages\telerik.documents.spreadsheetstreaming\2026.2.519\lib\netstandard2.0\Telerik.Documents.SpreadsheetStreaming.dll
        ProductCode: DPL, LicenseDate: 2026-05-19, Redistributed By: RCWPF, RCWF, MAUI, UIXAM, WINUI, RCAJAX, KENDOUIMVC, UIASPCORE, BLAZOR, ProductName: Telerik Document Processing Libraries, ProductVersion: 2026.2.519.20, Flags: None
      - C:\Users\tddkhanh\.nuget\packages\telerik.zip\2026.2.519\lib\netstandard2.0\Telerik.Zip.dll
        ProductCode: DPL, LicenseDate: 2026-05-19, Redistributed By: RCWPF, RCWF, MAUI, UIXAM, WINUI, RCAJAX, KENDOUIMVC, UIASPCORE, BLAZOR, ProductName: Telerik Document Processing Libraries, ProductVersion: 2026.2.519.20, Flags: None
      Unique Products:
      - "Telerik UI for Blazor" (BLAZOR) 14.0.0.0 @2026-05-20
      - "Telerik Document Processing Libraries" (DPL) 2026.2.519.20 @2026-05-19
      Found a total of 2 referenced Telerik products for net10.0

[2026-05-29 04:45:18.889] [Low]   Provision Licensing
        Looking up license file...
        - EnvironmentVariablePath: TELERIK_LICENSE_PATH (NotAvailable)
        - EnvironmentVariable: TELERIK_LICENSE (NotAvailable)
        - EnvironmentVariable: KENDO_UI_LICENSE (NotAvailable)
        - RecursiveFilePath: D:\Code\Blazor\TelerikGrid\TelerikGrid\telerik-license.txt (NotAvailable)
        - RecursiveFilePath: D:\Code\Blazor\TelerikGrid\TelerikGrid\kendo-ui-license.txt (NotAvailable)
        - RecursiveFilePath: D:\Code\Blazor\TelerikGrid\telerik-license.txt (NotAvailable)
        - RecursiveFilePath: D:\Code\Blazor\TelerikGrid\kendo-ui-license.txt (NotAvailable)
        - RecursiveFilePath: D:\Code\Blazor\telerik-license.txt (NotAvailable)
        - RecursiveFilePath: D:\Code\Blazor\kendo-ui-license.txt (NotAvailable)
        - RecursiveFilePath: D:\Code\telerik-license.txt (NotAvailable)
        - RecursiveFilePath: D:\Code\kendo-ui-license.txt (NotAvailable)
        - RecursiveFilePath: D:\telerik-license.txt (NotAvailable)
        - RecursiveFilePath: D:\kendo-ui-license.txt (NotAvailable)
        - UserDirectory: C:\Users\tddkhanh\AppData\Roaming\Telerik\telerik-license.txt (LicenseFound)
        - UserDirectory: C:\Users\tddkhanh\AppData\Roaming\Telerik\kendo-ui-license.txt (Skip)
        LicenseKey
        - AUD: t************@g****.com
        - UsedId: 344ca679-260a-4541-b9a7-cafe8537ed1f
        - LicenseId: de0ab21e-4a76-46d5-b1d8-a860fc8a108a
        - IssuedAt: 5/27/2026 11:20:30 PM
        - Licenses
          0) Trial BLAZOR, expiration 6/26/2026 3:27:27 AM, type: 'trial'
          1) Usage UserId: 344ca679-260a-4541-b9a7-cafe8537ed1f, LicenseId: de0ab21e-4a76-46d5-b1d8-a860fc8a108a, type: 'usage'

[2026-05-29 04:45:18.894] [Low]   License Resolution
        Messages
          - License OK for "Telerik UI for Blazor" (BLAZOR) 14.0.0.0 @2026-05-20 - Trial, valid until 2026-06-26.
          - License OK for "Telerik Document Processing Libraries" (DPL) 2026.2.519.20 @2026-05-19 - Trial for BLAZOR, valid until 2026-06-26.
        JWTs
          - eyJhbGciOiJSUzI1NiIsInR5cCI6IlRlbGVyaWsgTGljZW5zZSBFdmlkZW5jZSJ9.eyJjb2RlIjoiQkxBWk9SIiwidHlwZSI6InRyaWFsIiwiZXhwaXJhdGlvbiI6MTc4MjQ0NDQ0NywidXNlcklkIjoiMzQ0Y2E2NzktMjYwYS00NTQxLWI5YTctY2FmZTg1MzdlZDFmIiwibGljZW5zZUlkIjoiZGUwYWIyMWUtNGE3Ni00NmQ1LWIxZDgtYTg2MGZjOGExMDhhIn0.zRRYGeaQHW_-AN5jMEypWMNjOlATOXZHpV5AHN3NlbngssoYs7K9y_qOaxXPcylCIl3h5K6r9iwFKWe9xaIU0G-MXBTvRZpfbkiZtrYp4puaC1ONeHElHT_DqQnoqIb93UpJOBwO4SFWFzoHgPYcY7w8xTV82tVxIgXFRxwPyfGNrV7rD2oGDM3cvIFGOQT4i5dO67MzBDduG-4R9bofmMXKaj0qv69aM44f6A8t2DOPWIgTIqNcjp69XT-RM9i1zLy3sNEvrb9nntBRNqqXoj2OZtPiSjDFA6s-WWJkTpLuvZHieCL2T3LY_H0WNG2LHsYc2l4FPDttY99f0L27IA
        Licenses
          - License OK for "Telerik UI for Blazor" (BLAZOR) 14.0.0.0 @2026-05-20 - Trial, valid until 2026-06-26.
          - License OK for "Telerik Document Processing Libraries" (DPL) 2026.2.519.20 @2026-05-19 - Trial for BLAZOR, valid until 2026-06-26.

[2026-05-29 04:45:18.895] [Low] OutputType: Exe, ImportXamlTargets: False
[2026-05-29 04:45:18.896] [Low] LicenseEvidence CodeGen: Up to date!
[2026-05-29 04:45:18.908] [Low] 
      Call-Home Telerik Products (2 for net10.0)
      - "Telerik UI for Blazor" (BLAZOR) 14.0.0
      - "DPL" (DPL) 2026.2.519

[2026-05-29 04:45:18.908] [Low] 
[2026-05-29 04:45:18.910] [Low] 
      Call-Home Telerik Features (0 for net10.0)

[2026-05-29 04:45:18.910] [Low] 
[2026-05-29 04:45:18.942] [Low]   Report Telerik.Licensing
        UserId: 344ca679-260a-4541-b9a7-cafe8537ed1f
        LicenseId: de0ab21e-4a76-46d5-b1d8-a860fc8a108a
        Products
        - LicenseUsed BLAZOR 14.0.0.0 SKIPPED
        - LicenseUsed DPL 2026.2.519.20 SKIPPED
      Report finished in 00:00:00.0307000

[2026-05-29 04:45:18.943] [Low]   Sending Telemetry...
[2026-05-29 04:45:18.964] [Low]   Metrics done 00:00:00.0209825
[2026-05-29 04:45:18.966] [Normal] Resolve Telerik Products. Done (00:00:00.2053382) for net10.0
[2026-05-29 05:08:31.784] [Normal] Resolve Telerik Products.
  MSBuildProjectName=TelerikGrid
  MSBuildProjectDirectory=D:\Code\Blazor\TelerikGrid\TelerikGrid
  MSBuildProjectExtension=.csproj
  Language=C#
  OutputPath=bin\Debug\net10.0\
  Platform=AnyCPU
  TargetFramework=net10.0
  TargetFrameworks=
  TargetFrameworkVersion=v10.0
  VisualStudioVersion=18.0
  UsingMicrosoftNETSdk=true
  UsingMicrosoftNETSdkRazor=true
  UsingMicrosoftNETSdkWeb=true
  ImportXamlTargets=False
  OutputType=Exe
  UseMaui=
  NuGetPackageRoot=C:\Users\tddkhanh\.nuget\packages\

  PackageReferences
  - Telerik.UI.for.Blazor 14.0.0
  - Microsoft.AspNetCore.App.Internal.Assets 10.0.8
  ReferencePaths
  - Microsoft.AspNetCore.Antiforgery.dll 10.0.8 at C:\Program Files\dotnet\packs\Microsoft.AspNetCore.App.Ref\10.0.8\ref\net10.0\Microsoft.AspNetCore.Antiforgery.dll
  - Microsoft.AspNetCore.Authentication.Abstractions.dll 10.0.8 at C:\Program Files\dotnet\packs\Microsoft.AspNetCore.App.Ref\10.0.8\ref\net10.0\Microsoft.AspNetCore.Authentication.Abstractions.dll
  - Microsoft.AspNetCore.Authentication.BearerToken.dll 10.0.8 at C:\Program Files\dotnet\packs\Microsoft.AspNetCore.App.Ref\10.0.8\ref\net10.0\Microsoft.AspNetCore.Authentication.BearerToken.dll
  - Microsoft.AspNetCore.Authentication.Cookies.dll 10.0.8 at C:\Program Files\dotnet\packs\Microsoft.AspNetCore.App.Ref\10.0.8\ref\net10.0\Microsoft.AspNetCore.Authentication.Cookies.dll
  - Microsoft.AspNetCore.Authentication.Core.dll 10.0.8 at C:\Program Files\dotnet\packs\Microsoft.AspNetCore.App.Ref\10.0.8\ref\net10.0\Microsoft.AspNetCore.Authentication.Core.dll
  - Microsoft.AspNetCore.Authentication.dll 10.0.8 at C:\Program Files\dotnet\packs\Microsoft.AspNetCore.App.Ref\10.0.8\ref\net10.0\Microsoft.AspNetCore.Authentication.dll
  - Microsoft.AspNetCore.Authentication.OAuth.dll 10.0.8 at C:\Program Files\dotnet\packs\Microsoft.AspNetCore.App.Ref\10.0.8\ref\net10.0\Microsoft.AspNetCore.Authentication.OAuth.dll
  - Microsoft.AspNetCore.Authorization.dll 10.0.8 at C:\Program Files\dotnet\packs\Microsoft.AspNetCore.App.Ref\10.0.8\ref\net10.0\Microsoft.AspNetCore.Authorization.dll
  - Microsoft.AspNetCore.Authorization.Policy.dll 10.0.8 at C:\Program Files\dotnet\packs\Microsoft.AspNetCore.App.Ref\10.0.8\ref\net10.0\Microsoft.AspNetCore.Authorization.Policy.dll
  - Microsoft.AspNetCore.Components.Authorization.dll 10.0.8 at C:\Program Files\dotnet\packs\Microsoft.AspNetCore.App.Ref\10.0.8\ref\net10.0\Microsoft.AspNetCore.Components.Authorization.dll
  - Microsoft.AspNetCore.Components.dll 10.0.8 at C:\Program Files\dotnet\packs\Microsoft.AspNetCore.App.Ref\10.0.8\ref\net10.0\Microsoft.AspNetCore.Components.dll
  - Microsoft.AspNetCore.Components.Endpoints.dll 10.0.8 at C:\Program Files\dotnet\packs\Microsoft.AspNetCore.App.Ref\10.0.8\ref\net10.0\Microsoft.AspNetCore.Components.Endpoints.dll
  - Microsoft.AspNetCore.Components.Forms.dll 10.0.8 at C:\Program Files\dotnet\packs\Microsoft.AspNetCore.App.Ref\10.0.8\ref\net10.0\Microsoft.AspNetCore.Components.Forms.dll
  - Microsoft.AspNetCore.Components.Server.dll 10.0.8 at C:\Program Files\dotnet\packs\Microsoft.AspNetCore.App.Ref\10.0.8\ref\net10.0\Microsoft.AspNetCore.Components.Server.dll
  - Microsoft.AspNetCore.Components.Web.dll 10.0.8 at C:\Program Files\dotnet\packs\Microsoft.AspNetCore.App.Ref\10.0.8\ref\net10.0\Microsoft.AspNetCore.Components.Web.dll
  - Microsoft.AspNetCore.Connections.Abstractions.dll 10.0.8 at C:\Program Files\dotnet\packs\Microsoft.AspNetCore.App.Ref\10.0.8\ref\net10.0\Microsoft.AspNetCore.Connections.Abstractions.dll
  - Microsoft.AspNetCore.CookiePolicy.dll 10.0.8 at C:\Program Files\dotnet\packs\Microsoft.AspNetCore.App.Ref\10.0.8\ref\net10.0\Microsoft.AspNetCore.CookiePolicy.dll
  - Microsoft.AspNetCore.Cors.dll 10.0.8 at C:\Program Files\dotnet\packs\Microsoft.AspNetCore.App.Ref\10.0.8\ref\net10.0\Microsoft.AspNetCore.Cors.dll
  - Microsoft.AspNetCore.Cryptography.Internal.dll 10.0.8 at C:\Program Files\dotnet\packs\Microsoft.AspNetCore.App.Ref\10.0.8\ref\net10.0\Microsoft.AspNetCore.Cryptography.Internal.dll
  - Microsoft.AspNetCore.Cryptography.KeyDerivation.dll 10.0.8 at C:\Program Files\dotnet\packs\Microsoft.AspNetCore.App.Ref\10.0.8\ref\net10.0\Microsoft.AspNetCore.Cryptography.KeyDerivation.dll
  - Microsoft.AspNetCore.DataProtection.Abstractions.dll 10.0.8 at C:\Program Files\dotnet\packs\Microsoft.AspNetCore.App.Ref\10.0.8\ref\net10.0\Microsoft.AspNetCore.DataProtection.Abstractions.dll
  - Microsoft.AspNetCore.DataProtection.dll 10.0.8 at C:\Program Files\dotnet\packs\Microsoft.AspNetCore.App.Ref\10.0.8\ref\net10.0\Microsoft.AspNetCore.DataProtection.dll
  - Microsoft.AspNetCore.DataProtection.Extensions.dll 10.0.8 at C:\Program Files\dotnet\packs\Microsoft.AspNetCore.App.Ref\10.0.8\ref\net10.0\Microsoft.AspNetCore.DataProtection.Extensions.dll
  - Microsoft.AspNetCore.Diagnostics.Abstractions.dll 10.0.8 at C:\Program Files\dotnet\packs\Microsoft.AspNetCore.App.Ref\10.0.8\ref\net10.0\Microsoft.AspNetCore.Diagnostics.Abstractions.dll
  - Microsoft.AspNetCore.Diagnostics.dll 10.0.8 at C:\Program Files\dotnet\packs\Microsoft.AspNetCore.App.Ref\10.0.8\ref\net10.0\Microsoft.AspNetCore.Diagnostics.dll
  - Microsoft.AspNetCore.Diagnostics.HealthChecks.dll 10.0.8 at C:\Program Files\dotnet\packs\Microsoft.AspNetCore.App.Ref\10.0.8\ref\net10.0\Microsoft.AspNetCore.Diagnostics.HealthChecks.dll
  - Microsoft.AspNetCore.dll 10.0.8 at C:\Program Files\dotnet\packs\Microsoft.AspNetCore.App.Ref\10.0.8\ref\net10.0\Microsoft.AspNetCore.dll
  - Microsoft.AspNetCore.HostFiltering.dll 10.0.8 at C:\Program Files\dotnet\packs\Microsoft.AspNetCore.App.Ref\10.0.8\ref\net10.0\Microsoft.AspNetCore.HostFiltering.dll
  - Microsoft.AspNetCore.Hosting.Abstractions.dll 10.0.8 at C:\Program Files\dotnet\packs\Microsoft.AspNetCore.App.Ref\10.0.8\ref\net10.0\Microsoft.AspNetCore.Hosting.Abstractions.dll
  - Microsoft.AspNetCore.Hosting.dll 10.0.8 at C:\Program Files\dotnet\packs\Microsoft.AspNetCore.App.Ref\10.0.8\ref\net10.0\Microsoft.AspNetCore.Hosting.dll
  - Microsoft.AspNetCore.Hosting.Server.Abstractions.dll 10.0.8 at C:\Program Files\dotnet\packs\Microsoft.AspNetCore.App.Ref\10.0.8\ref\net10.0\Microsoft.AspNetCore.Hosting.Server.Abstractions.dll
  - Microsoft.AspNetCore.Html.Abstractions.dll 10.0.8 at C:\Program Files\dotnet\packs\Microsoft.AspNetCore.App.Ref\10.0.8\ref\net10.0\Microsoft.AspNetCore.Html.Abstractions.dll
  - Microsoft.AspNetCore.Http.Abstractions.dll 10.0.8 at C:\Program Files\dotnet\packs\Microsoft.AspNetCore.App.Ref\10.0.8\ref\net10.0\Microsoft.AspNetCore.Http.Abstractions.dll
  - Microsoft.AspNetCore.Http.Connections.Common.dll 10.0.8 at C:\Program Files\dotnet\packs\Microsoft.AspNetCore.App.Ref\10.0.8\ref\net10.0\Microsoft.AspNetCore.Http.Connections.Common.dll
  - Microsoft.AspNetCore.Http.Connections.dll 10.0.8 at C:\Program Files\dotnet\packs\Microsoft.AspNetCore.App.Ref\10.0.8\ref\net10.0\Microsoft.AspNetCore.Http.Connections.dll
  - Microsoft.AspNetCore.Http.dll 10.0.8 at C:\Program Files\dotnet\packs\Microsoft.AspNetCore.App.Ref\10.0.8\ref\net10.0\Microsoft.AspNetCore.Http.dll
  - Microsoft.AspNetCore.Http.Extensions.dll 10.0.8 at C:\Program Files\dotnet\packs\Microsoft.AspNetCore.App.Ref\10.0.8\ref\net10.0\Microsoft.AspNetCore.Http.Extensions.dll
  - Microsoft.AspNetCore.Http.Features.dll 10.0.8 at C:\Program Files\dotnet\packs\Microsoft.AspNetCore.App.Ref\10.0.8\ref\net10.0\Microsoft.AspNetCore.Http.Features.dll
  - Microsoft.AspNetCore.Http.Results.dll 10.0.8 at C:\Program Files\dotnet\packs\Microsoft.AspNetCore.App.Ref\10.0.8\ref\net10.0\Microsoft.AspNetCore.Http.Results.dll
  - Microsoft.AspNetCore.HttpLogging.dll 10.0.8 at C:\Program Files\dotnet\packs\Microsoft.AspNetCore.App.Ref\10.0.8\ref\net10.0\Microsoft.AspNetCore.HttpLogging.dll
  - Microsoft.AspNetCore.HttpOverrides.dll 10.0.8 at C:\Program Files\dotnet\packs\Microsoft.AspNetCore.App.Ref\10.0.8\ref\net10.0\Microsoft.AspNetCore.HttpOverrides.dll
  - Microsoft.AspNetCore.HttpsPolicy.dll 10.0.8 at C:\Program Files\dotnet\packs\Microsoft.AspNetCore.App.Ref\10.0.8\ref\net10.0\Microsoft.AspNetCore.HttpsPolicy.dll
  - Microsoft.AspNetCore.Identity.dll 10.0.8 at C:\Program Files\dotnet\packs\Microsoft.AspNetCore.App.Ref\10.0.8\ref\net10.0\Microsoft.AspNetCore.Identity.dll
  - Microsoft.AspNetCore.Localization.dll 10.0.8 at C:\Program Files\dotnet\packs\Microsoft.AspNetCore.App.Ref\10.0.8\ref\net10.0\Microsoft.AspNetCore.Localization.dll
  - Microsoft.AspNetCore.Localization.Routing.dll 10.0.8 at C:\Program Files\dotnet\packs\Microsoft.AspNetCore.App.Ref\10.0.8\ref\net10.0\Microsoft.AspNetCore.Localization.Routing.dll
  - Microsoft.AspNetCore.Metadata.dll 10.0.8 at C:\Program Files\dotnet\packs\Microsoft.AspNetCore.App.Ref\10.0.8\ref\net10.0\Microsoft.AspNetCore.Metadata.dll
  - Microsoft.AspNetCore.Mvc.Abstractions.dll 10.0.8 at C:\Program Files\dotnet\packs\Microsoft.AspNetCore.App.Ref\10.0.8\ref\net10.0\Microsoft.AspNetCore.Mvc.Abstractions.dll
  - Microsoft.AspNetCore.Mvc.ApiExplorer.dll 10.0.8 at C:\Program Files\dotnet\packs\Microsoft.AspNetCore.App.Ref\10.0.8\ref\net10.0\Microsoft.AspNetCore.Mvc.ApiExplorer.dll
  - Microsoft.AspNetCore.Mvc.Core.dll 10.0.8 at C:\Program Files\dotnet\packs\Microsoft.AspNetCore.App.Ref\10.0.8\ref\net10.0\Microsoft.AspNetCore.Mvc.Core.dll
  - Microsoft.AspNetCore.Mvc.Cors.dll 10.0.8 at C:\Program Files\dotnet\packs\Microsoft.AspNetCore.App.Ref\10.0.8\ref\net10.0\Microsoft.AspNetCore.Mvc.Cors.dll
  - Microsoft.AspNetCore.Mvc.DataAnnotations.dll 10.0.8 at C:\Program Files\dotnet\packs\Microsoft.AspNetCore.App.Ref\10.0.8\ref\net10.0\Microsoft.AspNetCore.Mvc.DataAnnotations.dll
  - Microsoft.AspNetCore.Mvc.dll 10.0.8 at C:\Program Files\dotnet\packs\Microsoft.AspNetCore.App.Ref\10.0.8\ref\net10.0\Microsoft.AspNetCore.Mvc.dll
  - Microsoft.AspNetCore.Mvc.Formatters.Json.dll 10.0.8 at C:\Program Files\dotnet\packs\Microsoft.AspNetCore.App.Ref\10.0.8\ref\net10.0\Microsoft.AspNetCore.Mvc.Formatters.Json.dll
  - Microsoft.AspNetCore.Mvc.Formatters.Xml.dll 10.0.8 at C:\Program Files\dotnet\packs\Microsoft.AspNetCore.App.Ref\10.0.8\ref\net10.0\Microsoft.AspNetCore.Mvc.Formatters.Xml.dll
  - Microsoft.AspNetCore.Mvc.Localization.dll 10.0.8 at C:\Program Files\dotnet\packs\Microsoft.AspNetCore.App.Ref\10.0.8\ref\net10.0\Microsoft.AspNetCore.Mvc.Localization.dll
  - Microsoft.AspNetCore.Mvc.Razor.dll 10.0.8 at C:\Program Files\dotnet\packs\Microsoft.AspNetCore.App.Ref\10.0.8\ref\net10.0\Microsoft.AspNetCore.Mvc.Razor.dll
  - Microsoft.AspNetCore.Mvc.RazorPages.dll 10.0.8 at C:\Program Files\dotnet\packs\Microsoft.AspNetCore.App.Ref\10.0.8\ref\net10.0\Microsoft.AspNetCore.Mvc.RazorPages.dll
  - Microsoft.AspNetCore.Mvc.TagHelpers.dll 10.0.8 at C:\Program Files\dotnet\packs\Microsoft.AspNetCore.App.Ref\10.0.8\ref\net10.0\Microsoft.AspNetCore.Mvc.TagHelpers.dll
  - Microsoft.AspNetCore.Mvc.ViewFeatures.dll 10.0.8 at C:\Program Files\dotnet\packs\Microsoft.AspNetCore.App.Ref\10.0.8\ref\net10.0\Microsoft.AspNetCore.Mvc.ViewFeatures.dll
  - Microsoft.AspNetCore.OutputCaching.dll 10.0.8 at C:\Program Files\dotnet\packs\Microsoft.AspNetCore.App.Ref\10.0.8\ref\net10.0\Microsoft.AspNetCore.OutputCaching.dll
  - Microsoft.AspNetCore.RateLimiting.dll 10.0.8 at C:\Program Files\dotnet\packs\Microsoft.AspNetCore.App.Ref\10.0.8\ref\net10.0\Microsoft.AspNetCore.RateLimiting.dll
  - Microsoft.AspNetCore.Razor.dll 10.0.8 at C:\Program Files\dotnet\packs\Microsoft.AspNetCore.App.Ref\10.0.8\ref\net10.0\Microsoft.AspNetCore.Razor.dll
  - Microsoft.AspNetCore.Razor.Runtime.dll 10.0.8 at C:\Program Files\dotnet\packs\Microsoft.AspNetCore.App.Ref\10.0.8\ref\net10.0\Microsoft.AspNetCore.Razor.Runtime.dll
  - Microsoft.AspNetCore.RequestDecompression.dll 10.0.8 at C:\Program Files\dotnet\packs\Microsoft.AspNetCore.App.Ref\10.0.8\ref\net10.0\Microsoft.AspNetCore.RequestDecompression.dll
  - Microsoft.AspNetCore.ResponseCaching.Abstractions.dll 10.0.8 at C:\Program Files\dotnet\packs\Microsoft.AspNetCore.App.Ref\10.0.8\ref\net10.0\Microsoft.AspNetCore.ResponseCaching.Abstractions.dll
  - Microsoft.AspNetCore.ResponseCaching.dll 10.0.8 at C:\Program Files\dotnet\packs\Microsoft.AspNetCore.App.Ref\10.0.8\ref\net10.0\Microsoft.AspNetCore.ResponseCaching.dll
  - Microsoft.AspNetCore.ResponseCompression.dll 10.0.8 at C:\Program Files\dotnet\packs\Microsoft.AspNetCore.App.Ref\10.0.8\ref\net10.0\Microsoft.AspNetCore.ResponseCompression.dll
  - Microsoft.AspNetCore.Rewrite.dll 10.0.8 at C:\Program Files\dotnet\packs\Microsoft.AspNetCore.App.Ref\10.0.8\ref\net10.0\Microsoft.AspNetCore.Rewrite.dll
  - Microsoft.AspNetCore.Routing.Abstractions.dll 10.0.8 at C:\Program Files\dotnet\packs\Microsoft.AspNetCore.App.Ref\10.0.8\ref\net10.0\Microsoft.AspNetCore.Routing.Abstractions.dll
  - Microsoft.AspNetCore.Routing.dll 10.0.8 at C:\Program Files\dotnet\packs\Microsoft.AspNetCore.App.Ref\10.0.8\ref\net10.0\Microsoft.AspNetCore.Routing.dll
  - Microsoft.AspNetCore.Server.HttpSys.dll 10.0.8 at C:\Program Files\dotnet\packs\Microsoft.AspNetCore.App.Ref\10.0.8\ref\net10.0\Microsoft.AspNetCore.Server.HttpSys.dll
  - Microsoft.AspNetCore.Server.IIS.dll 10.0.8 at C:\Program Files\dotnet\packs\Microsoft.AspNetCore.App.Ref\10.0.8\ref\net10.0\Microsoft.AspNetCore.Server.IIS.dll
  - Microsoft.AspNetCore.Server.IISIntegration.dll 10.0.8 at C:\Program Files\dotnet\packs\Microsoft.AspNetCore.App.Ref\10.0.8\ref\net10.0\Microsoft.AspNetCore.Server.IISIntegration.dll
  - Microsoft.AspNetCore.Server.Kestrel.Core.dll 10.0.8 at C:\Program Files\dotnet\packs\Microsoft.AspNetCore.App.Ref\10.0.8\ref\net10.0\Microsoft.AspNetCore.Server.Kestrel.Core.dll
  - Microsoft.AspNetCore.Server.Kestrel.dll 10.0.8 at C:\Program Files\dotnet\packs\Microsoft.AspNetCore.App.Ref\10.0.8\ref\net10.0\Microsoft.AspNetCore.Server.Kestrel.dll
  - Microsoft.AspNetCore.Server.Kestrel.Transport.NamedPipes.dll 10.0.8 at C:\Program Files\dotnet\packs\Microsoft.AspNetCore.App.Ref\10.0.8\ref\net10.0\Microsoft.AspNetCore.Server.Kestrel.Transport.NamedPipes.dll
  - Microsoft.AspNetCore.Server.Kestrel.Transport.Quic.dll 10.0.8 at C:\Program Files\dotnet\packs\Microsoft.AspNetCore.App.Ref\10.0.8\ref\net10.0\Microsoft.AspNetCore.Server.Kestrel.Transport.Quic.dll
  - Microsoft.AspNetCore.Server.Kestrel.Transport.Sockets.dll 10.0.8 at C:\Program Files\dotnet\packs\Microsoft.AspNetCore.App.Ref\10.0.8\ref\net10.0\Microsoft.AspNetCore.Server.Kestrel.Transport.Sockets.dll
  - Microsoft.AspNetCore.Session.dll 10.0.8 at C:\Program Files\dotnet\packs\Microsoft.AspNetCore.App.Ref\10.0.8\ref\net10.0\Microsoft.AspNetCore.Session.dll
  - Microsoft.AspNetCore.SignalR.Common.dll 10.0.8 at C:\Program Files\dotnet\packs\Microsoft.AspNetCore.App.Ref\10.0.8\ref\net10.0\Microsoft.AspNetCore.SignalR.Common.dll
  - Microsoft.AspNetCore.SignalR.Core.dll 10.0.8 at C:\Program Files\dotnet\packs\Microsoft.AspNetCore.App.Ref\10.0.8\ref\net10.0\Microsoft.AspNetCore.SignalR.Core.dll
  - Microsoft.AspNetCore.SignalR.dll 10.0.8 at C:\Program Files\dotnet\packs\Microsoft.AspNetCore.App.Ref\10.0.8\ref\net10.0\Microsoft.AspNetCore.SignalR.dll
  - Microsoft.AspNetCore.SignalR.Protocols.Json.dll 10.0.8 at C:\Program Files\dotnet\packs\Microsoft.AspNetCore.App.Ref\10.0.8\ref\net10.0\Microsoft.AspNetCore.SignalR.Protocols.Json.dll
  - Microsoft.AspNetCore.StaticAssets.dll 10.0.8 at C:\Program Files\dotnet\packs\Microsoft.AspNetCore.App.Ref\10.0.8\ref\net10.0\Microsoft.AspNetCore.StaticAssets.dll
  - Microsoft.AspNetCore.StaticFiles.dll 10.0.8 at C:\Program Files\dotnet\packs\Microsoft.AspNetCore.App.Ref\10.0.8\ref\net10.0\Microsoft.AspNetCore.StaticFiles.dll
  - Microsoft.AspNetCore.WebSockets.dll 10.0.8 at C:\Program Files\dotnet\packs\Microsoft.AspNetCore.App.Ref\10.0.8\ref\net10.0\Microsoft.AspNetCore.WebSockets.dll
  - Microsoft.AspNetCore.WebUtilities.dll 10.0.8 at C:\Program Files\dotnet\packs\Microsoft.AspNetCore.App.Ref\10.0.8\ref\net10.0\Microsoft.AspNetCore.WebUtilities.dll
  - Microsoft.CSharp.dll 10.0.8 at C:\Program Files\dotnet\packs\Microsoft.NETCore.App.Ref\10.0.8\ref\net10.0\Microsoft.CSharp.dll
  - Microsoft.Extensions.AI.Abstractions.dll 10.4.0 at C:\Users\tddkhanh\.nuget\packages\microsoft.extensions.ai.abstractions\10.4.0\lib\net10.0\Microsoft.Extensions.AI.Abstractions.dll
  - Microsoft.Extensions.AI.dll 10.4.0 at C:\Users\tddkhanh\.nuget\packages\microsoft.extensions.ai\10.4.0\lib\net10.0\Microsoft.Extensions.AI.dll
  - Microsoft.Extensions.Caching.Abstractions.dll 10.0.8 at C:\Program Files\dotnet\packs\Microsoft.AspNetCore.App.Ref\10.0.8\ref\net10.0\Microsoft.Extensions.Caching.Abstractions.dll
  - Microsoft.Extensions.Caching.Memory.dll 10.0.8 at C:\Program Files\dotnet\packs\Microsoft.AspNetCore.App.Ref\10.0.8\ref\net10.0\Microsoft.Extensions.Caching.Memory.dll
  - Microsoft.Extensions.Configuration.Abstractions.dll 10.0.8 at C:\Program Files\dotnet\packs\Microsoft.AspNetCore.App.Ref\10.0.8\ref\net10.0\Microsoft.Extensions.Configuration.Abstractions.dll
  - Microsoft.Extensions.Configuration.Binder.dll 10.0.8 at C:\Program Files\dotnet\packs\Microsoft.AspNetCore.App.Ref\10.0.8\ref\net10.0\Microsoft.Extensions.Configuration.Binder.dll
  - Microsoft.Extensions.Configuration.CommandLine.dll 10.0.8 at C:\Program Files\dotnet\packs\Microsoft.AspNetCore.App.Ref\10.0.8\ref\net10.0\Microsoft.Extensions.Configuration.CommandLine.dll
  - Microsoft.Extensions.Configuration.dll 10.0.8 at C:\Program Files\dotnet\packs\Microsoft.AspNetCore.App.Ref\10.0.8\ref\net10.0\Microsoft.Extensions.Configuration.dll
  - Microsoft.Extensions.Configuration.EnvironmentVariables.dll 10.0.8 at C:\Program Files\dotnet\packs\Microsoft.AspNetCore.App.Ref\10.0.8\ref\net10.0\Microsoft.Extensions.Configuration.EnvironmentVariables.dll
  - Microsoft.Extensions.Configuration.FileExtensions.dll 10.0.8 at C:\Program Files\dotnet\packs\Microsoft.AspNetCore.App.Ref\10.0.8\ref\net10.0\Microsoft.Extensions.Configuration.FileExtensions.dll
  - Microsoft.Extensions.Configuration.Ini.dll 10.0.8 at C:\Program Files\dotnet\packs\Microsoft.AspNetCore.App.Ref\10.0.8\ref\net10.0\Microsoft.Extensions.Configuration.Ini.dll
  - Microsoft.Extensions.Configuration.Json.dll 10.0.8 at C:\Program Files\dotnet\packs\Microsoft.AspNetCore.App.Ref\10.0.8\ref\net10.0\Microsoft.Extensions.Configuration.Json.dll
  - Microsoft.Extensions.Configuration.KeyPerFile.dll 10.0.8 at C:\Program Files\dotnet\packs\Microsoft.AspNetCore.App.Ref\10.0.8\ref\net10.0\Microsoft.Extensions.Configuration.KeyPerFile.dll
  - Microsoft.Extensions.Configuration.UserSecrets.dll 10.0.8 at C:\Program Files\dotnet\packs\Microsoft.AspNetCore.App.Ref\10.0.8\ref\net10.0\Microsoft.Extensions.Configuration.UserSecrets.dll
  - Microsoft.Extensions.Configuration.Xml.dll 10.0.8 at C:\Program Files\dotnet\packs\Microsoft.AspNetCore.App.Ref\10.0.8\ref\net10.0\Microsoft.Extensions.Configuration.Xml.dll
  - Microsoft.Extensions.DependencyInjection.Abstractions.dll 10.0.8 at C:\Program Files\dotnet\packs\Microsoft.AspNetCore.App.Ref\10.0.8\ref\net10.0\Microsoft.Extensions.DependencyInjection.Abstractions.dll
  - Microsoft.Extensions.DependencyInjection.dll 10.0.8 at C:\Program Files\dotnet\packs\Microsoft.AspNetCore.App.Ref\10.0.8\ref\net10.0\Microsoft.Extensions.DependencyInjection.dll
  - Microsoft.Extensions.Diagnostics.Abstractions.dll 10.0.8 at C:\Program Files\dotnet\packs\Microsoft.AspNetCore.App.Ref\10.0.8\ref\net10.0\Microsoft.Extensions.Diagnostics.Abstractions.dll
  - Microsoft.Extensions.Diagnostics.dll 10.0.8 at C:\Program Files\dotnet\packs\Microsoft.AspNetCore.App.Ref\10.0.8\ref\net10.0\Microsoft.Extensions.Diagnostics.dll
  - Microsoft.Extensions.Diagnostics.HealthChecks.Abstractions.dll 10.0.8 at C:\Program Files\dotnet\packs\Microsoft.AspNetCore.App.Ref\10.0.8\ref\net10.0\Microsoft.Extensions.Diagnostics.HealthChecks.Abstractions.dll
  - Microsoft.Extensions.Diagnostics.HealthChecks.dll 10.0.8 at C:\Program Files\dotnet\packs\Microsoft.AspNetCore.App.Ref\10.0.8\ref\net10.0\Microsoft.Extensions.Diagnostics.HealthChecks.dll
  - Microsoft.Extensions.Features.dll 10.0.8 at C:\Program Files\dotnet\packs\Microsoft.AspNetCore.App.Ref\10.0.8\ref\net10.0\Microsoft.Extensions.Features.dll
  - Microsoft.Extensions.FileProviders.Abstractions.dll 10.0.8 at C:\Program Files\dotnet\packs\Microsoft.AspNetCore.App.Ref\10.0.8\ref\net10.0\Microsoft.Extensions.FileProviders.Abstractions.dll
  - Microsoft.Extensions.FileProviders.Composite.dll 10.0.8 at C:\Program Files\dotnet\packs\Microsoft.AspNetCore.App.Ref\10.0.8\ref\net10.0\Microsoft.Extensions.FileProviders.Composite.dll
  - Microsoft.Extensions.FileProviders.Embedded.dll 10.0.8 at C:\Program Files\dotnet\packs\Microsoft.AspNetCore.App.Ref\10.0.8\ref\net10.0\Microsoft.Extensions.FileProviders.Embedded.dll
  - Microsoft.Extensions.FileProviders.Physical.dll 10.0.8 at C:\Program Files\dotnet\packs\Microsoft.AspNetCore.App.Ref\10.0.8\ref\net10.0\Microsoft.Extensions.FileProviders.Physical.dll
  - Microsoft.Extensions.FileSystemGlobbing.dll 10.0.8 at C:\Program Files\dotnet\packs\Microsoft.AspNetCore.App.Ref\10.0.8\ref\net10.0\Microsoft.Extensions.FileSystemGlobbing.dll
  - Microsoft.Extensions.Hosting.Abstractions.dll 10.0.8 at C:\Program Files\dotnet\packs\Microsoft.AspNetCore.App.Ref\10.0.8\ref\net10.0\Microsoft.Extensions.Hosting.Abstractions.dll
  - Microsoft.Extensions.Hosting.dll 10.0.8 at C:\Program Files\dotnet\packs\Microsoft.AspNetCore.App.Ref\10.0.8\ref\net10.0\Microsoft.Extensions.Hosting.dll
  - Microsoft.Extensions.Http.dll 10.0.8 at C:\Program Files\dotnet\packs\Microsoft.AspNetCore.App.Ref\10.0.8\ref\net10.0\Microsoft.Extensions.Http.dll
  - Microsoft.Extensions.Identity.Core.dll 10.0.8 at C:\Program Files\dotnet\packs\Microsoft.AspNetCore.App.Ref\10.0.8\ref\net10.0\Microsoft.Extensions.Identity.Core.dll
  - Microsoft.Extensions.Identity.Stores.dll 10.0.8 at C:\Program Files\dotnet\packs\Microsoft.AspNetCore.App.Ref\10.0.8\ref\net10.0\Microsoft.Extensions.Identity.Stores.dll
  - Microsoft.Extensions.Localization.Abstractions.dll 10.0.8 at C:\Program Files\dotnet\packs\Microsoft.AspNetCore.App.Ref\10.0.8\ref\net10.0\Microsoft.Extensions.Localization.Abstractions.dll
  - Microsoft.Extensions.Localization.dll 10.0.8 at C:\Program Files\dotnet\packs\Microsoft.AspNetCore.App.Ref\10.0.8\ref\net10.0\Microsoft.Extensions.Localization.dll
  - Microsoft.Extensions.Logging.Abstractions.dll 10.0.8 at C:\Program Files\dotnet\packs\Microsoft.AspNetCore.App.Ref\10.0.8\ref\net10.0\Microsoft.Extensions.Logging.Abstractions.dll
  - Microsoft.Extensions.Logging.Configuration.dll 10.0.8 at C:\Program Files\dotnet\packs\Microsoft.AspNetCore.App.Ref\10.0.8\ref\net10.0\Microsoft.Extensions.Logging.Configuration.dll
  - Microsoft.Extensions.Logging.Console.dll 10.0.8 at C:\Program Files\dotnet\packs\Microsoft.AspNetCore.App.Ref\10.0.8\ref\net10.0\Microsoft.Extensions.Logging.Console.dll
  - Microsoft.Extensions.Logging.Debug.dll 10.0.8 at C:\Program Files\dotnet\packs\Microsoft.AspNetCore.App.Ref\10.0.8\ref\net10.0\Microsoft.Extensions.Logging.Debug.dll
  - Microsoft.Extensions.Logging.dll 10.0.8 at C:\Program Files\dotnet\packs\Microsoft.AspNetCore.App.Ref\10.0.8\ref\net10.0\Microsoft.Extensions.Logging.dll
  - Microsoft.Extensions.Logging.EventLog.dll 10.0.8 at C:\Program Files\dotnet\packs\Microsoft.AspNetCore.App.Ref\10.0.8\ref\net10.0\Microsoft.Extensions.Logging.EventLog.dll
  - Microsoft.Extensions.Logging.EventSource.dll 10.0.8 at C:\Program Files\dotnet\packs\Microsoft.AspNetCore.App.Ref\10.0.8\ref\net10.0\Microsoft.Extensions.Logging.EventSource.dll
  - Microsoft.Extensions.Logging.TraceSource.dll 10.0.8 at C:\Program Files\dotnet\packs\Microsoft.AspNetCore.App.Ref\10.0.8\ref\net10.0\Microsoft.Extensions.Logging.TraceSource.dll
  - Microsoft.Extensions.ObjectPool.dll 10.0.8 at C:\Program Files\dotnet\packs\Microsoft.AspNetCore.App.Ref\10.0.8\ref\net10.0\Microsoft.Extensions.ObjectPool.dll
  - Microsoft.Extensions.Options.ConfigurationExtensions.dll 10.0.8 at C:\Program Files\dotnet\packs\Microsoft.AspNetCore.App.Ref\10.0.8\ref\net10.0\Microsoft.Extensions.Options.ConfigurationExtensions.dll
  - Microsoft.Extensions.Options.DataAnnotations.dll 10.0.8 at C:\Program Files\dotnet\packs\Microsoft.AspNetCore.App.Ref\10.0.8\ref\net10.0\Microsoft.Extensions.Options.DataAnnotations.dll
  - Microsoft.Extensions.Options.dll 10.0.8 at C:\Program Files\dotnet\packs\Microsoft.AspNetCore.App.Ref\10.0.8\ref\net10.0\Microsoft.Extensions.Options.dll
  - Microsoft.Extensions.Primitives.dll 10.0.8 at C:\Program Files\dotnet\packs\Microsoft.AspNetCore.App.Ref\10.0.8\ref\net10.0\Microsoft.Extensions.Primitives.dll
  - Microsoft.Extensions.Validation.dll 10.0.8 at C:\Program Files\dotnet\packs\Microsoft.AspNetCore.App.Ref\10.0.8\ref\net10.0\Microsoft.Extensions.Validation.dll
  - Microsoft.Extensions.WebEncoders.dll 10.0.8 at C:\Program Files\dotnet\packs\Microsoft.AspNetCore.App.Ref\10.0.8\ref\net10.0\Microsoft.Extensions.WebEncoders.dll
  - Microsoft.JSInterop.dll 10.0.8 at C:\Program Files\dotnet\packs\Microsoft.AspNetCore.App.Ref\10.0.8\ref\net10.0\Microsoft.JSInterop.dll
  - Microsoft.Net.Http.Headers.dll 10.0.8 at C:\Program Files\dotnet\packs\Microsoft.AspNetCore.App.Ref\10.0.8\ref\net10.0\Microsoft.Net.Http.Headers.dll
  - Microsoft.VisualBasic.Core.dll 10.0.8 at C:\Program Files\dotnet\packs\Microsoft.NETCore.App.Ref\10.0.8\ref\net10.0\Microsoft.VisualBasic.Core.dll
  - Microsoft.VisualBasic.dll 10.0.8 at C:\Program Files\dotnet\packs\Microsoft.NETCore.App.Ref\10.0.8\ref\net10.0\Microsoft.VisualBasic.dll
  - Microsoft.Win32.Primitives.dll 10.0.8 at C:\Program Files\dotnet\packs\Microsoft.NETCore.App.Ref\10.0.8\ref\net10.0\Microsoft.Win32.Primitives.dll
  - Microsoft.Win32.Registry.dll 10.0.8 at C:\Program Files\dotnet\packs\Microsoft.NETCore.App.Ref\10.0.8\ref\net10.0\Microsoft.Win32.Registry.dll
  - mscorlib.dll 10.0.8 at C:\Program Files\dotnet\packs\Microsoft.NETCore.App.Ref\10.0.8\ref\net10.0\mscorlib.dll
  - netstandard.dll 10.0.8 at C:\Program Files\dotnet\packs\Microsoft.NETCore.App.Ref\10.0.8\ref\net10.0\netstandard.dll
  - System.AppContext.dll 10.0.8 at C:\Program Files\dotnet\packs\Microsoft.NETCore.App.Ref\10.0.8\ref\net10.0\System.AppContext.dll
  - System.Buffers.dll 10.0.8 at C:\Program Files\dotnet\packs\Microsoft.NETCore.App.Ref\10.0.8\ref\net10.0\System.Buffers.dll
  - System.Collections.Concurrent.dll 10.0.8 at C:\Program Files\dotnet\packs\Microsoft.NETCore.App.Ref\10.0.8\ref\net10.0\System.Collections.Concurrent.dll
  - System.Collections.dll 10.0.8 at C:\Program Files\dotnet\packs\Microsoft.NETCore.App.Ref\10.0.8\ref\net10.0\System.Collections.dll
  - System.Collections.Immutable.dll 10.0.8 at C:\Program Files\dotnet\packs\Microsoft.NETCore.App.Ref\10.0.8\ref\net10.0\System.Collections.Immutable.dll
  - System.Collections.NonGeneric.dll 10.0.8 at C:\Program Files\dotnet\packs\Microsoft.NETCore.App.Ref\10.0.8\ref\net10.0\System.Collections.NonGeneric.dll
  - System.Collections.Specialized.dll 10.0.8 at C:\Program Files\dotnet\packs\Microsoft.NETCore.App.Ref\10.0.8\ref\net10.0\System.Collections.Specialized.dll
  - System.ComponentModel.Annotations.dll 10.0.8 at C:\Program Files\dotnet\packs\Microsoft.NETCore.App.Ref\10.0.8\ref\net10.0\System.ComponentModel.Annotations.dll
  - System.ComponentModel.DataAnnotations.dll 10.0.8 at C:\Program Files\dotnet\packs\Microsoft.NETCore.App.Ref\10.0.8\ref\net10.0\System.ComponentModel.DataAnnotations.dll
  - System.ComponentModel.dll 10.0.8 at C:\Program Files\dotnet\packs\Microsoft.NETCore.App.Ref\10.0.8\ref\net10.0\System.ComponentModel.dll
  - System.ComponentModel.EventBasedAsync.dll 10.0.8 at C:\Program Files\dotnet\packs\Microsoft.NETCore.App.Ref\10.0.8\ref\net10.0\System.ComponentModel.EventBasedAsync.dll
  - System.ComponentModel.Primitives.dll 10.0.8 at C:\Program Files\dotnet\packs\Microsoft.NETCore.App.Ref\10.0.8\ref\net10.0\System.ComponentModel.Primitives.dll
  - System.ComponentModel.TypeConverter.dll 10.0.8 at C:\Program Files\dotnet\packs\Microsoft.NETCore.App.Ref\10.0.8\ref\net10.0\System.ComponentModel.TypeConverter.dll
  - System.Configuration.dll 10.0.8 at C:\Program Files\dotnet\packs\Microsoft.NETCore.App.Ref\10.0.8\ref\net10.0\System.Configuration.dll
  - System.Console.dll 10.0.8 at C:\Program Files\dotnet\packs\Microsoft.NETCore.App.Ref\10.0.8\ref\net10.0\System.Console.dll
  - System.Core.dll 10.0.8 at C:\Program Files\dotnet\packs\Microsoft.NETCore.App.Ref\10.0.8\ref\net10.0\System.Core.dll
  - System.Data.Common.dll 10.0.8 at C:\Program Files\dotnet\packs\Microsoft.NETCore.App.Ref\10.0.8\ref\net10.0\System.Data.Common.dll
  - System.Data.DataSetExtensions.dll 10.0.8 at C:\Program Files\dotnet\packs\Microsoft.NETCore.App.Ref\10.0.8\ref\net10.0\System.Data.DataSetExtensions.dll
  - System.Data.dll 10.0.8 at C:\Program Files\dotnet\packs\Microsoft.NETCore.App.Ref\10.0.8\ref\net10.0\System.Data.dll
  - System.Diagnostics.Contracts.dll 10.0.8 at C:\Program Files\dotnet\packs\Microsoft.NETCore.App.Ref\10.0.8\ref\net10.0\System.Diagnostics.Contracts.dll
  - System.Diagnostics.Debug.dll 10.0.8 at C:\Program Files\dotnet\packs\Microsoft.NETCore.App.Ref\10.0.8\ref\net10.0\System.Diagnostics.Debug.dll
  - System.Diagnostics.DiagnosticSource.dll 10.0.8 at C:\Program Files\dotnet\packs\Microsoft.NETCore.App.Ref\10.0.8\ref\net10.0\System.Diagnostics.DiagnosticSource.dll
  - System.Diagnostics.EventLog.dll 10.0.8 at C:\Program Files\dotnet\packs\Microsoft.AspNetCore.App.Ref\10.0.8\ref\net10.0\System.Diagnostics.EventLog.dll
  - System.Diagnostics.FileVersionInfo.dll 10.0.8 at C:\Program Files\dotnet\packs\Microsoft.NETCore.App.Ref\10.0.8\ref\net10.0\System.Diagnostics.FileVersionInfo.dll
  - System.Diagnostics.Process.dll 10.0.8 at C:\Program Files\dotnet\packs\Microsoft.NETCore.App.Ref\10.0.8\ref\net10.0\System.Diagnostics.Process.dll
  - System.Diagnostics.StackTrace.dll 10.0.8 at C:\Program Files\dotnet\packs\Microsoft.NETCore.App.Ref\10.0.8\ref\net10.0\System.Diagnostics.StackTrace.dll
  - System.Diagnostics.TextWriterTraceListener.dll 10.0.8 at C:\Program Files\dotnet\packs\Microsoft.NETCore.App.Ref\10.0.8\ref\net10.0\System.Diagnostics.TextWriterTraceListener.dll
  - System.Diagnostics.Tools.dll 10.0.8 at C:\Program Files\dotnet\packs\Microsoft.NETCore.App.Ref\10.0.8\ref\net10.0\System.Diagnostics.Tools.dll
  - System.Diagnostics.TraceSource.dll 10.0.8 at C:\Program Files\dotnet\packs\Microsoft.NETCore.App.Ref\10.0.8\ref\net10.0\System.Diagnostics.TraceSource.dll
  - System.Diagnostics.Tracing.dll 10.0.8 at C:\Program Files\dotnet\packs\Microsoft.NETCore.App.Ref\10.0.8\ref\net10.0\System.Diagnostics.Tracing.dll
  - System.dll 10.0.8 at C:\Program Files\dotnet\packs\Microsoft.NETCore.App.Ref\10.0.8\ref\net10.0\System.dll
  - System.Drawing.dll 10.0.8 at C:\Program Files\dotnet\packs\Microsoft.NETCore.App.Ref\10.0.8\ref\net10.0\System.Drawing.dll
  - System.Drawing.Primitives.dll 10.0.8 at C:\Program Files\dotnet\packs\Microsoft.NETCore.App.Ref\10.0.8\ref\net10.0\System.Drawing.Primitives.dll
  - System.Dynamic.Runtime.dll 10.0.8 at C:\Program Files\dotnet\packs\Microsoft.NETCore.App.Ref\10.0.8\ref\net10.0\System.Dynamic.Runtime.dll
  - System.Formats.Asn1.dll 10.0.8 at C:\Program Files\dotnet\packs\Microsoft.NETCore.App.Ref\10.0.8\ref\net10.0\System.Formats.Asn1.dll
  - System.Formats.Cbor.dll 10.0.8 at C:\Program Files\dotnet\packs\Microsoft.AspNetCore.App.Ref\10.0.8\ref\net10.0\System.Formats.Cbor.dll
  - System.Formats.Tar.dll 10.0.8 at C:\Program Files\dotnet\packs\Microsoft.NETCore.App.Ref\10.0.8\ref\net10.0\System.Formats.Tar.dll
  - System.Globalization.Calendars.dll 10.0.8 at C:\Program Files\dotnet\packs\Microsoft.NETCore.App.Ref\10.0.8\ref\net10.0\System.Globalization.Calendars.dll
  - System.Globalization.dll 10.0.8 at C:\Program Files\dotnet\packs\Microsoft.NETCore.App.Ref\10.0.8\ref\net10.0\System.Globalization.dll
  - System.Globalization.Extensions.dll 10.0.8 at C:\Program Files\dotnet\packs\Microsoft.NETCore.App.Ref\10.0.8\ref\net10.0\System.Globalization.Extensions.dll
  - System.IO.Compression.Brotli.dll 10.0.8 at C:\Program Files\dotnet\packs\Microsoft.NETCore.App.Ref\10.0.8\ref\net10.0\System.IO.Compression.Brotli.dll
  - System.IO.Compression.dll 10.0.8 at C:\Program Files\dotnet\packs\Microsoft.NETCore.App.Ref\10.0.8\ref\net10.0\System.IO.Compression.dll
  - System.IO.Compression.FileSystem.dll 10.0.8 at C:\Program Files\dotnet\packs\Microsoft.NETCore.App.Ref\10.0.8\ref\net10.0\System.IO.Compression.FileSystem.dll
  - System.IO.Compression.ZipFile.dll 10.0.8 at C:\Program Files\dotnet\packs\Microsoft.NETCore.App.Ref\10.0.8\ref\net10.0\System.IO.Compression.ZipFile.dll
  - System.IO.dll 10.0.8 at C:\Program Files\dotnet\packs\Microsoft.NETCore.App.Ref\10.0.8\ref\net10.0\System.IO.dll
  - System.IO.FileSystem.AccessControl.dll 10.0.8 at C:\Program Files\dotnet\packs\Microsoft.NETCore.App.Ref\10.0.8\ref\net10.0\System.IO.FileSystem.AccessControl.dll
  - System.IO.FileSystem.dll 10.0.8 at C:\Program Files\dotnet\packs\Microsoft.NETCore.App.Ref\10.0.8\ref\net10.0\System.IO.FileSystem.dll
  - System.IO.FileSystem.DriveInfo.dll 10.0.8 at C:\Program Files\dotnet\packs\Microsoft.NETCore.App.Ref\10.0.8\ref\net10.0\System.IO.FileSystem.DriveInfo.dll
  - System.IO.FileSystem.Primitives.dll 10.0.8 at C:\Program Files\dotnet\packs\Microsoft.NETCore.App.Ref\10.0.8\ref\net10.0\System.IO.FileSystem.Primitives.dll
  - System.IO.FileSystem.Watcher.dll 10.0.8 at C:\Program Files\dotnet\packs\Microsoft.NETCore.App.Ref\10.0.8\ref\net10.0\System.IO.FileSystem.Watcher.dll
  - System.IO.IsolatedStorage.dll 10.0.8 at C:\Program Files\dotnet\packs\Microsoft.NETCore.App.Ref\10.0.8\ref\net10.0\System.IO.IsolatedStorage.dll
  - System.IO.MemoryMappedFiles.dll 10.0.8 at C:\Program Files\dotnet\packs\Microsoft.NETCore.App.Ref\10.0.8\ref\net10.0\System.IO.MemoryMappedFiles.dll
  - System.IO.Pipelines.dll 10.0.8 at C:\Program Files\dotnet\packs\Microsoft.NETCore.App.Ref\10.0.8\ref\net10.0\System.IO.Pipelines.dll
  - System.IO.Pipes.AccessControl.dll 10.0.8 at C:\Program Files\dotnet\packs\Microsoft.NETCore.App.Ref\10.0.8\ref\net10.0\System.IO.Pipes.AccessControl.dll
  - System.IO.Pipes.dll 10.0.8 at C:\Program Files\dotnet\packs\Microsoft.NETCore.App.Ref\10.0.8\ref\net10.0\System.IO.Pipes.dll
  - System.IO.UnmanagedMemoryStream.dll 10.0.8 at C:\Program Files\dotnet\packs\Microsoft.NETCore.App.Ref\10.0.8\ref\net10.0\System.IO.UnmanagedMemoryStream.dll
  - System.Linq.AsyncEnumerable.dll 10.0.8 at C:\Program Files\dotnet\packs\Microsoft.NETCore.App.Ref\10.0.8\ref\net10.0\System.Linq.AsyncEnumerable.dll
  - System.Linq.dll 10.0.8 at C:\Program Files\dotnet\packs\Microsoft.NETCore.App.Ref\10.0.8\ref\net10.0\System.Linq.dll
  - System.Linq.Expressions.dll 10.0.8 at C:\Program Files\dotnet\packs\Microsoft.NETCore.App.Ref\10.0.8\ref\net10.0\System.Linq.Expressions.dll
  - System.Linq.Parallel.dll 10.0.8 at C:\Program Files\dotnet\packs\Microsoft.NETCore.App.Ref\10.0.8\ref\net10.0\System.Linq.Parallel.dll
  - System.Linq.Queryable.dll 10.0.8 at C:\Program Files\dotnet\packs\Microsoft.NETCore.App.Ref\10.0.8\ref\net10.0\System.Linq.Queryable.dll
  - System.Memory.dll 10.0.8 at C:\Program Files\dotnet\packs\Microsoft.NETCore.App.Ref\10.0.8\ref\net10.0\System.Memory.dll
  - System.Net.dll 10.0.8 at C:\Program Files\dotnet\packs\Microsoft.NETCore.App.Ref\10.0.8\ref\net10.0\System.Net.dll
  - System.Net.Http.dll 10.0.8 at C:\Program Files\dotnet\packs\Microsoft.NETCore.App.Ref\10.0.8\ref\net10.0\System.Net.Http.dll
  - System.Net.Http.Json.dll 10.0.8 at C:\Program Files\dotnet\packs\Microsoft.NETCore.App.Ref\10.0.8\ref\net10.0\System.Net.Http.Json.dll
  - System.Net.HttpListener.dll 10.0.8 at C:\Program Files\dotnet\packs\Microsoft.NETCore.App.Ref\10.0.8\ref\net10.0\System.Net.HttpListener.dll
  - System.Net.Mail.dll 10.0.8 at C:\Program Files\dotnet\packs\Microsoft.NETCore.App.Ref\10.0.8\ref\net10.0\System.Net.Mail.dll
  - System.Net.NameResolution.dll 10.0.8 at C:\Program Files\dotnet\packs\Microsoft.NETCore.App.Ref\10.0.8\ref\net10.0\System.Net.NameResolution.dll
  - System.Net.NetworkInformation.dll 10.0.8 at C:\Program Files\dotnet\packs\Microsoft.NETCore.App.Ref\10.0.8\ref\net10.0\System.Net.NetworkInformation.dll
  - System.Net.Ping.dll 10.0.8 at C:\Program Files\dotnet\packs\Microsoft.NETCore.App.Ref\10.0.8\ref\net10.0\System.Net.Ping.dll
  - System.Net.Primitives.dll 10.0.8 at C:\Program Files\dotnet\packs\Microsoft.NETCore.App.Ref\10.0.8\ref\net10.0\System.Net.Primitives.dll
  - System.Net.Quic.dll 10.0.8 at C:\Program Files\dotnet\packs\Microsoft.NETCore.App.Ref\10.0.8\ref\net10.0\System.Net.Quic.dll
  - System.Net.Requests.dll 10.0.8 at C:\Program Files\dotnet\packs\Microsoft.NETCore.App.Ref\10.0.8\ref\net10.0\System.Net.Requests.dll
  - System.Net.Security.dll 10.0.8 at C:\Program Files\dotnet\packs\Microsoft.NETCore.App.Ref\10.0.8\ref\net10.0\System.Net.Security.dll
  - System.Net.ServerSentEvents.dll 10.0.8 at C:\Program Files\dotnet\packs\Microsoft.NETCore.App.Ref\10.0.8\ref\net10.0\System.Net.ServerSentEvents.dll
  - System.Net.ServicePoint.dll 10.0.8 at C:\Program Files\dotnet\packs\Microsoft.NETCore.App.Ref\10.0.8\ref\net10.0\System.Net.ServicePoint.dll
  - System.Net.Sockets.dll 10.0.8 at C:\Program Files\dotnet\packs\Microsoft.NETCore.App.Ref\10.0.8\ref\net10.0\System.Net.Sockets.dll
  - System.Net.WebClient.dll 10.0.8 at C:\Program Files\dotnet\packs\Microsoft.NETCore.App.Ref\10.0.8\ref\net10.0\System.Net.WebClient.dll
  - System.Net.WebHeaderCollection.dll 10.0.8 at C:\Program Files\dotnet\packs\Microsoft.NETCore.App.Ref\10.0.8\ref\net10.0\System.Net.WebHeaderCollection.dll
  - System.Net.WebProxy.dll 10.0.8 at C:\Program Files\dotnet\packs\Microsoft.NETCore.App.Ref\10.0.8\ref\net10.0\System.Net.WebProxy.dll
  - System.Net.WebSockets.Client.dll 10.0.8 at C:\Program Files\dotnet\packs\Microsoft.NETCore.App.Ref\10.0.8\ref\net10.0\System.Net.WebSockets.Client.dll
  - System.Net.WebSockets.dll 10.0.8 at C:\Program Files\dotnet\packs\Microsoft.NETCore.App.Ref\10.0.8\ref\net10.0\System.Net.WebSockets.dll
  - System.Numerics.dll 10.0.8 at C:\Program Files\dotnet\packs\Microsoft.NETCore.App.Ref\10.0.8\ref\net10.0\System.Numerics.dll
  - System.Numerics.Tensors.dll 10.0.4 at C:\Users\tddkhanh\.nuget\packages\system.numerics.tensors\10.0.4\lib\net10.0\System.Numerics.Tensors.dll
  - System.Numerics.Vectors.dll 10.0.8 at C:\Program Files\dotnet\packs\Microsoft.NETCore.App.Ref\10.0.8\ref\net10.0\System.Numerics.Vectors.dll
  - System.ObjectModel.dll 10.0.8 at C:\Program Files\dotnet\packs\Microsoft.NETCore.App.Ref\10.0.8\ref\net10.0\System.ObjectModel.dll
  - System.Reflection.DispatchProxy.dll 10.0.8 at C:\Program Files\dotnet\packs\Microsoft.NETCore.App.Ref\10.0.8\ref\net10.0\System.Reflection.DispatchProxy.dll
  - System.Reflection.dll 10.0.8 at C:\Program Files\dotnet\packs\Microsoft.NETCore.App.Ref\10.0.8\ref\net10.0\System.Reflection.dll
  - System.Reflection.Emit.dll 10.0.8 at C:\Program Files\dotnet\packs\Microsoft.NETCore.App.Ref\10.0.8\ref\net10.0\System.Reflection.Emit.dll
  - System.Reflection.Emit.ILGeneration.dll 10.0.8 at C:\Program Files\dotnet\packs\Microsoft.NETCore.App.Ref\10.0.8\ref\net10.0\System.Reflection.Emit.ILGeneration.dll
  - System.Reflection.Emit.Lightweight.dll 10.0.8 at C:\Program Files\dotnet\packs\Microsoft.NETCore.App.Ref\10.0.8\ref\net10.0\System.Reflection.Emit.Lightweight.dll
  - System.Reflection.Extensions.dll 10.0.8 at C:\Program Files\dotnet\packs\Microsoft.NETCore.App.Ref\10.0.8\ref\net10.0\System.Reflection.Extensions.dll
  - System.Reflection.Metadata.dll 10.0.8 at C:\Program Files\dotnet\packs\Microsoft.NETCore.App.Ref\10.0.8\ref\net10.0\System.Reflection.Metadata.dll
  - System.Reflection.Primitives.dll 10.0.8 at C:\Program Files\dotnet\packs\Microsoft.NETCore.App.Ref\10.0.8\ref\net10.0\System.Reflection.Primitives.dll
  - System.Reflection.TypeExtensions.dll 10.0.8 at C:\Program Files\dotnet\packs\Microsoft.NETCore.App.Ref\10.0.8\ref\net10.0\System.Reflection.TypeExtensions.dll
  - System.Resources.Reader.dll 10.0.8 at C:\Program Files\dotnet\packs\Microsoft.NETCore.App.Ref\10.0.8\ref\net10.0\System.Resources.Reader.dll
  - System.Resources.ResourceManager.dll 10.0.8 at C:\Program Files\dotnet\packs\Microsoft.NETCore.App.Ref\10.0.8\ref\net10.0\System.Resources.ResourceManager.dll
  - System.Resources.Writer.dll 10.0.8 at C:\Program Files\dotnet\packs\Microsoft.NETCore.App.Ref\10.0.8\ref\net10.0\System.Resources.Writer.dll
  - System.Runtime.CompilerServices.Unsafe.dll 10.0.8 at C:\Program Files\dotnet\packs\Microsoft.NETCore.App.Ref\10.0.8\ref\net10.0\System.Runtime.CompilerServices.Unsafe.dll
  - System.Runtime.CompilerServices.VisualC.dll 10.0.8 at C:\Program Files\dotnet\packs\Microsoft.NETCore.App.Ref\10.0.8\ref\net10.0\System.Runtime.CompilerServices.VisualC.dll
  - System.Runtime.dll 10.0.8 at C:\Program Files\dotnet\packs\Microsoft.NETCore.App.Ref\10.0.8\ref\net10.0\System.Runtime.dll
  - System.Runtime.Extensions.dll 10.0.8 at C:\Program Files\dotnet\packs\Microsoft.NETCore.App.Ref\10.0.8\ref\net10.0\System.Runtime.Extensions.dll
  - System.Runtime.Handles.dll 10.0.8 at C:\Program Files\dotnet\packs\Microsoft.NETCore.App.Ref\10.0.8\ref\net10.0\System.Runtime.Handles.dll
  - System.Runtime.InteropServices.dll 10.0.8 at C:\Program Files\dotnet\packs\Microsoft.NETCore.App.Ref\10.0.8\ref\net10.0\System.Runtime.InteropServices.dll
  - System.Runtime.InteropServices.JavaScript.dll 10.0.8 at C:\Program Files\dotnet\packs\Microsoft.NETCore.App.Ref\10.0.8\ref\net10.0\System.Runtime.InteropServices.JavaScript.dll
  - System.Runtime.InteropServices.RuntimeInformation.dll 10.0.8 at C:\Program Files\dotnet\packs\Microsoft.NETCore.App.Ref\10.0.8\ref\net10.0\System.Runtime.InteropServices.RuntimeInformation.dll
  - System.Runtime.Intrinsics.dll 10.0.8 at C:\Program Files\dotnet\packs\Microsoft.NETCore.App.Ref\10.0.8\ref\net10.0\System.Runtime.Intrinsics.dll
  - System.Runtime.Loader.dll 10.0.8 at C:\Program Files\dotnet\packs\Microsoft.NETCore.App.Ref\10.0.8\ref\net10.0\System.Runtime.Loader.dll
  - System.Runtime.Numerics.dll 10.0.8 at C:\Program Files\dotnet\packs\Microsoft.NETCore.App.Ref\10.0.8\ref\net10.0\System.Runtime.Numerics.dll
  - System.Runtime.Serialization.dll 10.0.8 at C:\Program Files\dotnet\packs\Microsoft.NETCore.App.Ref\10.0.8\ref\net10.0\System.Runtime.Serialization.dll
  - System.Runtime.Serialization.Formatters.dll 10.0.8 at C:\Program Files\dotnet\packs\Microsoft.NETCore.App.Ref\10.0.8\ref\net10.0\System.Runtime.Serialization.Formatters.dll
  - System.Runtime.Serialization.Json.dll 10.0.8 at C:\Program Files\dotnet\packs\Microsoft.NETCore.App.Ref\10.0.8\ref\net10.0\System.Runtime.Serialization.Json.dll
  - System.Runtime.Serialization.Primitives.dll 10.0.8 at C:\Program Files\dotnet\packs\Microsoft.NETCore.App.Ref\10.0.8\ref\net10.0\System.Runtime.Serialization.Primitives.dll
  - System.Runtime.Serialization.Xml.dll 10.0.8 at C:\Program Files\dotnet\packs\Microsoft.NETCore.App.Ref\10.0.8\ref\net10.0\System.Runtime.Serialization.Xml.dll
  - System.Security.AccessControl.dll 10.0.8 at C:\Program Files\dotnet\packs\Microsoft.NETCore.App.Ref\10.0.8\ref\net10.0\System.Security.AccessControl.dll
  - System.Security.Claims.dll 10.0.8 at C:\Program Files\dotnet\packs\Microsoft.NETCore.App.Ref\10.0.8\ref\net10.0\System.Security.Claims.dll
  - System.Security.Cryptography.Algorithms.dll 10.0.8 at C:\Program Files\dotnet\packs\Microsoft.NETCore.App.Ref\10.0.8\ref\net10.0\System.Security.Cryptography.Algorithms.dll
  - System.Security.Cryptography.Cng.dll 10.0.8 at C:\Program Files\dotnet\packs\Microsoft.NETCore.App.Ref\10.0.8\ref\net10.0\System.Security.Cryptography.Cng.dll
  - System.Security.Cryptography.Csp.dll 10.0.8 at C:\Program Files\dotnet\packs\Microsoft.NETCore.App.Ref\10.0.8\ref\net10.0\System.Security.Cryptography.Csp.dll
  - System.Security.Cryptography.dll 10.0.8 at C:\Program Files\dotnet\packs\Microsoft.NETCore.App.Ref\10.0.8\ref\net10.0\System.Security.Cryptography.dll
  - System.Security.Cryptography.Encoding.dll 10.0.8 at C:\Program Files\dotnet\packs\Microsoft.NETCore.App.Ref\10.0.8\ref\net10.0\System.Security.Cryptography.Encoding.dll
  - System.Security.Cryptography.OpenSsl.dll 10.0.8 at C:\Program Files\dotnet\packs\Microsoft.NETCore.App.Ref\10.0.8\ref\net10.0\System.Security.Cryptography.OpenSsl.dll
  - System.Security.Cryptography.Pkcs.dll 9.0.9 at C:\Users\tddkhanh\.nuget\packages\system.security.cryptography.pkcs\9.0.9\lib\net9.0\System.Security.Cryptography.Pkcs.dll
  - System.Security.Cryptography.Primitives.dll 10.0.8 at C:\Program Files\dotnet\packs\Microsoft.NETCore.App.Ref\10.0.8\ref\net10.0\System.Security.Cryptography.Primitives.dll
  - System.Security.Cryptography.X509Certificates.dll 10.0.8 at C:\Program Files\dotnet\packs\Microsoft.NETCore.App.Ref\10.0.8\ref\net10.0\System.Security.Cryptography.X509Certificates.dll
  - System.Security.Cryptography.Xml.dll 10.0.8 at C:\Program Files\dotnet\packs\Microsoft.AspNetCore.App.Ref\10.0.8\ref\net10.0\System.Security.Cryptography.Xml.dll
  - System.Security.dll 10.0.8 at C:\Program Files\dotnet\packs\Microsoft.NETCore.App.Ref\10.0.8\ref\net10.0\System.Security.dll
  - System.Security.Principal.dll 10.0.8 at C:\Program Files\dotnet\packs\Microsoft.NETCore.App.Ref\10.0.8\ref\net10.0\System.Security.Principal.dll
  - System.Security.Principal.Windows.dll 10.0.8 at C:\Program Files\dotnet\packs\Microsoft.NETCore.App.Ref\10.0.8\ref\net10.0\System.Security.Principal.Windows.dll
  - System.Security.SecureString.dll 10.0.8 at C:\Program Files\dotnet\packs\Microsoft.NETCore.App.Ref\10.0.8\ref\net10.0\System.Security.SecureString.dll
  - System.ServiceModel.Web.dll 10.0.8 at C:\Program Files\dotnet\packs\Microsoft.NETCore.App.Ref\10.0.8\ref\net10.0\System.ServiceModel.Web.dll
  - System.ServiceProcess.dll 10.0.8 at C:\Program Files\dotnet\packs\Microsoft.NETCore.App.Ref\10.0.8\ref\net10.0\System.ServiceProcess.dll
  - System.Text.Encoding.CodePages.dll 10.0.8 at C:\Program Files\dotnet\packs\Microsoft.NETCore.App.Ref\10.0.8\ref\net10.0\System.Text.Encoding.CodePages.dll
  - System.Text.Encoding.dll 10.0.8 at C:\Program Files\dotnet\packs\Microsoft.NETCore.App.Ref\10.0.8\ref\net10.0\System.Text.Encoding.dll
  - System.Text.Encoding.Extensions.dll 10.0.8 at C:\Program Files\dotnet\packs\Microsoft.NETCore.App.Ref\10.0.8\ref\net10.0\System.Text.Encoding.Extensions.dll
  - System.Text.Encodings.Web.dll 10.0.8 at C:\Program Files\dotnet\packs\Microsoft.NETCore.App.Ref\10.0.8\ref\net10.0\System.Text.Encodings.Web.dll
  - System.Text.Json.dll 10.0.8 at C:\Program Files\dotnet\packs\Microsoft.NETCore.App.Ref\10.0.8\ref\net10.0\System.Text.Json.dll
  - System.Text.RegularExpressions.dll 10.0.8 at C:\Program Files\dotnet\packs\Microsoft.NETCore.App.Ref\10.0.8\ref\net10.0\System.Text.RegularExpressions.dll
  - System.Threading.AccessControl.dll 10.0.8 at C:\Program Files\dotnet\packs\Microsoft.NETCore.App.Ref\10.0.8\ref\net10.0\System.Threading.AccessControl.dll
  - System.Threading.Channels.dll 10.0.8 at C:\Program Files\dotnet\packs\Microsoft.NETCore.App.Ref\10.0.8\ref\net10.0\System.Threading.Channels.dll
  - System.Threading.dll 10.0.8 at C:\Program Files\dotnet\packs\Microsoft.NETCore.App.Ref\10.0.8\ref\net10.0\System.Threading.dll
  - System.Threading.Overlapped.dll 10.0.8 at C:\Program Files\dotnet\packs\Microsoft.NETCore.App.Ref\10.0.8\ref\net10.0\System.Threading.Overlapped.dll
  - System.Threading.RateLimiting.dll 10.0.8 at C:\Program Files\dotnet\packs\Microsoft.AspNetCore.App.Ref\10.0.8\ref\net10.0\System.Threading.RateLimiting.dll
  - System.Threading.Tasks.Dataflow.dll 10.0.8 at C:\Program Files\dotnet\packs\Microsoft.NETCore.App.Ref\10.0.8\ref\net10.0\System.Threading.Tasks.Dataflow.dll
  - System.Threading.Tasks.dll 10.0.8 at C:\Program Files\dotnet\packs\Microsoft.NETCore.App.Ref\10.0.8\ref\net10.0\System.Threading.Tasks.dll
  - System.Threading.Tasks.Extensions.dll 10.0.8 at C:\Program Files\dotnet\packs\Microsoft.NETCore.App.Ref\10.0.8\ref\net10.0\System.Threading.Tasks.Extensions.dll
  - System.Threading.Tasks.Parallel.dll 10.0.8 at C:\Program Files\dotnet\packs\Microsoft.NETCore.App.Ref\10.0.8\ref\net10.0\System.Threading.Tasks.Parallel.dll
  - System.Threading.Thread.dll 10.0.8 at C:\Program Files\dotnet\packs\Microsoft.NETCore.App.Ref\10.0.8\ref\net10.0\System.Threading.Thread.dll
  - System.Threading.ThreadPool.dll 10.0.8 at C:\Program Files\dotnet\packs\Microsoft.NETCore.App.Ref\10.0.8\ref\net10.0\System.Threading.ThreadPool.dll
  - System.Threading.Timer.dll 10.0.8 at C:\Program Files\dotnet\packs\Microsoft.NETCore.App.Ref\10.0.8\ref\net10.0\System.Threading.Timer.dll
  - System.Transactions.dll 10.0.8 at C:\Program Files\dotnet\packs\Microsoft.NETCore.App.Ref\10.0.8\ref\net10.0\System.Transactions.dll
  - System.Transactions.Local.dll 10.0.8 at C:\Program Files\dotnet\packs\Microsoft.NETCore.App.Ref\10.0.8\ref\net10.0\System.Transactions.Local.dll
  - System.ValueTuple.dll 10.0.8 at C:\Program Files\dotnet\packs\Microsoft.NETCore.App.Ref\10.0.8\ref\net10.0\System.ValueTuple.dll
  - System.Web.dll 10.0.8 at C:\Program Files\dotnet\packs\Microsoft.NETCore.App.Ref\10.0.8\ref\net10.0\System.Web.dll
  - System.Web.HttpUtility.dll 10.0.8 at C:\Program Files\dotnet\packs\Microsoft.NETCore.App.Ref\10.0.8\ref\net10.0\System.Web.HttpUtility.dll
  - System.Windows.dll 10.0.8 at C:\Program Files\dotnet\packs\Microsoft.NETCore.App.Ref\10.0.8\ref\net10.0\System.Windows.dll
  - System.Xml.dll 10.0.8 at C:\Program Files\dotnet\packs\Microsoft.NETCore.App.Ref\10.0.8\ref\net10.0\System.Xml.dll
  - System.Xml.Linq.dll 10.0.8 at C:\Program Files\dotnet\packs\Microsoft.NETCore.App.Ref\10.0.8\ref\net10.0\System.Xml.Linq.dll
  - System.Xml.ReaderWriter.dll 10.0.8 at C:\Program Files\dotnet\packs\Microsoft.NETCore.App.Ref\10.0.8\ref\net10.0\System.Xml.ReaderWriter.dll
  - System.Xml.Serialization.dll 10.0.8 at C:\Program Files\dotnet\packs\Microsoft.NETCore.App.Ref\10.0.8\ref\net10.0\System.Xml.Serialization.dll
  - System.Xml.XDocument.dll 10.0.8 at C:\Program Files\dotnet\packs\Microsoft.NETCore.App.Ref\10.0.8\ref\net10.0\System.Xml.XDocument.dll
  - System.Xml.XmlDocument.dll 10.0.8 at C:\Program Files\dotnet\packs\Microsoft.NETCore.App.Ref\10.0.8\ref\net10.0\System.Xml.XmlDocument.dll
  - System.Xml.XmlSerializer.dll 10.0.8 at C:\Program Files\dotnet\packs\Microsoft.NETCore.App.Ref\10.0.8\ref\net10.0\System.Xml.XmlSerializer.dll
  - System.Xml.XPath.dll 10.0.8 at C:\Program Files\dotnet\packs\Microsoft.NETCore.App.Ref\10.0.8\ref\net10.0\System.Xml.XPath.dll
  - System.Xml.XPath.XDocument.dll 10.0.8 at C:\Program Files\dotnet\packs\Microsoft.NETCore.App.Ref\10.0.8\ref\net10.0\System.Xml.XPath.XDocument.dll
  - Telerik.AI.SmartComponents.Extensions.dll 2.2.1 at C:\Users\tddkhanh\.nuget\packages\telerik.ai.smartcomponents.extensions\2.2.1\lib\net8.0\Telerik.AI.SmartComponents.Extensions.dll
  - Telerik.Blazor.dll 14.0.0 at C:\Users\tddkhanh\.nuget\packages\telerik.ui.for.blazor\14.0.0\lib\net8.0\Telerik.Blazor.dll
  - Telerik.DataSource.dll 4.1.0 at C:\Users\tddkhanh\.nuget\packages\telerik.datasource\4.1.0\lib\net8.0\Telerik.DataSource.dll
  - Telerik.Documents.Core.dll 2026.2.519 at C:\Users\tddkhanh\.nuget\packages\telerik.documents.core\2026.2.519\lib\netstandard2.0\Telerik.Documents.Core.dll
  - Telerik.Documents.Fixed.dll 2026.2.519 at C:\Users\tddkhanh\.nuget\packages\telerik.documents.fixed\2026.2.519\lib\netstandard2.0\Telerik.Documents.Fixed.dll
  - Telerik.Documents.Spreadsheet.dll 2026.2.519 at C:\Users\tddkhanh\.nuget\packages\telerik.documents.spreadsheet\2026.2.519\lib\netstandard2.0\Telerik.Documents.Spreadsheet.dll
  - Telerik.Documents.Spreadsheet.FormatProviders.Pdf.dll 2026.2.519 at C:\Users\tddkhanh\.nuget\packages\telerik.documents.spreadsheet.formatproviders.pdf\2026.2.519\lib\netstandard2.0\Telerik.Documents.Spreadsheet.FormatProviders.Pdf.dll
  - Telerik.Documents.SpreadsheetStreaming.dll 2026.2.519 at C:\Users\tddkhanh\.nuget\packages\telerik.documents.spreadsheetstreaming\2026.2.519\lib\netstandard2.0\Telerik.Documents.SpreadsheetStreaming.dll
  - Telerik.FontIcons.dll 4.9.2 at C:\Users\tddkhanh\.nuget\packages\telerik.fonticons\4.9.2\lib\netstandard2.0\Telerik.FontIcons.dll
  - Telerik.Licensing.Runtime.dll 1.8.2 at C:\Users\tddkhanh\.nuget\packages\telerik.licensing\1.8.2\lib\net10.0\Telerik.Licensing.Runtime.dll
  - Telerik.Pivot.Core.dll 1.0.0 at C:\Users\tddkhanh\.nuget\packages\telerik.pivot.core\1.0.0\lib\net8.0\Telerik.Pivot.Core.dll
  - Telerik.Pivot.DataProviders.Xmla.dll 1.0.0 at C:\Users\tddkhanh\.nuget\packages\telerik.pivot.dataproviders.xmla\1.0.0\lib\net8.0\Telerik.Pivot.DataProviders.Xmla.dll
  - Telerik.Recurrence.dll 1.0.0 at C:\Users\tddkhanh\.nuget\packages\telerik.recurrence\1.0.0\lib\net8.0\Telerik.Recurrence.dll
  - Telerik.SvgIcons.dll 4.9.2 at C:\Users\tddkhanh\.nuget\packages\telerik.svgicons\4.9.2\lib\netstandard2.0\Telerik.SvgIcons.dll
  - Telerik.Zip.dll 2026.2.519 at C:\Users\tddkhanh\.nuget\packages\telerik.zip\2026.2.519\lib\netstandard2.0\Telerik.Zip.dll
  - WindowsBase.dll 10.0.8 at C:\Program Files\dotnet\packs\Microsoft.NETCore.App.Ref\10.0.8\ref\net10.0\WindowsBase.dll
  MachineId=T67PQYIlb9W6VOVNpg1C57e7U0Q=

[2026-05-29 05:08:31.840] [Low]   Looking for Telerik product metadata in referenced assemblies
      - C:\Users\tddkhanh\.nuget\packages\telerik.ui.for.blazor\14.0.0\lib\net8.0\Telerik.Blazor.dll
        ProductCode: BLAZOR, LicenseDate: 2026-05-20, ProductName: Telerik UI for Blazor, ProductVersion: 14.0.0.0, Flags: None
        Transitive product references:
        - DPL 2026-05-19 (redistributed by: RCWPF;RCWF;MAUI;UIXAM;WINUI;RCAJAX;KENDOUIMVC;UIASPCORE;BLAZOR) Telerik Document Processing Libraries 2026.2.519.20
      - C:\Users\tddkhanh\.nuget\packages\telerik.documents.core\2026.2.519\lib\netstandard2.0\Telerik.Documents.Core.dll
        ProductCode: DPL, LicenseDate: 2026-05-19, Redistributed By: RCWPF, RCWF, MAUI, UIXAM, WINUI, RCAJAX, KENDOUIMVC, UIASPCORE, BLAZOR, ProductName: Telerik Document Processing Libraries, ProductVersion: 2026.2.519.20, Flags: None
      - C:\Users\tddkhanh\.nuget\packages\telerik.documents.fixed\2026.2.519\lib\netstandard2.0\Telerik.Documents.Fixed.dll
        ProductCode: DPL, LicenseDate: 2026-05-19, Redistributed By: RCWPF, RCWF, MAUI, UIXAM, WINUI, RCAJAX, KENDOUIMVC, UIASPCORE, BLAZOR, ProductName: Telerik Document Processing Libraries, ProductVersion: 2026.2.519.20, Flags: None
      - C:\Users\tddkhanh\.nuget\packages\telerik.documents.spreadsheet\2026.2.519\lib\netstandard2.0\Telerik.Documents.Spreadsheet.dll
        ProductCode: DPL, LicenseDate: 2026-05-19, Redistributed By: RCWPF, RCWF, MAUI, UIXAM, WINUI, RCAJAX, KENDOUIMVC, UIASPCORE, BLAZOR, ProductName: Telerik Document Processing Libraries, ProductVersion: 2026.2.519.20, Flags: None
      - C:\Users\tddkhanh\.nuget\packages\telerik.documents.spreadsheet.formatproviders.pdf\2026.2.519\lib\netstandard2.0\Telerik.Documents.Spreadsheet.FormatProviders.Pdf.dll
        ProductCode: DPL, LicenseDate: 2026-05-19, Redistributed By: RCWPF, RCWF, MAUI, UIXAM, WINUI, RCAJAX, KENDOUIMVC, UIASPCORE, BLAZOR, ProductName: Telerik Document Processing Libraries, ProductVersion: 2026.2.519.20, Flags: None
      - C:\Users\tddkhanh\.nuget\packages\telerik.documents.spreadsheetstreaming\2026.2.519\lib\netstandard2.0\Telerik.Documents.SpreadsheetStreaming.dll
        ProductCode: DPL, LicenseDate: 2026-05-19, Redistributed By: RCWPF, RCWF, MAUI, UIXAM, WINUI, RCAJAX, KENDOUIMVC, UIASPCORE, BLAZOR, ProductName: Telerik Document Processing Libraries, ProductVersion: 2026.2.519.20, Flags: None
      - C:\Users\tddkhanh\.nuget\packages\telerik.zip\2026.2.519\lib\netstandard2.0\Telerik.Zip.dll
        ProductCode: DPL, LicenseDate: 2026-05-19, Redistributed By: RCWPF, RCWF, MAUI, UIXAM, WINUI, RCAJAX, KENDOUIMVC, UIASPCORE, BLAZOR, ProductName: Telerik Document Processing Libraries, ProductVersion: 2026.2.519.20, Flags: None
      Unique Products:
      - "Telerik UI for Blazor" (BLAZOR) 14.0.0.0 @2026-05-20
      - "Telerik Document Processing Libraries" (DPL) 2026.2.519.20 @2026-05-19
      Found a total of 2 referenced Telerik products for net10.0

[2026-05-29 05:08:31.857] [Low]   Provision Licensing
        Looking up license file...
        - EnvironmentVariablePath: TELERIK_LICENSE_PATH (NotAvailable)
        - EnvironmentVariable: TELERIK_LICENSE (NotAvailable)
        - EnvironmentVariable: KENDO_UI_LICENSE (NotAvailable)
        - RecursiveFilePath: D:\Code\Blazor\TelerikGrid\TelerikGrid\telerik-license.txt (NotAvailable)
        - RecursiveFilePath: D:\Code\Blazor\TelerikGrid\TelerikGrid\kendo-ui-license.txt (NotAvailable)
        - RecursiveFilePath: D:\Code\Blazor\TelerikGrid\telerik-license.txt (NotAvailable)
        - RecursiveFilePath: D:\Code\Blazor\TelerikGrid\kendo-ui-license.txt (NotAvailable)
        - RecursiveFilePath: D:\Code\Blazor\telerik-license.txt (NotAvailable)
        - RecursiveFilePath: D:\Code\Blazor\kendo-ui-license.txt (NotAvailable)
        - RecursiveFilePath: D:\Code\telerik-license.txt (NotAvailable)
        - RecursiveFilePath: D:\Code\kendo-ui-license.txt (NotAvailable)
        - RecursiveFilePath: D:\telerik-license.txt (NotAvailable)
        - RecursiveFilePath: D:\kendo-ui-license.txt (NotAvailable)
        - UserDirectory: C:\Users\tddkhanh\AppData\Roaming\Telerik\telerik-license.txt (LicenseFound)
        - UserDirectory: C:\Users\tddkhanh\AppData\Roaming\Telerik\kendo-ui-license.txt (Skip)
        LicenseKey
        - AUD: t************@g****.com
        - UsedId: 344ca679-260a-4541-b9a7-cafe8537ed1f
        - LicenseId: de0ab21e-4a76-46d5-b1d8-a860fc8a108a
        - IssuedAt: 5/27/2026 11:20:30 PM
        - Licenses
          0) Trial BLAZOR, expiration 6/26/2026 3:27:27 AM, type: 'trial'
          1) Usage UserId: 344ca679-260a-4541-b9a7-cafe8537ed1f, LicenseId: de0ab21e-4a76-46d5-b1d8-a860fc8a108a, type: 'usage'

[2026-05-29 05:08:31.861] [Low]   License Resolution
        Messages
          - License OK for "Telerik UI for Blazor" (BLAZOR) 14.0.0.0 @2026-05-20 - Trial, valid until 2026-06-26.
          - License OK for "Telerik Document Processing Libraries" (DPL) 2026.2.519.20 @2026-05-19 - Trial for BLAZOR, valid until 2026-06-26.
        JWTs
          - eyJhbGciOiJSUzI1NiIsInR5cCI6IlRlbGVyaWsgTGljZW5zZSBFdmlkZW5jZSJ9.eyJjb2RlIjoiQkxBWk9SIiwidHlwZSI6InRyaWFsIiwiZXhwaXJhdGlvbiI6MTc4MjQ0NDQ0NywidXNlcklkIjoiMzQ0Y2E2NzktMjYwYS00NTQxLWI5YTctY2FmZTg1MzdlZDFmIiwibGljZW5zZUlkIjoiZGUwYWIyMWUtNGE3Ni00NmQ1LWIxZDgtYTg2MGZjOGExMDhhIn0.zRRYGeaQHW_-AN5jMEypWMNjOlATOXZHpV5AHN3NlbngssoYs7K9y_qOaxXPcylCIl3h5K6r9iwFKWe9xaIU0G-MXBTvRZpfbkiZtrYp4puaC1ONeHElHT_DqQnoqIb93UpJOBwO4SFWFzoHgPYcY7w8xTV82tVxIgXFRxwPyfGNrV7rD2oGDM3cvIFGOQT4i5dO67MzBDduG-4R9bofmMXKaj0qv69aM44f6A8t2DOPWIgTIqNcjp69XT-RM9i1zLy3sNEvrb9nntBRNqqXoj2OZtPiSjDFA6s-WWJkTpLuvZHieCL2T3LY_H0WNG2LHsYc2l4FPDttY99f0L27IA
        Licenses
          - License OK for "Telerik UI for Blazor" (BLAZOR) 14.0.0.0 @2026-05-20 - Trial, valid until 2026-06-26.
          - License OK for "Telerik Document Processing Libraries" (DPL) 2026.2.519.20 @2026-05-19 - Trial for BLAZOR, valid until 2026-06-26.

[2026-05-29 05:08:31.862] [Low] OutputType: Exe, ImportXamlTargets: False
[2026-05-29 05:08:31.863] [Low] LicenseEvidence CodeGen: Up to date!
[2026-05-29 05:08:31.873] [Low] 
      Call-Home Telerik Products (2 for net10.0)
      - "Telerik UI for Blazor" (BLAZOR) 14.0.0
      - "DPL" (DPL) 2026.2.519

[2026-05-29 05:08:31.873] [Low] 
[2026-05-29 05:08:31.874] [Low] 
      Call-Home Telerik Features (0 for net10.0)

[2026-05-29 05:08:31.874] [Low] 
[2026-05-29 05:08:31.905] [Low]   Report Telerik.Licensing
        UserId: 344ca679-260a-4541-b9a7-cafe8537ed1f
        LicenseId: de0ab21e-4a76-46d5-b1d8-a860fc8a108a
        Products
        - LicenseUsed BLAZOR 14.0.0.0 SKIPPED
        - LicenseUsed DPL 2026.2.519.20 SKIPPED
      Report finished in 00:00:00.0300429

[2026-05-29 05:08:31.906] [Low]   Sending Telemetry...
[2026-05-29 05:08:31.925] [Low]   Metrics done 00:00:00.0186873
[2026-05-29 05:08:31.926] [Normal] Resolve Telerik Products. Done (00:00:00.1909418) for net10.0
[2026-05-29 05:40:37.617] [Normal] Resolve Telerik Products.
  MSBuildProjectName=TelerikGrid
  MSBuildProjectDirectory=D:\Code\Blazor\TelerikGrid\TelerikGrid
  MSBuildProjectExtension=.csproj
  Language=C#
  OutputPath=bin\Debug\net10.0\
  Platform=AnyCPU
  TargetFramework=net10.0
  TargetFrameworks=
  TargetFrameworkVersion=v10.0
  VisualStudioVersion=18.0
  UsingMicrosoftNETSdk=true
  UsingMicrosoftNETSdkRazor=true
  UsingMicrosoftNETSdkWeb=true
  ImportXamlTargets=False
  OutputType=Exe
  UseMaui=
  NuGetPackageRoot=C:\Users\tddkhanh\.nuget\packages\

  PackageReferences
  - Telerik.UI.for.Blazor 14.0.0
  - Microsoft.AspNetCore.App.Internal.Assets 10.0.8
  ReferencePaths
  - Microsoft.AspNetCore.Antiforgery.dll 10.0.8 at C:\Program Files\dotnet\packs\Microsoft.AspNetCore.App.Ref\10.0.8\ref\net10.0\Microsoft.AspNetCore.Antiforgery.dll
  - Microsoft.AspNetCore.Authentication.Abstractions.dll 10.0.8 at C:\Program Files\dotnet\packs\Microsoft.AspNetCore.App.Ref\10.0.8\ref\net10.0\Microsoft.AspNetCore.Authentication.Abstractions.dll
  - Microsoft.AspNetCore.Authentication.BearerToken.dll 10.0.8 at C:\Program Files\dotnet\packs\Microsoft.AspNetCore.App.Ref\10.0.8\ref\net10.0\Microsoft.AspNetCore.Authentication.BearerToken.dll
  - Microsoft.AspNetCore.Authentication.Cookies.dll 10.0.8 at C:\Program Files\dotnet\packs\Microsoft.AspNetCore.App.Ref\10.0.8\ref\net10.0\Microsoft.AspNetCore.Authentication.Cookies.dll
  - Microsoft.AspNetCore.Authentication.Core.dll 10.0.8 at C:\Program Files\dotnet\packs\Microsoft.AspNetCore.App.Ref\10.0.8\ref\net10.0\Microsoft.AspNetCore.Authentication.Core.dll
  - Microsoft.AspNetCore.Authentication.dll 10.0.8 at C:\Program Files\dotnet\packs\Microsoft.AspNetCore.App.Ref\10.0.8\ref\net10.0\Microsoft.AspNetCore.Authentication.dll
  - Microsoft.AspNetCore.Authentication.OAuth.dll 10.0.8 at C:\Program Files\dotnet\packs\Microsoft.AspNetCore.App.Ref\10.0.8\ref\net10.0\Microsoft.AspNetCore.Authentication.OAuth.dll
  - Microsoft.AspNetCore.Authorization.dll 10.0.8 at C:\Program Files\dotnet\packs\Microsoft.AspNetCore.App.Ref\10.0.8\ref\net10.0\Microsoft.AspNetCore.Authorization.dll
  - Microsoft.AspNetCore.Authorization.Policy.dll 10.0.8 at C:\Program Files\dotnet\packs\Microsoft.AspNetCore.App.Ref\10.0.8\ref\net10.0\Microsoft.AspNetCore.Authorization.Policy.dll
  - Microsoft.AspNetCore.Components.Authorization.dll 10.0.8 at C:\Program Files\dotnet\packs\Microsoft.AspNetCore.App.Ref\10.0.8\ref\net10.0\Microsoft.AspNetCore.Components.Authorization.dll
  - Microsoft.AspNetCore.Components.dll 10.0.8 at C:\Program Files\dotnet\packs\Microsoft.AspNetCore.App.Ref\10.0.8\ref\net10.0\Microsoft.AspNetCore.Components.dll
  - Microsoft.AspNetCore.Components.Endpoints.dll 10.0.8 at C:\Program Files\dotnet\packs\Microsoft.AspNetCore.App.Ref\10.0.8\ref\net10.0\Microsoft.AspNetCore.Components.Endpoints.dll
  - Microsoft.AspNetCore.Components.Forms.dll 10.0.8 at C:\Program Files\dotnet\packs\Microsoft.AspNetCore.App.Ref\10.0.8\ref\net10.0\Microsoft.AspNetCore.Components.Forms.dll
  - Microsoft.AspNetCore.Components.Server.dll 10.0.8 at C:\Program Files\dotnet\packs\Microsoft.AspNetCore.App.Ref\10.0.8\ref\net10.0\Microsoft.AspNetCore.Components.Server.dll
  - Microsoft.AspNetCore.Components.Web.dll 10.0.8 at C:\Program Files\dotnet\packs\Microsoft.AspNetCore.App.Ref\10.0.8\ref\net10.0\Microsoft.AspNetCore.Components.Web.dll
  - Microsoft.AspNetCore.Connections.Abstractions.dll 10.0.8 at C:\Program Files\dotnet\packs\Microsoft.AspNetCore.App.Ref\10.0.8\ref\net10.0\Microsoft.AspNetCore.Connections.Abstractions.dll
  - Microsoft.AspNetCore.CookiePolicy.dll 10.0.8 at C:\Program Files\dotnet\packs\Microsoft.AspNetCore.App.Ref\10.0.8\ref\net10.0\Microsoft.AspNetCore.CookiePolicy.dll
  - Microsoft.AspNetCore.Cors.dll 10.0.8 at C:\Program Files\dotnet\packs\Microsoft.AspNetCore.App.Ref\10.0.8\ref\net10.0\Microsoft.AspNetCore.Cors.dll
  - Microsoft.AspNetCore.Cryptography.Internal.dll 10.0.8 at C:\Program Files\dotnet\packs\Microsoft.AspNetCore.App.Ref\10.0.8\ref\net10.0\Microsoft.AspNetCore.Cryptography.Internal.dll
  - Microsoft.AspNetCore.Cryptography.KeyDerivation.dll 10.0.8 at C:\Program Files\dotnet\packs\Microsoft.AspNetCore.App.Ref\10.0.8\ref\net10.0\Microsoft.AspNetCore.Cryptography.KeyDerivation.dll
  - Microsoft.AspNetCore.DataProtection.Abstractions.dll 10.0.8 at C:\Program Files\dotnet\packs\Microsoft.AspNetCore.App.Ref\10.0.8\ref\net10.0\Microsoft.AspNetCore.DataProtection.Abstractions.dll
  - Microsoft.AspNetCore.DataProtection.dll 10.0.8 at C:\Program Files\dotnet\packs\Microsoft.AspNetCore.App.Ref\10.0.8\ref\net10.0\Microsoft.AspNetCore.DataProtection.dll
  - Microsoft.AspNetCore.DataProtection.Extensions.dll 10.0.8 at C:\Program Files\dotnet\packs\Microsoft.AspNetCore.App.Ref\10.0.8\ref\net10.0\Microsoft.AspNetCore.DataProtection.Extensions.dll
  - Microsoft.AspNetCore.Diagnostics.Abstractions.dll 10.0.8 at C:\Program Files\dotnet\packs\Microsoft.AspNetCore.App.Ref\10.0.8\ref\net10.0\Microsoft.AspNetCore.Diagnostics.Abstractions.dll
  - Microsoft.AspNetCore.Diagnostics.dll 10.0.8 at C:\Program Files\dotnet\packs\Microsoft.AspNetCore.App.Ref\10.0.8\ref\net10.0\Microsoft.AspNetCore.Diagnostics.dll
  - Microsoft.AspNetCore.Diagnostics.HealthChecks.dll 10.0.8 at C:\Program Files\dotnet\packs\Microsoft.AspNetCore.App.Ref\10.0.8\ref\net10.0\Microsoft.AspNetCore.Diagnostics.HealthChecks.dll
  - Microsoft.AspNetCore.dll 10.0.8 at C:\Program Files\dotnet\packs\Microsoft.AspNetCore.App.Ref\10.0.8\ref\net10.0\Microsoft.AspNetCore.dll
  - Microsoft.AspNetCore.HostFiltering.dll 10.0.8 at C:\Program Files\dotnet\packs\Microsoft.AspNetCore.App.Ref\10.0.8\ref\net10.0\Microsoft.AspNetCore.HostFiltering.dll
  - Microsoft.AspNetCore.Hosting.Abstractions.dll 10.0.8 at C:\Program Files\dotnet\packs\Microsoft.AspNetCore.App.Ref\10.0.8\ref\net10.0\Microsoft.AspNetCore.Hosting.Abstractions.dll
  - Microsoft.AspNetCore.Hosting.dll 10.0.8 at C:\Program Files\dotnet\packs\Microsoft.AspNetCore.App.Ref\10.0.8\ref\net10.0\Microsoft.AspNetCore.Hosting.dll
  - Microsoft.AspNetCore.Hosting.Server.Abstractions.dll 10.0.8 at C:\Program Files\dotnet\packs\Microsoft.AspNetCore.App.Ref\10.0.8\ref\net10.0\Microsoft.AspNetCore.Hosting.Server.Abstractions.dll
  - Microsoft.AspNetCore.Html.Abstractions.dll 10.0.8 at C:\Program Files\dotnet\packs\Microsoft.AspNetCore.App.Ref\10.0.8\ref\net10.0\Microsoft.AspNetCore.Html.Abstractions.dll
  - Microsoft.AspNetCore.Http.Abstractions.dll 10.0.8 at C:\Program Files\dotnet\packs\Microsoft.AspNetCore.App.Ref\10.0.8\ref\net10.0\Microsoft.AspNetCore.Http.Abstractions.dll
  - Microsoft.AspNetCore.Http.Connections.Common.dll 10.0.8 at C:\Program Files\dotnet\packs\Microsoft.AspNetCore.App.Ref\10.0.8\ref\net10.0\Microsoft.AspNetCore.Http.Connections.Common.dll
  - Microsoft.AspNetCore.Http.Connections.dll 10.0.8 at C:\Program Files\dotnet\packs\Microsoft.AspNetCore.App.Ref\10.0.8\ref\net10.0\Microsoft.AspNetCore.Http.Connections.dll
  - Microsoft.AspNetCore.Http.dll 10.0.8 at C:\Program Files\dotnet\packs\Microsoft.AspNetCore.App.Ref\10.0.8\ref\net10.0\Microsoft.AspNetCore.Http.dll
  - Microsoft.AspNetCore.Http.Extensions.dll 10.0.8 at C:\Program Files\dotnet\packs\Microsoft.AspNetCore.App.Ref\10.0.8\ref\net10.0\Microsoft.AspNetCore.Http.Extensions.dll
  - Microsoft.AspNetCore.Http.Features.dll 10.0.8 at C:\Program Files\dotnet\packs\Microsoft.AspNetCore.App.Ref\10.0.8\ref\net10.0\Microsoft.AspNetCore.Http.Features.dll
  - Microsoft.AspNetCore.Http.Results.dll 10.0.8 at C:\Program Files\dotnet\packs\Microsoft.AspNetCore.App.Ref\10.0.8\ref\net10.0\Microsoft.AspNetCore.Http.Results.dll
  - Microsoft.AspNetCore.HttpLogging.dll 10.0.8 at C:\Program Files\dotnet\packs\Microsoft.AspNetCore.App.Ref\10.0.8\ref\net10.0\Microsoft.AspNetCore.HttpLogging.dll
  - Microsoft.AspNetCore.HttpOverrides.dll 10.0.8 at C:\Program Files\dotnet\packs\Microsoft.AspNetCore.App.Ref\10.0.8\ref\net10.0\Microsoft.AspNetCore.HttpOverrides.dll
  - Microsoft.AspNetCore.HttpsPolicy.dll 10.0.8 at C:\Program Files\dotnet\packs\Microsoft.AspNetCore.App.Ref\10.0.8\ref\net10.0\Microsoft.AspNetCore.HttpsPolicy.dll
  - Microsoft.AspNetCore.Identity.dll 10.0.8 at C:\Program Files\dotnet\packs\Microsoft.AspNetCore.App.Ref\10.0.8\ref\net10.0\Microsoft.AspNetCore.Identity.dll
  - Microsoft.AspNetCore.Localization.dll 10.0.8 at C:\Program Files\dotnet\packs\Microsoft.AspNetCore.App.Ref\10.0.8\ref\net10.0\Microsoft.AspNetCore.Localization.dll
  - Microsoft.AspNetCore.Localization.Routing.dll 10.0.8 at C:\Program Files\dotnet\packs\Microsoft.AspNetCore.App.Ref\10.0.8\ref\net10.0\Microsoft.AspNetCore.Localization.Routing.dll
  - Microsoft.AspNetCore.Metadata.dll 10.0.8 at C:\Program Files\dotnet\packs\Microsoft.AspNetCore.App.Ref\10.0.8\ref\net10.0\Microsoft.AspNetCore.Metadata.dll
  - Microsoft.AspNetCore.Mvc.Abstractions.dll 10.0.8 at C:\Program Files\dotnet\packs\Microsoft.AspNetCore.App.Ref\10.0.8\ref\net10.0\Microsoft.AspNetCore.Mvc.Abstractions.dll
  - Microsoft.AspNetCore.Mvc.ApiExplorer.dll 10.0.8 at C:\Program Files\dotnet\packs\Microsoft.AspNetCore.App.Ref\10.0.8\ref\net10.0\Microsoft.AspNetCore.Mvc.ApiExplorer.dll
  - Microsoft.AspNetCore.Mvc.Core.dll 10.0.8 at C:\Program Files\dotnet\packs\Microsoft.AspNetCore.App.Ref\10.0.8\ref\net10.0\Microsoft.AspNetCore.Mvc.Core.dll
  - Microsoft.AspNetCore.Mvc.Cors.dll 10.0.8 at C:\Program Files\dotnet\packs\Microsoft.AspNetCore.App.Ref\10.0.8\ref\net10.0\Microsoft.AspNetCore.Mvc.Cors.dll
  - Microsoft.AspNetCore.Mvc.DataAnnotations.dll 10.0.8 at C:\Program Files\dotnet\packs\Microsoft.AspNetCore.App.Ref\10.0.8\ref\net10.0\Microsoft.AspNetCore.Mvc.DataAnnotations.dll
  - Microsoft.AspNetCore.Mvc.dll 10.0.8 at C:\Program Files\dotnet\packs\Microsoft.AspNetCore.App.Ref\10.0.8\ref\net10.0\Microsoft.AspNetCore.Mvc.dll
  - Microsoft.AspNetCore.Mvc.Formatters.Json.dll 10.0.8 at C:\Program Files\dotnet\packs\Microsoft.AspNetCore.App.Ref\10.0.8\ref\net10.0\Microsoft.AspNetCore.Mvc.Formatters.Json.dll
  - Microsoft.AspNetCore.Mvc.Formatters.Xml.dll 10.0.8 at C:\Program Files\dotnet\packs\Microsoft.AspNetCore.App.Ref\10.0.8\ref\net10.0\Microsoft.AspNetCore.Mvc.Formatters.Xml.dll
  - Microsoft.AspNetCore.Mvc.Localization.dll 10.0.8 at C:\Program Files\dotnet\packs\Microsoft.AspNetCore.App.Ref\10.0.8\ref\net10.0\Microsoft.AspNetCore.Mvc.Localization.dll
  - Microsoft.AspNetCore.Mvc.Razor.dll 10.0.8 at C:\Program Files\dotnet\packs\Microsoft.AspNetCore.App.Ref\10.0.8\ref\net10.0\Microsoft.AspNetCore.Mvc.Razor.dll
  - Microsoft.AspNetCore.Mvc.RazorPages.dll 10.0.8 at C:\Program Files\dotnet\packs\Microsoft.AspNetCore.App.Ref\10.0.8\ref\net10.0\Microsoft.AspNetCore.Mvc.RazorPages.dll
  - Microsoft.AspNetCore.Mvc.TagHelpers.dll 10.0.8 at C:\Program Files\dotnet\packs\Microsoft.AspNetCore.App.Ref\10.0.8\ref\net10.0\Microsoft.AspNetCore.Mvc.TagHelpers.dll
  - Microsoft.AspNetCore.Mvc.ViewFeatures.dll 10.0.8 at C:\Program Files\dotnet\packs\Microsoft.AspNetCore.App.Ref\10.0.8\ref\net10.0\Microsoft.AspNetCore.Mvc.ViewFeatures.dll
  - Microsoft.AspNetCore.OutputCaching.dll 10.0.8 at C:\Program Files\dotnet\packs\Microsoft.AspNetCore.App.Ref\10.0.8\ref\net10.0\Microsoft.AspNetCore.OutputCaching.dll
  - Microsoft.AspNetCore.RateLimiting.dll 10.0.8 at C:\Program Files\dotnet\packs\Microsoft.AspNetCore.App.Ref\10.0.8\ref\net10.0\Microsoft.AspNetCore.RateLimiting.dll
  - Microsoft.AspNetCore.Razor.dll 10.0.8 at C:\Program Files\dotnet\packs\Microsoft.AspNetCore.App.Ref\10.0.8\ref\net10.0\Microsoft.AspNetCore.Razor.dll
  - Microsoft.AspNetCore.Razor.Runtime.dll 10.0.8 at C:\Program Files\dotnet\packs\Microsoft.AspNetCore.App.Ref\10.0.8\ref\net10.0\Microsoft.AspNetCore.Razor.Runtime.dll
  - Microsoft.AspNetCore.RequestDecompression.dll 10.0.8 at C:\Program Files\dotnet\packs\Microsoft.AspNetCore.App.Ref\10.0.8\ref\net10.0\Microsoft.AspNetCore.RequestDecompression.dll
  - Microsoft.AspNetCore.ResponseCaching.Abstractions.dll 10.0.8 at C:\Program Files\dotnet\packs\Microsoft.AspNetCore.App.Ref\10.0.8\ref\net10.0\Microsoft.AspNetCore.ResponseCaching.Abstractions.dll
  - Microsoft.AspNetCore.ResponseCaching.dll 10.0.8 at C:\Program Files\dotnet\packs\Microsoft.AspNetCore.App.Ref\10.0.8\ref\net10.0\Microsoft.AspNetCore.ResponseCaching.dll
  - Microsoft.AspNetCore.ResponseCompression.dll 10.0.8 at C:\Program Files\dotnet\packs\Microsoft.AspNetCore.App.Ref\10.0.8\ref\net10.0\Microsoft.AspNetCore.ResponseCompression.dll
  - Microsoft.AspNetCore.Rewrite.dll 10.0.8 at C:\Program Files\dotnet\packs\Microsoft.AspNetCore.App.Ref\10.0.8\ref\net10.0\Microsoft.AspNetCore.Rewrite.dll
  - Microsoft.AspNetCore.Routing.Abstractions.dll 10.0.8 at C:\Program Files\dotnet\packs\Microsoft.AspNetCore.App.Ref\10.0.8\ref\net10.0\Microsoft.AspNetCore.Routing.Abstractions.dll
  - Microsoft.AspNetCore.Routing.dll 10.0.8 at C:\Program Files\dotnet\packs\Microsoft.AspNetCore.App.Ref\10.0.8\ref\net10.0\Microsoft.AspNetCore.Routing.dll
  - Microsoft.AspNetCore.Server.HttpSys.dll 10.0.8 at C:\Program Files\dotnet\packs\Microsoft.AspNetCore.App.Ref\10.0.8\ref\net10.0\Microsoft.AspNetCore.Server.HttpSys.dll
  - Microsoft.AspNetCore.Server.IIS.dll 10.0.8 at C:\Program Files\dotnet\packs\Microsoft.AspNetCore.App.Ref\10.0.8\ref\net10.0\Microsoft.AspNetCore.Server.IIS.dll
  - Microsoft.AspNetCore.Server.IISIntegration.dll 10.0.8 at C:\Program Files\dotnet\packs\Microsoft.AspNetCore.App.Ref\10.0.8\ref\net10.0\Microsoft.AspNetCore.Server.IISIntegration.dll
  - Microsoft.AspNetCore.Server.Kestrel.Core.dll 10.0.8 at C:\Program Files\dotnet\packs\Microsoft.AspNetCore.App.Ref\10.0.8\ref\net10.0\Microsoft.AspNetCore.Server.Kestrel.Core.dll
  - Microsoft.AspNetCore.Server.Kestrel.dll 10.0.8 at C:\Program Files\dotnet\packs\Microsoft.AspNetCore.App.Ref\10.0.8\ref\net10.0\Microsoft.AspNetCore.Server.Kestrel.dll
  - Microsoft.AspNetCore.Server.Kestrel.Transport.NamedPipes.dll 10.0.8 at C:\Program Files\dotnet\packs\Microsoft.AspNetCore.App.Ref\10.0.8\ref\net10.0\Microsoft.AspNetCore.Server.Kestrel.Transport.NamedPipes.dll
  - Microsoft.AspNetCore.Server.Kestrel.Transport.Quic.dll 10.0.8 at C:\Program Files\dotnet\packs\Microsoft.AspNetCore.App.Ref\10.0.8\ref\net10.0\Microsoft.AspNetCore.Server.Kestrel.Transport.Quic.dll
  - Microsoft.AspNetCore.Server.Kestrel.Transport.Sockets.dll 10.0.8 at C:\Program Files\dotnet\packs\Microsoft.AspNetCore.App.Ref\10.0.8\ref\net10.0\Microsoft.AspNetCore.Server.Kestrel.Transport.Sockets.dll
  - Microsoft.AspNetCore.Session.dll 10.0.8 at C:\Program Files\dotnet\packs\Microsoft.AspNetCore.App.Ref\10.0.8\ref\net10.0\Microsoft.AspNetCore.Session.dll
  - Microsoft.AspNetCore.SignalR.Common.dll 10.0.8 at C:\Program Files\dotnet\packs\Microsoft.AspNetCore.App.Ref\10.0.8\ref\net10.0\Microsoft.AspNetCore.SignalR.Common.dll
  - Microsoft.AspNetCore.SignalR.Core.dll 10.0.8 at C:\Program Files\dotnet\packs\Microsoft.AspNetCore.App.Ref\10.0.8\ref\net10.0\Microsoft.AspNetCore.SignalR.Core.dll
  - Microsoft.AspNetCore.SignalR.dll 10.0.8 at C:\Program Files\dotnet\packs\Microsoft.AspNetCore.App.Ref\10.0.8\ref\net10.0\Microsoft.AspNetCore.SignalR.dll
  - Microsoft.AspNetCore.SignalR.Protocols.Json.dll 10.0.8 at C:\Program Files\dotnet\packs\Microsoft.AspNetCore.App.Ref\10.0.8\ref\net10.0\Microsoft.AspNetCore.SignalR.Protocols.Json.dll
  - Microsoft.AspNetCore.StaticAssets.dll 10.0.8 at C:\Program Files\dotnet\packs\Microsoft.AspNetCore.App.Ref\10.0.8\ref\net10.0\Microsoft.AspNetCore.StaticAssets.dll
  - Microsoft.AspNetCore.StaticFiles.dll 10.0.8 at C:\Program Files\dotnet\packs\Microsoft.AspNetCore.App.Ref\10.0.8\ref\net10.0\Microsoft.AspNetCore.StaticFiles.dll
  - Microsoft.AspNetCore.WebSockets.dll 10.0.8 at C:\Program Files\dotnet\packs\Microsoft.AspNetCore.App.Ref\10.0.8\ref\net10.0\Microsoft.AspNetCore.WebSockets.dll
  - Microsoft.AspNetCore.WebUtilities.dll 10.0.8 at C:\Program Files\dotnet\packs\Microsoft.AspNetCore.App.Ref\10.0.8\ref\net10.0\Microsoft.AspNetCore.WebUtilities.dll
  - Microsoft.CSharp.dll 10.0.8 at C:\Program Files\dotnet\packs\Microsoft.NETCore.App.Ref\10.0.8\ref\net10.0\Microsoft.CSharp.dll
  - Microsoft.Extensions.AI.Abstractions.dll 10.4.0 at C:\Users\tddkhanh\.nuget\packages\microsoft.extensions.ai.abstractions\10.4.0\lib\net10.0\Microsoft.Extensions.AI.Abstractions.dll
  - Microsoft.Extensions.AI.dll 10.4.0 at C:\Users\tddkhanh\.nuget\packages\microsoft.extensions.ai\10.4.0\lib\net10.0\Microsoft.Extensions.AI.dll
  - Microsoft.Extensions.Caching.Abstractions.dll 10.0.8 at C:\Program Files\dotnet\packs\Microsoft.AspNetCore.App.Ref\10.0.8\ref\net10.0\Microsoft.Extensions.Caching.Abstractions.dll
  - Microsoft.Extensions.Caching.Memory.dll 10.0.8 at C:\Program Files\dotnet\packs\Microsoft.AspNetCore.App.Ref\10.0.8\ref\net10.0\Microsoft.Extensions.Caching.Memory.dll
  - Microsoft.Extensions.Configuration.Abstractions.dll 10.0.8 at C:\Program Files\dotnet\packs\Microsoft.AspNetCore.App.Ref\10.0.8\ref\net10.0\Microsoft.Extensions.Configuration.Abstractions.dll
  - Microsoft.Extensions.Configuration.Binder.dll 10.0.8 at C:\Program Files\dotnet\packs\Microsoft.AspNetCore.App.Ref\10.0.8\ref\net10.0\Microsoft.Extensions.Configuration.Binder.dll
  - Microsoft.Extensions.Configuration.CommandLine.dll 10.0.8 at C:\Program Files\dotnet\packs\Microsoft.AspNetCore.App.Ref\10.0.8\ref\net10.0\Microsoft.Extensions.Configuration.CommandLine.dll
  - Microsoft.Extensions.Configuration.dll 10.0.8 at C:\Program Files\dotnet\packs\Microsoft.AspNetCore.App.Ref\10.0.8\ref\net10.0\Microsoft.Extensions.Configuration.dll
  - Microsoft.Extensions.Configuration.EnvironmentVariables.dll 10.0.8 at C:\Program Files\dotnet\packs\Microsoft.AspNetCore.App.Ref\10.0.8\ref\net10.0\Microsoft.Extensions.Configuration.EnvironmentVariables.dll
  - Microsoft.Extensions.Configuration.FileExtensions.dll 10.0.8 at C:\Program Files\dotnet\packs\Microsoft.AspNetCore.App.Ref\10.0.8\ref\net10.0\Microsoft.Extensions.Configuration.FileExtensions.dll
  - Microsoft.Extensions.Configuration.Ini.dll 10.0.8 at C:\Program Files\dotnet\packs\Microsoft.AspNetCore.App.Ref\10.0.8\ref\net10.0\Microsoft.Extensions.Configuration.Ini.dll
  - Microsoft.Extensions.Configuration.Json.dll 10.0.8 at C:\Program Files\dotnet\packs\Microsoft.AspNetCore.App.Ref\10.0.8\ref\net10.0\Microsoft.Extensions.Configuration.Json.dll
  - Microsoft.Extensions.Configuration.KeyPerFile.dll 10.0.8 at C:\Program Files\dotnet\packs\Microsoft.AspNetCore.App.Ref\10.0.8\ref\net10.0\Microsoft.Extensions.Configuration.KeyPerFile.dll
  - Microsoft.Extensions.Configuration.UserSecrets.dll 10.0.8 at C:\Program Files\dotnet\packs\Microsoft.AspNetCore.App.Ref\10.0.8\ref\net10.0\Microsoft.Extensions.Configuration.UserSecrets.dll
  - Microsoft.Extensions.Configuration.Xml.dll 10.0.8 at C:\Program Files\dotnet\packs\Microsoft.AspNetCore.App.Ref\10.0.8\ref\net10.0\Microsoft.Extensions.Configuration.Xml.dll
  - Microsoft.Extensions.DependencyInjection.Abstractions.dll 10.0.8 at C:\Program Files\dotnet\packs\Microsoft.AspNetCore.App.Ref\10.0.8\ref\net10.0\Microsoft.Extensions.DependencyInjection.Abstractions.dll
  - Microsoft.Extensions.DependencyInjection.dll 10.0.8 at C:\Program Files\dotnet\packs\Microsoft.AspNetCore.App.Ref\10.0.8\ref\net10.0\Microsoft.Extensions.DependencyInjection.dll
  - Microsoft.Extensions.Diagnostics.Abstractions.dll 10.0.8 at C:\Program Files\dotnet\packs\Microsoft.AspNetCore.App.Ref\10.0.8\ref\net10.0\Microsoft.Extensions.Diagnostics.Abstractions.dll
  - Microsoft.Extensions.Diagnostics.dll 10.0.8 at C:\Program Files\dotnet\packs\Microsoft.AspNetCore.App.Ref\10.0.8\ref\net10.0\Microsoft.Extensions.Diagnostics.dll
  - Microsoft.Extensions.Diagnostics.HealthChecks.Abstractions.dll 10.0.8 at C:\Program Files\dotnet\packs\Microsoft.AspNetCore.App.Ref\10.0.8\ref\net10.0\Microsoft.Extensions.Diagnostics.HealthChecks.Abstractions.dll
  - Microsoft.Extensions.Diagnostics.HealthChecks.dll 10.0.8 at C:\Program Files\dotnet\packs\Microsoft.AspNetCore.App.Ref\10.0.8\ref\net10.0\Microsoft.Extensions.Diagnostics.HealthChecks.dll
  - Microsoft.Extensions.Features.dll 10.0.8 at C:\Program Files\dotnet\packs\Microsoft.AspNetCore.App.Ref\10.0.8\ref\net10.0\Microsoft.Extensions.Features.dll
  - Microsoft.Extensions.FileProviders.Abstractions.dll 10.0.8 at C:\Program Files\dotnet\packs\Microsoft.AspNetCore.App.Ref\10.0.8\ref\net10.0\Microsoft.Extensions.FileProviders.Abstractions.dll
  - Microsoft.Extensions.FileProviders.Composite.dll 10.0.8 at C:\Program Files\dotnet\packs\Microsoft.AspNetCore.App.Ref\10.0.8\ref\net10.0\Microsoft.Extensions.FileProviders.Composite.dll
  - Microsoft.Extensions.FileProviders.Embedded.dll 10.0.8 at C:\Program Files\dotnet\packs\Microsoft.AspNetCore.App.Ref\10.0.8\ref\net10.0\Microsoft.Extensions.FileProviders.Embedded.dll
  - Microsoft.Extensions.FileProviders.Physical.dll 10.0.8 at C:\Program Files\dotnet\packs\Microsoft.AspNetCore.App.Ref\10.0.8\ref\net10.0\Microsoft.Extensions.FileProviders.Physical.dll
  - Microsoft.Extensions.FileSystemGlobbing.dll 10.0.8 at C:\Program Files\dotnet\packs\Microsoft.AspNetCore.App.Ref\10.0.8\ref\net10.0\Microsoft.Extensions.FileSystemGlobbing.dll
  - Microsoft.Extensions.Hosting.Abstractions.dll 10.0.8 at C:\Program Files\dotnet\packs\Microsoft.AspNetCore.App.Ref\10.0.8\ref\net10.0\Microsoft.Extensions.Hosting.Abstractions.dll
  - Microsoft.Extensions.Hosting.dll 10.0.8 at C:\Program Files\dotnet\packs\Microsoft.AspNetCore.App.Ref\10.0.8\ref\net10.0\Microsoft.Extensions.Hosting.dll
  - Microsoft.Extensions.Http.dll 10.0.8 at C:\Program Files\dotnet\packs\Microsoft.AspNetCore.App.Ref\10.0.8\ref\net10.0\Microsoft.Extensions.Http.dll
  - Microsoft.Extensions.Identity.Core.dll 10.0.8 at C:\Program Files\dotnet\packs\Microsoft.AspNetCore.App.Ref\10.0.8\ref\net10.0\Microsoft.Extensions.Identity.Core.dll
  - Microsoft.Extensions.Identity.Stores.dll 10.0.8 at C:\Program Files\dotnet\packs\Microsoft.AspNetCore.App.Ref\10.0.8\ref\net10.0\Microsoft.Extensions.Identity.Stores.dll
  - Microsoft.Extensions.Localization.Abstractions.dll 10.0.8 at C:\Program Files\dotnet\packs\Microsoft.AspNetCore.App.Ref\10.0.8\ref\net10.0\Microsoft.Extensions.Localization.Abstractions.dll
  - Microsoft.Extensions.Localization.dll 10.0.8 at C:\Program Files\dotnet\packs\Microsoft.AspNetCore.App.Ref\10.0.8\ref\net10.0\Microsoft.Extensions.Localization.dll
  - Microsoft.Extensions.Logging.Abstractions.dll 10.0.8 at C:\Program Files\dotnet\packs\Microsoft.AspNetCore.App.Ref\10.0.8\ref\net10.0\Microsoft.Extensions.Logging.Abstractions.dll
  - Microsoft.Extensions.Logging.Configuration.dll 10.0.8 at C:\Program Files\dotnet\packs\Microsoft.AspNetCore.App.Ref\10.0.8\ref\net10.0\Microsoft.Extensions.Logging.Configuration.dll
  - Microsoft.Extensions.Logging.Console.dll 10.0.8 at C:\Program Files\dotnet\packs\Microsoft.AspNetCore.App.Ref\10.0.8\ref\net10.0\Microsoft.Extensions.Logging.Console.dll
  - Microsoft.Extensions.Logging.Debug.dll 10.0.8 at C:\Program Files\dotnet\packs\Microsoft.AspNetCore.App.Ref\10.0.8\ref\net10.0\Microsoft.Extensions.Logging.Debug.dll
  - Microsoft.Extensions.Logging.dll 10.0.8 at C:\Program Files\dotnet\packs\Microsoft.AspNetCore.App.Ref\10.0.8\ref\net10.0\Microsoft.Extensions.Logging.dll
  - Microsoft.Extensions.Logging.EventLog.dll 10.0.8 at C:\Program Files\dotnet\packs\Microsoft.AspNetCore.App.Ref\10.0.8\ref\net10.0\Microsoft.Extensions.Logging.EventLog.dll
  - Microsoft.Extensions.Logging.EventSource.dll 10.0.8 at C:\Program Files\dotnet\packs\Microsoft.AspNetCore.App.Ref\10.0.8\ref\net10.0\Microsoft.Extensions.Logging.EventSource.dll
  - Microsoft.Extensions.Logging.TraceSource.dll 10.0.8 at C:\Program Files\dotnet\packs\Microsoft.AspNetCore.App.Ref\10.0.8\ref\net10.0\Microsoft.Extensions.Logging.TraceSource.dll
  - Microsoft.Extensions.ObjectPool.dll 10.0.8 at C:\Program Files\dotnet\packs\Microsoft.AspNetCore.App.Ref\10.0.8\ref\net10.0\Microsoft.Extensions.ObjectPool.dll
  - Microsoft.Extensions.Options.ConfigurationExtensions.dll 10.0.8 at C:\Program Files\dotnet\packs\Microsoft.AspNetCore.App.Ref\10.0.8\ref\net10.0\Microsoft.Extensions.Options.ConfigurationExtensions.dll
  - Microsoft.Extensions.Options.DataAnnotations.dll 10.0.8 at C:\Program Files\dotnet\packs\Microsoft.AspNetCore.App.Ref\10.0.8\ref\net10.0\Microsoft.Extensions.Options.DataAnnotations.dll
  - Microsoft.Extensions.Options.dll 10.0.8 at C:\Program Files\dotnet\packs\Microsoft.AspNetCore.App.Ref\10.0.8\ref\net10.0\Microsoft.Extensions.Options.dll
  - Microsoft.Extensions.Primitives.dll 10.0.8 at C:\Program Files\dotnet\packs\Microsoft.AspNetCore.App.Ref\10.0.8\ref\net10.0\Microsoft.Extensions.Primitives.dll
  - Microsoft.Extensions.Validation.dll 10.0.8 at C:\Program Files\dotnet\packs\Microsoft.AspNetCore.App.Ref\10.0.8\ref\net10.0\Microsoft.Extensions.Validation.dll
  - Microsoft.Extensions.WebEncoders.dll 10.0.8 at C:\Program Files\dotnet\packs\Microsoft.AspNetCore.App.Ref\10.0.8\ref\net10.0\Microsoft.Extensions.WebEncoders.dll
  - Microsoft.JSInterop.dll 10.0.8 at C:\Program Files\dotnet\packs\Microsoft.AspNetCore.App.Ref\10.0.8\ref\net10.0\Microsoft.JSInterop.dll
  - Microsoft.Net.Http.Headers.dll 10.0.8 at C:\Program Files\dotnet\packs\Microsoft.AspNetCore.App.Ref\10.0.8\ref\net10.0\Microsoft.Net.Http.Headers.dll
  - Microsoft.VisualBasic.Core.dll 10.0.8 at C:\Program Files\dotnet\packs\Microsoft.NETCore.App.Ref\10.0.8\ref\net10.0\Microsoft.VisualBasic.Core.dll
  - Microsoft.VisualBasic.dll 10.0.8 at C:\Program Files\dotnet\packs\Microsoft.NETCore.App.Ref\10.0.8\ref\net10.0\Microsoft.VisualBasic.dll
  - Microsoft.Win32.Primitives.dll 10.0.8 at C:\Program Files\dotnet\packs\Microsoft.NETCore.App.Ref\10.0.8\ref\net10.0\Microsoft.Win32.Primitives.dll
  - Microsoft.Win32.Registry.dll 10.0.8 at C:\Program Files\dotnet\packs\Microsoft.NETCore.App.Ref\10.0.8\ref\net10.0\Microsoft.Win32.Registry.dll
  - mscorlib.dll 10.0.8 at C:\Program Files\dotnet\packs\Microsoft.NETCore.App.Ref\10.0.8\ref\net10.0\mscorlib.dll
  - netstandard.dll 10.0.8 at C:\Program Files\dotnet\packs\Microsoft.NETCore.App.Ref\10.0.8\ref\net10.0\netstandard.dll
  - System.AppContext.dll 10.0.8 at C:\Program Files\dotnet\packs\Microsoft.NETCore.App.Ref\10.0.8\ref\net10.0\System.AppContext.dll
  - System.Buffers.dll 10.0.8 at C:\Program Files\dotnet\packs\Microsoft.NETCore.App.Ref\10.0.8\ref\net10.0\System.Buffers.dll
  - System.Collections.Concurrent.dll 10.0.8 at C:\Program Files\dotnet\packs\Microsoft.NETCore.App.Ref\10.0.8\ref\net10.0\System.Collections.Concurrent.dll
  - System.Collections.dll 10.0.8 at C:\Program Files\dotnet\packs\Microsoft.NETCore.App.Ref\10.0.8\ref\net10.0\System.Collections.dll
  - System.Collections.Immutable.dll 10.0.8 at C:\Program Files\dotnet\packs\Microsoft.NETCore.App.Ref\10.0.8\ref\net10.0\System.Collections.Immutable.dll
  - System.Collections.NonGeneric.dll 10.0.8 at C:\Program Files\dotnet\packs\Microsoft.NETCore.App.Ref\10.0.8\ref\net10.0\System.Collections.NonGeneric.dll
  - System.Collections.Specialized.dll 10.0.8 at C:\Program Files\dotnet\packs\Microsoft.NETCore.App.Ref\10.0.8\ref\net10.0\System.Collections.Specialized.dll
  - System.ComponentModel.Annotations.dll 10.0.8 at C:\Program Files\dotnet\packs\Microsoft.NETCore.App.Ref\10.0.8\ref\net10.0\System.ComponentModel.Annotations.dll
  - System.ComponentModel.DataAnnotations.dll 10.0.8 at C:\Program Files\dotnet\packs\Microsoft.NETCore.App.Ref\10.0.8\ref\net10.0\System.ComponentModel.DataAnnotations.dll
  - System.ComponentModel.dll 10.0.8 at C:\Program Files\dotnet\packs\Microsoft.NETCore.App.Ref\10.0.8\ref\net10.0\System.ComponentModel.dll
  - System.ComponentModel.EventBasedAsync.dll 10.0.8 at C:\Program Files\dotnet\packs\Microsoft.NETCore.App.Ref\10.0.8\ref\net10.0\System.ComponentModel.EventBasedAsync.dll
  - System.ComponentModel.Primitives.dll 10.0.8 at C:\Program Files\dotnet\packs\Microsoft.NETCore.App.Ref\10.0.8\ref\net10.0\System.ComponentModel.Primitives.dll
  - System.ComponentModel.TypeConverter.dll 10.0.8 at C:\Program Files\dotnet\packs\Microsoft.NETCore.App.Ref\10.0.8\ref\net10.0\System.ComponentModel.TypeConverter.dll
  - System.Configuration.dll 10.0.8 at C:\Program Files\dotnet\packs\Microsoft.NETCore.App.Ref\10.0.8\ref\net10.0\System.Configuration.dll
  - System.Console.dll 10.0.8 at C:\Program Files\dotnet\packs\Microsoft.NETCore.App.Ref\10.0.8\ref\net10.0\System.Console.dll
  - System.Core.dll 10.0.8 at C:\Program Files\dotnet\packs\Microsoft.NETCore.App.Ref\10.0.8\ref\net10.0\System.Core.dll
  - System.Data.Common.dll 10.0.8 at C:\Program Files\dotnet\packs\Microsoft.NETCore.App.Ref\10.0.8\ref\net10.0\System.Data.Common.dll
  - System.Data.DataSetExtensions.dll 10.0.8 at C:\Program Files\dotnet\packs\Microsoft.NETCore.App.Ref\10.0.8\ref\net10.0\System.Data.DataSetExtensions.dll
  - System.Data.dll 10.0.8 at C:\Program Files\dotnet\packs\Microsoft.NETCore.App.Ref\10.0.8\ref\net10.0\System.Data.dll
  - System.Diagnostics.Contracts.dll 10.0.8 at C:\Program Files\dotnet\packs\Microsoft.NETCore.App.Ref\10.0.8\ref\net10.0\System.Diagnostics.Contracts.dll
  - System.Diagnostics.Debug.dll 10.0.8 at C:\Program Files\dotnet\packs\Microsoft.NETCore.App.Ref\10.0.8\ref\net10.0\System.Diagnostics.Debug.dll
  - System.Diagnostics.DiagnosticSource.dll 10.0.8 at C:\Program Files\dotnet\packs\Microsoft.NETCore.App.Ref\10.0.8\ref\net10.0\System.Diagnostics.DiagnosticSource.dll
  - System.Diagnostics.EventLog.dll 10.0.8 at C:\Program Files\dotnet\packs\Microsoft.AspNetCore.App.Ref\10.0.8\ref\net10.0\System.Diagnostics.EventLog.dll
  - System.Diagnostics.FileVersionInfo.dll 10.0.8 at C:\Program Files\dotnet\packs\Microsoft.NETCore.App.Ref\10.0.8\ref\net10.0\System.Diagnostics.FileVersionInfo.dll
  - System.Diagnostics.Process.dll 10.0.8 at C:\Program Files\dotnet\packs\Microsoft.NETCore.App.Ref\10.0.8\ref\net10.0\System.Diagnostics.Process.dll
  - System.Diagnostics.StackTrace.dll 10.0.8 at C:\Program Files\dotnet\packs\Microsoft.NETCore.App.Ref\10.0.8\ref\net10.0\System.Diagnostics.StackTrace.dll
  - System.Diagnostics.TextWriterTraceListener.dll 10.0.8 at C:\Program Files\dotnet\packs\Microsoft.NETCore.App.Ref\10.0.8\ref\net10.0\System.Diagnostics.TextWriterTraceListener.dll
  - System.Diagnostics.Tools.dll 10.0.8 at C:\Program Files\dotnet\packs\Microsoft.NETCore.App.Ref\10.0.8\ref\net10.0\System.Diagnostics.Tools.dll
  - System.Diagnostics.TraceSource.dll 10.0.8 at C:\Program Files\dotnet\packs\Microsoft.NETCore.App.Ref\10.0.8\ref\net10.0\System.Diagnostics.TraceSource.dll
  - System.Diagnostics.Tracing.dll 10.0.8 at C:\Program Files\dotnet\packs\Microsoft.NETCore.App.Ref\10.0.8\ref\net10.0\System.Diagnostics.Tracing.dll
  - System.dll 10.0.8 at C:\Program Files\dotnet\packs\Microsoft.NETCore.App.Ref\10.0.8\ref\net10.0\System.dll
  - System.Drawing.dll 10.0.8 at C:\Program Files\dotnet\packs\Microsoft.NETCore.App.Ref\10.0.8\ref\net10.0\System.Drawing.dll
  - System.Drawing.Primitives.dll 10.0.8 at C:\Program Files\dotnet\packs\Microsoft.NETCore.App.Ref\10.0.8\ref\net10.0\System.Drawing.Primitives.dll
  - System.Dynamic.Runtime.dll 10.0.8 at C:\Program Files\dotnet\packs\Microsoft.NETCore.App.Ref\10.0.8\ref\net10.0\System.Dynamic.Runtime.dll
  - System.Formats.Asn1.dll 10.0.8 at C:\Program Files\dotnet\packs\Microsoft.NETCore.App.Ref\10.0.8\ref\net10.0\System.Formats.Asn1.dll
  - System.Formats.Cbor.dll 10.0.8 at C:\Program Files\dotnet\packs\Microsoft.AspNetCore.App.Ref\10.0.8\ref\net10.0\System.Formats.Cbor.dll
  - System.Formats.Tar.dll 10.0.8 at C:\Program Files\dotnet\packs\Microsoft.NETCore.App.Ref\10.0.8\ref\net10.0\System.Formats.Tar.dll
  - System.Globalization.Calendars.dll 10.0.8 at C:\Program Files\dotnet\packs\Microsoft.NETCore.App.Ref\10.0.8\ref\net10.0\System.Globalization.Calendars.dll
  - System.Globalization.dll 10.0.8 at C:\Program Files\dotnet\packs\Microsoft.NETCore.App.Ref\10.0.8\ref\net10.0\System.Globalization.dll
  - System.Globalization.Extensions.dll 10.0.8 at C:\Program Files\dotnet\packs\Microsoft.NETCore.App.Ref\10.0.8\ref\net10.0\System.Globalization.Extensions.dll
  - System.IO.Compression.Brotli.dll 10.0.8 at C:\Program Files\dotnet\packs\Microsoft.NETCore.App.Ref\10.0.8\ref\net10.0\System.IO.Compression.Brotli.dll
  - System.IO.Compression.dll 10.0.8 at C:\Program Files\dotnet\packs\Microsoft.NETCore.App.Ref\10.0.8\ref\net10.0\System.IO.Compression.dll
  - System.IO.Compression.FileSystem.dll 10.0.8 at C:\Program Files\dotnet\packs\Microsoft.NETCore.App.Ref\10.0.8\ref\net10.0\System.IO.Compression.FileSystem.dll
  - System.IO.Compression.ZipFile.dll 10.0.8 at C:\Program Files\dotnet\packs\Microsoft.NETCore.App.Ref\10.0.8\ref\net10.0\System.IO.Compression.ZipFile.dll
  - System.IO.dll 10.0.8 at C:\Program Files\dotnet\packs\Microsoft.NETCore.App.Ref\10.0.8\ref\net10.0\System.IO.dll
  - System.IO.FileSystem.AccessControl.dll 10.0.8 at C:\Program Files\dotnet\packs\Microsoft.NETCore.App.Ref\10.0.8\ref\net10.0\System.IO.FileSystem.AccessControl.dll
  - System.IO.FileSystem.dll 10.0.8 at C:\Program Files\dotnet\packs\Microsoft.NETCore.App.Ref\10.0.8\ref\net10.0\System.IO.FileSystem.dll
  - System.IO.FileSystem.DriveInfo.dll 10.0.8 at C:\Program Files\dotnet\packs\Microsoft.NETCore.App.Ref\10.0.8\ref\net10.0\System.IO.FileSystem.DriveInfo.dll
  - System.IO.FileSystem.Primitives.dll 10.0.8 at C:\Program Files\dotnet\packs\Microsoft.NETCore.App.Ref\10.0.8\ref\net10.0\System.IO.FileSystem.Primitives.dll
  - System.IO.FileSystem.Watcher.dll 10.0.8 at C:\Program Files\dotnet\packs\Microsoft.NETCore.App.Ref\10.0.8\ref\net10.0\System.IO.FileSystem.Watcher.dll
  - System.IO.IsolatedStorage.dll 10.0.8 at C:\Program Files\dotnet\packs\Microsoft.NETCore.App.Ref\10.0.8\ref\net10.0\System.IO.IsolatedStorage.dll
  - System.IO.MemoryMappedFiles.dll 10.0.8 at C:\Program Files\dotnet\packs\Microsoft.NETCore.App.Ref\10.0.8\ref\net10.0\System.IO.MemoryMappedFiles.dll
  - System.IO.Pipelines.dll 10.0.8 at C:\Program Files\dotnet\packs\Microsoft.NETCore.App.Ref\10.0.8\ref\net10.0\System.IO.Pipelines.dll
  - System.IO.Pipes.AccessControl.dll 10.0.8 at C:\Program Files\dotnet\packs\Microsoft.NETCore.App.Ref\10.0.8\ref\net10.0\System.IO.Pipes.AccessControl.dll
  - System.IO.Pipes.dll 10.0.8 at C:\Program Files\dotnet\packs\Microsoft.NETCore.App.Ref\10.0.8\ref\net10.0\System.IO.Pipes.dll
  - System.IO.UnmanagedMemoryStream.dll 10.0.8 at C:\Program Files\dotnet\packs\Microsoft.NETCore.App.Ref\10.0.8\ref\net10.0\System.IO.UnmanagedMemoryStream.dll
  - System.Linq.AsyncEnumerable.dll 10.0.8 at C:\Program Files\dotnet\packs\Microsoft.NETCore.App.Ref\10.0.8\ref\net10.0\System.Linq.AsyncEnumerable.dll
  - System.Linq.dll 10.0.8 at C:\Program Files\dotnet\packs\Microsoft.NETCore.App.Ref\10.0.8\ref\net10.0\System.Linq.dll
  - System.Linq.Expressions.dll 10.0.8 at C:\Program Files\dotnet\packs\Microsoft.NETCore.App.Ref\10.0.8\ref\net10.0\System.Linq.Expressions.dll
  - System.Linq.Parallel.dll 10.0.8 at C:\Program Files\dotnet\packs\Microsoft.NETCore.App.Ref\10.0.8\ref\net10.0\System.Linq.Parallel.dll
  - System.Linq.Queryable.dll 10.0.8 at C:\Program Files\dotnet\packs\Microsoft.NETCore.App.Ref\10.0.8\ref\net10.0\System.Linq.Queryable.dll
  - System.Memory.dll 10.0.8 at C:\Program Files\dotnet\packs\Microsoft.NETCore.App.Ref\10.0.8\ref\net10.0\System.Memory.dll
  - System.Net.dll 10.0.8 at C:\Program Files\dotnet\packs\Microsoft.NETCore.App.Ref\10.0.8\ref\net10.0\System.Net.dll
  - System.Net.Http.dll 10.0.8 at C:\Program Files\dotnet\packs\Microsoft.NETCore.App.Ref\10.0.8\ref\net10.0\System.Net.Http.dll
  - System.Net.Http.Json.dll 10.0.8 at C:\Program Files\dotnet\packs\Microsoft.NETCore.App.Ref\10.0.8\ref\net10.0\System.Net.Http.Json.dll
  - System.Net.HttpListener.dll 10.0.8 at C:\Program Files\dotnet\packs\Microsoft.NETCore.App.Ref\10.0.8\ref\net10.0\System.Net.HttpListener.dll
  - System.Net.Mail.dll 10.0.8 at C:\Program Files\dotnet\packs\Microsoft.NETCore.App.Ref\10.0.8\ref\net10.0\System.Net.Mail.dll
  - System.Net.NameResolution.dll 10.0.8 at C:\Program Files\dotnet\packs\Microsoft.NETCore.App.Ref\10.0.8\ref\net10.0\System.Net.NameResolution.dll
  - System.Net.NetworkInformation.dll 10.0.8 at C:\Program Files\dotnet\packs\Microsoft.NETCore.App.Ref\10.0.8\ref\net10.0\System.Net.NetworkInformation.dll
  - System.Net.Ping.dll 10.0.8 at C:\Program Files\dotnet\packs\Microsoft.NETCore.App.Ref\10.0.8\ref\net10.0\System.Net.Ping.dll
  - System.Net.Primitives.dll 10.0.8 at C:\Program Files\dotnet\packs\Microsoft.NETCore.App.Ref\10.0.8\ref\net10.0\System.Net.Primitives.dll
  - System.Net.Quic.dll 10.0.8 at C:\Program Files\dotnet\packs\Microsoft.NETCore.App.Ref\10.0.8\ref\net10.0\System.Net.Quic.dll
  - System.Net.Requests.dll 10.0.8 at C:\Program Files\dotnet\packs\Microsoft.NETCore.App.Ref\10.0.8\ref\net10.0\System.Net.Requests.dll
  - System.Net.Security.dll 10.0.8 at C:\Program Files\dotnet\packs\Microsoft.NETCore.App.Ref\10.0.8\ref\net10.0\System.Net.Security.dll
  - System.Net.ServerSentEvents.dll 10.0.8 at C:\Program Files\dotnet\packs\Microsoft.NETCore.App.Ref\10.0.8\ref\net10.0\System.Net.ServerSentEvents.dll
  - System.Net.ServicePoint.dll 10.0.8 at C:\Program Files\dotnet\packs\Microsoft.NETCore.App.Ref\10.0.8\ref\net10.0\System.Net.ServicePoint.dll
  - System.Net.Sockets.dll 10.0.8 at C:\Program Files\dotnet\packs\Microsoft.NETCore.App.Ref\10.0.8\ref\net10.0\System.Net.Sockets.dll
  - System.Net.WebClient.dll 10.0.8 at C:\Program Files\dotnet\packs\Microsoft.NETCore.App.Ref\10.0.8\ref\net10.0\System.Net.WebClient.dll
  - System.Net.WebHeaderCollection.dll 10.0.8 at C:\Program Files\dotnet\packs\Microsoft.NETCore.App.Ref\10.0.8\ref\net10.0\System.Net.WebHeaderCollection.dll
  - System.Net.WebProxy.dll 10.0.8 at C:\Program Files\dotnet\packs\Microsoft.NETCore.App.Ref\10.0.8\ref\net10.0\System.Net.WebProxy.dll
  - System.Net.WebSockets.Client.dll 10.0.8 at C:\Program Files\dotnet\packs\Microsoft.NETCore.App.Ref\10.0.8\ref\net10.0\System.Net.WebSockets.Client.dll
  - System.Net.WebSockets.dll 10.0.8 at C:\Program Files\dotnet\packs\Microsoft.NETCore.App.Ref\10.0.8\ref\net10.0\System.Net.WebSockets.dll
  - System.Numerics.dll 10.0.8 at C:\Program Files\dotnet\packs\Microsoft.NETCore.App.Ref\10.0.8\ref\net10.0\System.Numerics.dll
  - System.Numerics.Tensors.dll 10.0.4 at C:\Users\tddkhanh\.nuget\packages\system.numerics.tensors\10.0.4\lib\net10.0\System.Numerics.Tensors.dll
  - System.Numerics.Vectors.dll 10.0.8 at C:\Program Files\dotnet\packs\Microsoft.NETCore.App.Ref\10.0.8\ref\net10.0\System.Numerics.Vectors.dll
  - System.ObjectModel.dll 10.0.8 at C:\Program Files\dotnet\packs\Microsoft.NETCore.App.Ref\10.0.8\ref\net10.0\System.ObjectModel.dll
  - System.Reflection.DispatchProxy.dll 10.0.8 at C:\Program Files\dotnet\packs\Microsoft.NETCore.App.Ref\10.0.8\ref\net10.0\System.Reflection.DispatchProxy.dll
  - System.Reflection.dll 10.0.8 at C:\Program Files\dotnet\packs\Microsoft.NETCore.App.Ref\10.0.8\ref\net10.0\System.Reflection.dll
  - System.Reflection.Emit.dll 10.0.8 at C:\Program Files\dotnet\packs\Microsoft.NETCore.App.Ref\10.0.8\ref\net10.0\System.Reflection.Emit.dll
  - System.Reflection.Emit.ILGeneration.dll 10.0.8 at C:\Program Files\dotnet\packs\Microsoft.NETCore.App.Ref\10.0.8\ref\net10.0\System.Reflection.Emit.ILGeneration.dll
  - System.Reflection.Emit.Lightweight.dll 10.0.8 at C:\Program Files\dotnet\packs\Microsoft.NETCore.App.Ref\10.0.8\ref\net10.0\System.Reflection.Emit.Lightweight.dll
  - System.Reflection.Extensions.dll 10.0.8 at C:\Program Files\dotnet\packs\Microsoft.NETCore.App.Ref\10.0.8\ref\net10.0\System.Reflection.Extensions.dll
  - System.Reflection.Metadata.dll 10.0.8 at C:\Program Files\dotnet\packs\Microsoft.NETCore.App.Ref\10.0.8\ref\net10.0\System.Reflection.Metadata.dll
  - System.Reflection.Primitives.dll 10.0.8 at C:\Program Files\dotnet\packs\Microsoft.NETCore.App.Ref\10.0.8\ref\net10.0\System.Reflection.Primitives.dll
  - System.Reflection.TypeExtensions.dll 10.0.8 at C:\Program Files\dotnet\packs\Microsoft.NETCore.App.Ref\10.0.8\ref\net10.0\System.Reflection.TypeExtensions.dll
  - System.Resources.Reader.dll 10.0.8 at C:\Program Files\dotnet\packs\Microsoft.NETCore.App.Ref\10.0.8\ref\net10.0\System.Resources.Reader.dll
  - System.Resources.ResourceManager.dll 10.0.8 at C:\Program Files\dotnet\packs\Microsoft.NETCore.App.Ref\10.0.8\ref\net10.0\System.Resources.ResourceManager.dll
  - System.Resources.Writer.dll 10.0.8 at C:\Program Files\dotnet\packs\Microsoft.NETCore.App.Ref\10.0.8\ref\net10.0\System.Resources.Writer.dll
  - System.Runtime.CompilerServices.Unsafe.dll 10.0.8 at C:\Program Files\dotnet\packs\Microsoft.NETCore.App.Ref\10.0.8\ref\net10.0\System.Runtime.CompilerServices.Unsafe.dll
  - System.Runtime.CompilerServices.VisualC.dll 10.0.8 at C:\Program Files\dotnet\packs\Microsoft.NETCore.App.Ref\10.0.8\ref\net10.0\System.Runtime.CompilerServices.VisualC.dll
  - System.Runtime.dll 10.0.8 at C:\Program Files\dotnet\packs\Microsoft.NETCore.App.Ref\10.0.8\ref\net10.0\System.Runtime.dll
  - System.Runtime.Extensions.dll 10.0.8 at C:\Program Files\dotnet\packs\Microsoft.NETCore.App.Ref\10.0.8\ref\net10.0\System.Runtime.Extensions.dll
  - System.Runtime.Handles.dll 10.0.8 at C:\Program Files\dotnet\packs\Microsoft.NETCore.App.Ref\10.0.8\ref\net10.0\System.Runtime.Handles.dll
  - System.Runtime.InteropServices.dll 10.0.8 at C:\Program Files\dotnet\packs\Microsoft.NETCore.App.Ref\10.0.8\ref\net10.0\System.Runtime.InteropServices.dll
  - System.Runtime.InteropServices.JavaScript.dll 10.0.8 at C:\Program Files\dotnet\packs\Microsoft.NETCore.App.Ref\10.0.8\ref\net10.0\System.Runtime.InteropServices.JavaScript.dll
  - System.Runtime.InteropServices.RuntimeInformation.dll 10.0.8 at C:\Program Files\dotnet\packs\Microsoft.NETCore.App.Ref\10.0.8\ref\net10.0\System.Runtime.InteropServices.RuntimeInformation.dll
  - System.Runtime.Intrinsics.dll 10.0.8 at C:\Program Files\dotnet\packs\Microsoft.NETCore.App.Ref\10.0.8\ref\net10.0\System.Runtime.Intrinsics.dll
  - System.Runtime.Loader.dll 10.0.8 at C:\Program Files\dotnet\packs\Microsoft.NETCore.App.Ref\10.0.8\ref\net10.0\System.Runtime.Loader.dll
  - System.Runtime.Numerics.dll 10.0.8 at C:\Program Files\dotnet\packs\Microsoft.NETCore.App.Ref\10.0.8\ref\net10.0\System.Runtime.Numerics.dll
  - System.Runtime.Serialization.dll 10.0.8 at C:\Program Files\dotnet\packs\Microsoft.NETCore.App.Ref\10.0.8\ref\net10.0\System.Runtime.Serialization.dll
  - System.Runtime.Serialization.Formatters.dll 10.0.8 at C:\Program Files\dotnet\packs\Microsoft.NETCore.App.Ref\10.0.8\ref\net10.0\System.Runtime.Serialization.Formatters.dll
  - System.Runtime.Serialization.Json.dll 10.0.8 at C:\Program Files\dotnet\packs\Microsoft.NETCore.App.Ref\10.0.8\ref\net10.0\System.Runtime.Serialization.Json.dll
  - System.Runtime.Serialization.Primitives.dll 10.0.8 at C:\Program Files\dotnet\packs\Microsoft.NETCore.App.Ref\10.0.8\ref\net10.0\System.Runtime.Serialization.Primitives.dll
  - System.Runtime.Serialization.Xml.dll 10.0.8 at C:\Program Files\dotnet\packs\Microsoft.NETCore.App.Ref\10.0.8\ref\net10.0\System.Runtime.Serialization.Xml.dll
  - System.Security.AccessControl.dll 10.0.8 at C:\Program Files\dotnet\packs\Microsoft.NETCore.App.Ref\10.0.8\ref\net10.0\System.Security.AccessControl.dll
  - System.Security.Claims.dll 10.0.8 at C:\Program Files\dotnet\packs\Microsoft.NETCore.App.Ref\10.0.8\ref\net10.0\System.Security.Claims.dll
  - System.Security.Cryptography.Algorithms.dll 10.0.8 at C:\Program Files\dotnet\packs\Microsoft.NETCore.App.Ref\10.0.8\ref\net10.0\System.Security.Cryptography.Algorithms.dll
  - System.Security.Cryptography.Cng.dll 10.0.8 at C:\Program Files\dotnet\packs\Microsoft.NETCore.App.Ref\10.0.8\ref\net10.0\System.Security.Cryptography.Cng.dll
  - System.Security.Cryptography.Csp.dll 10.0.8 at C:\Program Files\dotnet\packs\Microsoft.NETCore.App.Ref\10.0.8\ref\net10.0\System.Security.Cryptography.Csp.dll
  - System.Security.Cryptography.dll 10.0.8 at C:\Program Files\dotnet\packs\Microsoft.NETCore.App.Ref\10.0.8\ref\net10.0\System.Security.Cryptography.dll
  - System.Security.Cryptography.Encoding.dll 10.0.8 at C:\Program Files\dotnet\packs\Microsoft.NETCore.App.Ref\10.0.8\ref\net10.0\System.Security.Cryptography.Encoding.dll
  - System.Security.Cryptography.OpenSsl.dll 10.0.8 at C:\Program Files\dotnet\packs\Microsoft.NETCore.App.Ref\10.0.8\ref\net10.0\System.Security.Cryptography.OpenSsl.dll
  - System.Security.Cryptography.Pkcs.dll 9.0.9 at C:\Users\tddkhanh\.nuget\packages\system.security.cryptography.pkcs\9.0.9\lib\net9.0\System.Security.Cryptography.Pkcs.dll
  - System.Security.Cryptography.Primitives.dll 10.0.8 at C:\Program Files\dotnet\packs\Microsoft.NETCore.App.Ref\10.0.8\ref\net10.0\System.Security.Cryptography.Primitives.dll
  - System.Security.Cryptography.X509Certificates.dll 10.0.8 at C:\Program Files\dotnet\packs\Microsoft.NETCore.App.Ref\10.0.8\ref\net10.0\System.Security.Cryptography.X509Certificates.dll
  - System.Security.Cryptography.Xml.dll 10.0.8 at C:\Program Files\dotnet\packs\Microsoft.AspNetCore.App.Ref\10.0.8\ref\net10.0\System.Security.Cryptography.Xml.dll
  - System.Security.dll 10.0.8 at C:\Program Files\dotnet\packs\Microsoft.NETCore.App.Ref\10.0.8\ref\net10.0\System.Security.dll
  - System.Security.Principal.dll 10.0.8 at C:\Program Files\dotnet\packs\Microsoft.NETCore.App.Ref\10.0.8\ref\net10.0\System.Security.Principal.dll
  - System.Security.Principal.Windows.dll 10.0.8 at C:\Program Files\dotnet\packs\Microsoft.NETCore.App.Ref\10.0.8\ref\net10.0\System.Security.Principal.Windows.dll
  - System.Security.SecureString.dll 10.0.8 at C:\Program Files\dotnet\packs\Microsoft.NETCore.App.Ref\10.0.8\ref\net10.0\System.Security.SecureString.dll
  - System.ServiceModel.Web.dll 10.0.8 at C:\Program Files\dotnet\packs\Microsoft.NETCore.App.Ref\10.0.8\ref\net10.0\System.ServiceModel.Web.dll
  - System.ServiceProcess.dll 10.0.8 at C:\Program Files\dotnet\packs\Microsoft.NETCore.App.Ref\10.0.8\ref\net10.0\System.ServiceProcess.dll
  - System.Text.Encoding.CodePages.dll 10.0.8 at C:\Program Files\dotnet\packs\Microsoft.NETCore.App.Ref\10.0.8\ref\net10.0\System.Text.Encoding.CodePages.dll
  - System.Text.Encoding.dll 10.0.8 at C:\Program Files\dotnet\packs\Microsoft.NETCore.App.Ref\10.0.8\ref\net10.0\System.Text.Encoding.dll
  - System.Text.Encoding.Extensions.dll 10.0.8 at C:\Program Files\dotnet\packs\Microsoft.NETCore.App.Ref\10.0.8\ref\net10.0\System.Text.Encoding.Extensions.dll
  - System.Text.Encodings.Web.dll 10.0.8 at C:\Program Files\dotnet\packs\Microsoft.NETCore.App.Ref\10.0.8\ref\net10.0\System.Text.Encodings.Web.dll
  - System.Text.Json.dll 10.0.8 at C:\Program Files\dotnet\packs\Microsoft.NETCore.App.Ref\10.0.8\ref\net10.0\System.Text.Json.dll
  - System.Text.RegularExpressions.dll 10.0.8 at C:\Program Files\dotnet\packs\Microsoft.NETCore.App.Ref\10.0.8\ref\net10.0\System.Text.RegularExpressions.dll
  - System.Threading.AccessControl.dll 10.0.8 at C:\Program Files\dotnet\packs\Microsoft.NETCore.App.Ref\10.0.8\ref\net10.0\System.Threading.AccessControl.dll
  - System.Threading.Channels.dll 10.0.8 at C:\Program Files\dotnet\packs\Microsoft.NETCore.App.Ref\10.0.8\ref\net10.0\System.Threading.Channels.dll
  - System.Threading.dll 10.0.8 at C:\Program Files\dotnet\packs\Microsoft.NETCore.App.Ref\10.0.8\ref\net10.0\System.Threading.dll
  - System.Threading.Overlapped.dll 10.0.8 at C:\Program Files\dotnet\packs\Microsoft.NETCore.App.Ref\10.0.8\ref\net10.0\System.Threading.Overlapped.dll
  - System.Threading.RateLimiting.dll 10.0.8 at C:\Program Files\dotnet\packs\Microsoft.AspNetCore.App.Ref\10.0.8\ref\net10.0\System.Threading.RateLimiting.dll
  - System.Threading.Tasks.Dataflow.dll 10.0.8 at C:\Program Files\dotnet\packs\Microsoft.NETCore.App.Ref\10.0.8\ref\net10.0\System.Threading.Tasks.Dataflow.dll
  - System.Threading.Tasks.dll 10.0.8 at C:\Program Files\dotnet\packs\Microsoft.NETCore.App.Ref\10.0.8\ref\net10.0\System.Threading.Tasks.dll
  - System.Threading.Tasks.Extensions.dll 10.0.8 at C:\Program Files\dotnet\packs\Microsoft.NETCore.App.Ref\10.0.8\ref\net10.0\System.Threading.Tasks.Extensions.dll
  - System.Threading.Tasks.Parallel.dll 10.0.8 at C:\Program Files\dotnet\packs\Microsoft.NETCore.App.Ref\10.0.8\ref\net10.0\System.Threading.Tasks.Parallel.dll
  - System.Threading.Thread.dll 10.0.8 at C:\Program Files\dotnet\packs\Microsoft.NETCore.App.Ref\10.0.8\ref\net10.0\System.Threading.Thread.dll
  - System.Threading.ThreadPool.dll 10.0.8 at C:\Program Files\dotnet\packs\Microsoft.NETCore.App.Ref\10.0.8\ref\net10.0\System.Threading.ThreadPool.dll
  - System.Threading.Timer.dll 10.0.8 at C:\Program Files\dotnet\packs\Microsoft.NETCore.App.Ref\10.0.8\ref\net10.0\System.Threading.Timer.dll
  - System.Transactions.dll 10.0.8 at C:\Program Files\dotnet\packs\Microsoft.NETCore.App.Ref\10.0.8\ref\net10.0\System.Transactions.dll
  - System.Transactions.Local.dll 10.0.8 at C:\Program Files\dotnet\packs\Microsoft.NETCore.App.Ref\10.0.8\ref\net10.0\System.Transactions.Local.dll
  - System.ValueTuple.dll 10.0.8 at C:\Program Files\dotnet\packs\Microsoft.NETCore.App.Ref\10.0.8\ref\net10.0\System.ValueTuple.dll
  - System.Web.dll 10.0.8 at C:\Program Files\dotnet\packs\Microsoft.NETCore.App.Ref\10.0.8\ref\net10.0\System.Web.dll
  - System.Web.HttpUtility.dll 10.0.8 at C:\Program Files\dotnet\packs\Microsoft.NETCore.App.Ref\10.0.8\ref\net10.0\System.Web.HttpUtility.dll
  - System.Windows.dll 10.0.8 at C:\Program Files\dotnet\packs\Microsoft.NETCore.App.Ref\10.0.8\ref\net10.0\System.Windows.dll
  - System.Xml.dll 10.0.8 at C:\Program Files\dotnet\packs\Microsoft.NETCore.App.Ref\10.0.8\ref\net10.0\System.Xml.dll
  - System.Xml.Linq.dll 10.0.8 at C:\Program Files\dotnet\packs\Microsoft.NETCore.App.Ref\10.0.8\ref\net10.0\System.Xml.Linq.dll
  - System.Xml.ReaderWriter.dll 10.0.8 at C:\Program Files\dotnet\packs\Microsoft.NETCore.App.Ref\10.0.8\ref\net10.0\System.Xml.ReaderWriter.dll
  - System.Xml.Serialization.dll 10.0.8 at C:\Program Files\dotnet\packs\Microsoft.NETCore.App.Ref\10.0.8\ref\net10.0\System.Xml.Serialization.dll
  - System.Xml.XDocument.dll 10.0.8 at C:\Program Files\dotnet\packs\Microsoft.NETCore.App.Ref\10.0.8\ref\net10.0\System.Xml.XDocument.dll
  - System.Xml.XmlDocument.dll 10.0.8 at C:\Program Files\dotnet\packs\Microsoft.NETCore.App.Ref\10.0.8\ref\net10.0\System.Xml.XmlDocument.dll
  - System.Xml.XmlSerializer.dll 10.0.8 at C:\Program Files\dotnet\packs\Microsoft.NETCore.App.Ref\10.0.8\ref\net10.0\System.Xml.XmlSerializer.dll
  - System.Xml.XPath.dll 10.0.8 at C:\Program Files\dotnet\packs\Microsoft.NETCore.App.Ref\10.0.8\ref\net10.0\System.Xml.XPath.dll
  - System.Xml.XPath.XDocument.dll 10.0.8 at C:\Program Files\dotnet\packs\Microsoft.NETCore.App.Ref\10.0.8\ref\net10.0\System.Xml.XPath.XDocument.dll
  - Telerik.AI.SmartComponents.Extensions.dll 2.2.1 at C:\Users\tddkhanh\.nuget\packages\telerik.ai.smartcomponents.extensions\2.2.1\lib\net8.0\Telerik.AI.SmartComponents.Extensions.dll
  - Telerik.Blazor.dll 14.0.0 at C:\Users\tddkhanh\.nuget\packages\telerik.ui.for.blazor\14.0.0\lib\net8.0\Telerik.Blazor.dll
  - Telerik.DataSource.dll 4.1.0 at C:\Users\tddkhanh\.nuget\packages\telerik.datasource\4.1.0\lib\net8.0\Telerik.DataSource.dll
  - Telerik.Documents.Core.dll 2026.2.519 at C:\Users\tddkhanh\.nuget\packages\telerik.documents.core\2026.2.519\lib\netstandard2.0\Telerik.Documents.Core.dll
  - Telerik.Documents.Fixed.dll 2026.2.519 at C:\Users\tddkhanh\.nuget\packages\telerik.documents.fixed\2026.2.519\lib\netstandard2.0\Telerik.Documents.Fixed.dll
  - Telerik.Documents.Spreadsheet.dll 2026.2.519 at C:\Users\tddkhanh\.nuget\packages\telerik.documents.spreadsheet\2026.2.519\lib\netstandard2.0\Telerik.Documents.Spreadsheet.dll
  - Telerik.Documents.Spreadsheet.FormatProviders.Pdf.dll 2026.2.519 at C:\Users\tddkhanh\.nuget\packages\telerik.documents.spreadsheet.formatproviders.pdf\2026.2.519\lib\netstandard2.0\Telerik.Documents.Spreadsheet.FormatProviders.Pdf.dll
  - Telerik.Documents.SpreadsheetStreaming.dll 2026.2.519 at C:\Users\tddkhanh\.nuget\packages\telerik.documents.spreadsheetstreaming\2026.2.519\lib\netstandard2.0\Telerik.Documents.SpreadsheetStreaming.dll
  - Telerik.FontIcons.dll 4.9.2 at C:\Users\tddkhanh\.nuget\packages\telerik.fonticons\4.9.2\lib\netstandard2.0\Telerik.FontIcons.dll
  - Telerik.Licensing.Runtime.dll 1.8.2 at C:\Users\tddkhanh\.nuget\packages\telerik.licensing\1.8.2\lib\net10.0\Telerik.Licensing.Runtime.dll
  - Telerik.Pivot.Core.dll 1.0.0 at C:\Users\tddkhanh\.nuget\packages\telerik.pivot.core\1.0.0\lib\net8.0\Telerik.Pivot.Core.dll
  - Telerik.Pivot.DataProviders.Xmla.dll 1.0.0 at C:\Users\tddkhanh\.nuget\packages\telerik.pivot.dataproviders.xmla\1.0.0\lib\net8.0\Telerik.Pivot.DataProviders.Xmla.dll
  - Telerik.Recurrence.dll 1.0.0 at C:\Users\tddkhanh\.nuget\packages\telerik.recurrence\1.0.0\lib\net8.0\Telerik.Recurrence.dll
  - Telerik.SvgIcons.dll 4.9.2 at C:\Users\tddkhanh\.nuget\packages\telerik.svgicons\4.9.2\lib\netstandard2.0\Telerik.SvgIcons.dll
  - Telerik.Zip.dll 2026.2.519 at C:\Users\tddkhanh\.nuget\packages\telerik.zip\2026.2.519\lib\netstandard2.0\Telerik.Zip.dll
  - WindowsBase.dll 10.0.8 at C:\Program Files\dotnet\packs\Microsoft.NETCore.App.Ref\10.0.8\ref\net10.0\WindowsBase.dll
  MachineId=T67PQYIlb9W6VOVNpg1C57e7U0Q=

[2026-05-29 05:40:37.674] [Low]   Looking for Telerik product metadata in referenced assemblies
      - C:\Users\tddkhanh\.nuget\packages\telerik.ui.for.blazor\14.0.0\lib\net8.0\Telerik.Blazor.dll
        ProductCode: BLAZOR, LicenseDate: 2026-05-20, ProductName: Telerik UI for Blazor, ProductVersion: 14.0.0.0, Flags: None
        Transitive product references:
        - DPL 2026-05-19 (redistributed by: RCWPF;RCWF;MAUI;UIXAM;WINUI;RCAJAX;KENDOUIMVC;UIASPCORE;BLAZOR) Telerik Document Processing Libraries 2026.2.519.20
      - C:\Users\tddkhanh\.nuget\packages\telerik.documents.core\2026.2.519\lib\netstandard2.0\Telerik.Documents.Core.dll
        ProductCode: DPL, LicenseDate: 2026-05-19, Redistributed By: RCWPF, RCWF, MAUI, UIXAM, WINUI, RCAJAX, KENDOUIMVC, UIASPCORE, BLAZOR, ProductName: Telerik Document Processing Libraries, ProductVersion: 2026.2.519.20, Flags: None
      - C:\Users\tddkhanh\.nuget\packages\telerik.documents.fixed\2026.2.519\lib\netstandard2.0\Telerik.Documents.Fixed.dll
        ProductCode: DPL, LicenseDate: 2026-05-19, Redistributed By: RCWPF, RCWF, MAUI, UIXAM, WINUI, RCAJAX, KENDOUIMVC, UIASPCORE, BLAZOR, ProductName: Telerik Document Processing Libraries, ProductVersion: 2026.2.519.20, Flags: None
      - C:\Users\tddkhanh\.nuget\packages\telerik.documents.spreadsheet\2026.2.519\lib\netstandard2.0\Telerik.Documents.Spreadsheet.dll
        ProductCode: DPL, LicenseDate: 2026-05-19, Redistributed By: RCWPF, RCWF, MAUI, UIXAM, WINUI, RCAJAX, KENDOUIMVC, UIASPCORE, BLAZOR, ProductName: Telerik Document Processing Libraries, ProductVersion: 2026.2.519.20, Flags: None
      - C:\Users\tddkhanh\.nuget\packages\telerik.documents.spreadsheet.formatproviders.pdf\2026.2.519\lib\netstandard2.0\Telerik.Documents.Spreadsheet.FormatProviders.Pdf.dll
        ProductCode: DPL, LicenseDate: 2026-05-19, Redistributed By: RCWPF, RCWF, MAUI, UIXAM, WINUI, RCAJAX, KENDOUIMVC, UIASPCORE, BLAZOR, ProductName: Telerik Document Processing Libraries, ProductVersion: 2026.2.519.20, Flags: None
      - C:\Users\tddkhanh\.nuget\packages\telerik.documents.spreadsheetstreaming\2026.2.519\lib\netstandard2.0\Telerik.Documents.SpreadsheetStreaming.dll
        ProductCode: DPL, LicenseDate: 2026-05-19, Redistributed By: RCWPF, RCWF, MAUI, UIXAM, WINUI, RCAJAX, KENDOUIMVC, UIASPCORE, BLAZOR, ProductName: Telerik Document Processing Libraries, ProductVersion: 2026.2.519.20, Flags: None
      - C:\Users\tddkhanh\.nuget\packages\telerik.zip\2026.2.519\lib\netstandard2.0\Telerik.Zip.dll
        ProductCode: DPL, LicenseDate: 2026-05-19, Redistributed By: RCWPF, RCWF, MAUI, UIXAM, WINUI, RCAJAX, KENDOUIMVC, UIASPCORE, BLAZOR, ProductName: Telerik Document Processing Libraries, ProductVersion: 2026.2.519.20, Flags: None
      Unique Products:
      - "Telerik UI for Blazor" (BLAZOR) 14.0.0.0 @2026-05-20
      - "Telerik Document Processing Libraries" (DPL) 2026.2.519.20 @2026-05-19
      Found a total of 2 referenced Telerik products for net10.0

[2026-05-29 05:40:37.692] [Low]   Provision Licensing
        Looking up license file...
        - EnvironmentVariablePath: TELERIK_LICENSE_PATH (NotAvailable)
        - EnvironmentVariable: TELERIK_LICENSE (NotAvailable)
        - EnvironmentVariable: KENDO_UI_LICENSE (NotAvailable)
        - RecursiveFilePath: D:\Code\Blazor\TelerikGrid\TelerikGrid\telerik-license.txt (NotAvailable)
        - RecursiveFilePath: D:\Code\Blazor\TelerikGrid\TelerikGrid\kendo-ui-license.txt (NotAvailable)
        - RecursiveFilePath: D:\Code\Blazor\TelerikGrid\telerik-license.txt (NotAvailable)
        - RecursiveFilePath: D:\Code\Blazor\TelerikGrid\kendo-ui-license.txt (NotAvailable)
        - RecursiveFilePath: D:\Code\Blazor\telerik-license.txt (NotAvailable)
        - RecursiveFilePath: D:\Code\Blazor\kendo-ui-license.txt (NotAvailable)
        - RecursiveFilePath: D:\Code\telerik-license.txt (NotAvailable)
        - RecursiveFilePath: D:\Code\kendo-ui-license.txt (NotAvailable)
        - RecursiveFilePath: D:\telerik-license.txt (NotAvailable)
        - RecursiveFilePath: D:\kendo-ui-license.txt (NotAvailable)
        - UserDirectory: C:\Users\tddkhanh\AppData\Roaming\Telerik\telerik-license.txt (LicenseFound)
        - UserDirectory: C:\Users\tddkhanh\AppData\Roaming\Telerik\kendo-ui-license.txt (Skip)
        LicenseKey
        - AUD: t************@g****.com
        - UsedId: 344ca679-260a-4541-b9a7-cafe8537ed1f
        - LicenseId: de0ab21e-4a76-46d5-b1d8-a860fc8a108a
        - IssuedAt: 5/27/2026 11:20:30 PM
        - Licenses
          0) Trial BLAZOR, expiration 6/26/2026 3:27:27 AM, type: 'trial'
          1) Usage UserId: 344ca679-260a-4541-b9a7-cafe8537ed1f, LicenseId: de0ab21e-4a76-46d5-b1d8-a860fc8a108a, type: 'usage'

[2026-05-29 05:40:37.696] [Low]   License Resolution
        Messages
          - License OK for "Telerik UI for Blazor" (BLAZOR) 14.0.0.0 @2026-05-20 - Trial, valid until 2026-06-26.
          - License OK for "Telerik Document Processing Libraries" (DPL) 2026.2.519.20 @2026-05-19 - Trial for BLAZOR, valid until 2026-06-26.
        JWTs
          - eyJhbGciOiJSUzI1NiIsInR5cCI6IlRlbGVyaWsgTGljZW5zZSBFdmlkZW5jZSJ9.eyJjb2RlIjoiQkxBWk9SIiwidHlwZSI6InRyaWFsIiwiZXhwaXJhdGlvbiI6MTc4MjQ0NDQ0NywidXNlcklkIjoiMzQ0Y2E2NzktMjYwYS00NTQxLWI5YTctY2FmZTg1MzdlZDFmIiwibGljZW5zZUlkIjoiZGUwYWIyMWUtNGE3Ni00NmQ1LWIxZDgtYTg2MGZjOGExMDhhIn0.zRRYGeaQHW_-AN5jMEypWMNjOlATOXZHpV5AHN3NlbngssoYs7K9y_qOaxXPcylCIl3h5K6r9iwFKWe9xaIU0G-MXBTvRZpfbkiZtrYp4puaC1ONeHElHT_DqQnoqIb93UpJOBwO4SFWFzoHgPYcY7w8xTV82tVxIgXFRxwPyfGNrV7rD2oGDM3cvIFGOQT4i5dO67MzBDduG-4R9bofmMXKaj0qv69aM44f6A8t2DOPWIgTIqNcjp69XT-RM9i1zLy3sNEvrb9nntBRNqqXoj2OZtPiSjDFA6s-WWJkTpLuvZHieCL2T3LY_H0WNG2LHsYc2l4FPDttY99f0L27IA
        Licenses
          - License OK for "Telerik UI for Blazor" (BLAZOR) 14.0.0.0 @2026-05-20 - Trial, valid until 2026-06-26.
          - License OK for "Telerik Document Processing Libraries" (DPL) 2026.2.519.20 @2026-05-19 - Trial for BLAZOR, valid until 2026-06-26.

[2026-05-29 05:40:37.697] [Low] OutputType: Exe, ImportXamlTargets: False
[2026-05-29 05:40:37.698] [Low] LicenseEvidence CodeGen: Up to date!
[2026-05-29 05:40:37.710] [Low] 
      Call-Home Telerik Products (2 for net10.0)
      - "Telerik UI for Blazor" (BLAZOR) 14.0.0
      - "DPL" (DPL) 2026.2.519

[2026-05-29 05:40:37.710] [Low] 
[2026-05-29 05:40:37.711] [Low] 
      Call-Home Telerik Features (0 for net10.0)

[2026-05-29 05:40:37.711] [Low] 
[2026-05-29 05:40:37.748] [Low]   Report Telerik.Licensing
        UserId: 344ca679-260a-4541-b9a7-cafe8537ed1f
        LicenseId: de0ab21e-4a76-46d5-b1d8-a860fc8a108a
        Products
        - LicenseUsed BLAZOR 14.0.0.0 SKIPPED
        - LicenseUsed DPL 2026.2.519.20 SKIPPED
      Report finished in 00:00:00.0359239

[2026-05-29 05:40:37.749] [Low]   Sending Telemetry...
[2026-05-29 05:40:37.770] [Low]   Metrics done 00:00:00.0214331
[2026-05-29 05:40:37.772] [Normal] Resolve Telerik Products. Done (00:00:00.2029249) for net10.0
[2026-05-29 06:06:13.852] [Normal] Resolve Telerik Products.
  MSBuildProjectName=TelerikGrid
  MSBuildProjectDirectory=D:\Code\Blazor\TelerikGrid\TelerikGrid
  MSBuildProjectExtension=.csproj
  Language=C#
  OutputPath=bin\Debug\net10.0\
  Platform=AnyCPU
  TargetFramework=net10.0
  TargetFrameworks=
  TargetFrameworkVersion=v10.0
  VisualStudioVersion=18.0
  UsingMicrosoftNETSdk=true
  UsingMicrosoftNETSdkRazor=true
  UsingMicrosoftNETSdkWeb=true
  ImportXamlTargets=False
  OutputType=Exe
  UseMaui=
  NuGetPackageRoot=C:\Users\tddkhanh\.nuget\packages\

  PackageReferences
  - Telerik.UI.for.Blazor 14.0.0
  - Microsoft.AspNetCore.App.Internal.Assets 10.0.8
  ReferencePaths
  - Microsoft.AspNetCore.Antiforgery.dll 10.0.8 at C:\Program Files\dotnet\packs\Microsoft.AspNetCore.App.Ref\10.0.8\ref\net10.0\Microsoft.AspNetCore.Antiforgery.dll
  - Microsoft.AspNetCore.Authentication.Abstractions.dll 10.0.8 at C:\Program Files\dotnet\packs\Microsoft.AspNetCore.App.Ref\10.0.8\ref\net10.0\Microsoft.AspNetCore.Authentication.Abstractions.dll
  - Microsoft.AspNetCore.Authentication.BearerToken.dll 10.0.8 at C:\Program Files\dotnet\packs\Microsoft.AspNetCore.App.Ref\10.0.8\ref\net10.0\Microsoft.AspNetCore.Authentication.BearerToken.dll
  - Microsoft.AspNetCore.Authentication.Cookies.dll 10.0.8 at C:\Program Files\dotnet\packs\Microsoft.AspNetCore.App.Ref\10.0.8\ref\net10.0\Microsoft.AspNetCore.Authentication.Cookies.dll
  - Microsoft.AspNetCore.Authentication.Core.dll 10.0.8 at C:\Program Files\dotnet\packs\Microsoft.AspNetCore.App.Ref\10.0.8\ref\net10.0\Microsoft.AspNetCore.Authentication.Core.dll
  - Microsoft.AspNetCore.Authentication.dll 10.0.8 at C:\Program Files\dotnet\packs\Microsoft.AspNetCore.App.Ref\10.0.8\ref\net10.0\Microsoft.AspNetCore.Authentication.dll
  - Microsoft.AspNetCore.Authentication.OAuth.dll 10.0.8 at C:\Program Files\dotnet\packs\Microsoft.AspNetCore.App.Ref\10.0.8\ref\net10.0\Microsoft.AspNetCore.Authentication.OAuth.dll
  - Microsoft.AspNetCore.Authorization.dll 10.0.8 at C:\Program Files\dotnet\packs\Microsoft.AspNetCore.App.Ref\10.0.8\ref\net10.0\Microsoft.AspNetCore.Authorization.dll
  - Microsoft.AspNetCore.Authorization.Policy.dll 10.0.8 at C:\Program Files\dotnet\packs\Microsoft.AspNetCore.App.Ref\10.0.8\ref\net10.0\Microsoft.AspNetCore.Authorization.Policy.dll
  - Microsoft.AspNetCore.Components.Authorization.dll 10.0.8 at C:\Program Files\dotnet\packs\Microsoft.AspNetCore.App.Ref\10.0.8\ref\net10.0\Microsoft.AspNetCore.Components.Authorization.dll
  - Microsoft.AspNetCore.Components.dll 10.0.8 at C:\Program Files\dotnet\packs\Microsoft.AspNetCore.App.Ref\10.0.8\ref\net10.0\Microsoft.AspNetCore.Components.dll
  - Microsoft.AspNetCore.Components.Endpoints.dll 10.0.8 at C:\Program Files\dotnet\packs\Microsoft.AspNetCore.App.Ref\10.0.8\ref\net10.0\Microsoft.AspNetCore.Components.Endpoints.dll
  - Microsoft.AspNetCore.Components.Forms.dll 10.0.8 at C:\Program Files\dotnet\packs\Microsoft.AspNetCore.App.Ref\10.0.8\ref\net10.0\Microsoft.AspNetCore.Components.Forms.dll
  - Microsoft.AspNetCore.Components.Server.dll 10.0.8 at C:\Program Files\dotnet\packs\Microsoft.AspNetCore.App.Ref\10.0.8\ref\net10.0\Microsoft.AspNetCore.Components.Server.dll
  - Microsoft.AspNetCore.Components.Web.dll 10.0.8 at C:\Program Files\dotnet\packs\Microsoft.AspNetCore.App.Ref\10.0.8\ref\net10.0\Microsoft.AspNetCore.Components.Web.dll
  - Microsoft.AspNetCore.Connections.Abstractions.dll 10.0.8 at C:\Program Files\dotnet\packs\Microsoft.AspNetCore.App.Ref\10.0.8\ref\net10.0\Microsoft.AspNetCore.Connections.Abstractions.dll
  - Microsoft.AspNetCore.CookiePolicy.dll 10.0.8 at C:\Program Files\dotnet\packs\Microsoft.AspNetCore.App.Ref\10.0.8\ref\net10.0\Microsoft.AspNetCore.CookiePolicy.dll
  - Microsoft.AspNetCore.Cors.dll 10.0.8 at C:\Program Files\dotnet\packs\Microsoft.AspNetCore.App.Ref\10.0.8\ref\net10.0\Microsoft.AspNetCore.Cors.dll
  - Microsoft.AspNetCore.Cryptography.Internal.dll 10.0.8 at C:\Program Files\dotnet\packs\Microsoft.AspNetCore.App.Ref\10.0.8\ref\net10.0\Microsoft.AspNetCore.Cryptography.Internal.dll
  - Microsoft.AspNetCore.Cryptography.KeyDerivation.dll 10.0.8 at C:\Program Files\dotnet\packs\Microsoft.AspNetCore.App.Ref\10.0.8\ref\net10.0\Microsoft.AspNetCore.Cryptography.KeyDerivation.dll
  - Microsoft.AspNetCore.DataProtection.Abstractions.dll 10.0.8 at C:\Program Files\dotnet\packs\Microsoft.AspNetCore.App.Ref\10.0.8\ref\net10.0\Microsoft.AspNetCore.DataProtection.Abstractions.dll
  - Microsoft.AspNetCore.DataProtection.dll 10.0.8 at C:\Program Files\dotnet\packs\Microsoft.AspNetCore.App.Ref\10.0.8\ref\net10.0\Microsoft.AspNetCore.DataProtection.dll
  - Microsoft.AspNetCore.DataProtection.Extensions.dll 10.0.8 at C:\Program Files\dotnet\packs\Microsoft.AspNetCore.App.Ref\10.0.8\ref\net10.0\Microsoft.AspNetCore.DataProtection.Extensions.dll
  - Microsoft.AspNetCore.Diagnostics.Abstractions.dll 10.0.8 at C:\Program Files\dotnet\packs\Microsoft.AspNetCore.App.Ref\10.0.8\ref\net10.0\Microsoft.AspNetCore.Diagnostics.Abstractions.dll
  - Microsoft.AspNetCore.Diagnostics.dll 10.0.8 at C:\Program Files\dotnet\packs\Microsoft.AspNetCore.App.Ref\10.0.8\ref\net10.0\Microsoft.AspNetCore.Diagnostics.dll
  - Microsoft.AspNetCore.Diagnostics.HealthChecks.dll 10.0.8 at C:\Program Files\dotnet\packs\Microsoft.AspNetCore.App.Ref\10.0.8\ref\net10.0\Microsoft.AspNetCore.Diagnostics.HealthChecks.dll
  - Microsoft.AspNetCore.dll 10.0.8 at C:\Program Files\dotnet\packs\Microsoft.AspNetCore.App.Ref\10.0.8\ref\net10.0\Microsoft.AspNetCore.dll
  - Microsoft.AspNetCore.HostFiltering.dll 10.0.8 at C:\Program Files\dotnet\packs\Microsoft.AspNetCore.App.Ref\10.0.8\ref\net10.0\Microsoft.AspNetCore.HostFiltering.dll
  - Microsoft.AspNetCore.Hosting.Abstractions.dll 10.0.8 at C:\Program Files\dotnet\packs\Microsoft.AspNetCore.App.Ref\10.0.8\ref\net10.0\Microsoft.AspNetCore.Hosting.Abstractions.dll
  - Microsoft.AspNetCore.Hosting.dll 10.0.8 at C:\Program Files\dotnet\packs\Microsoft.AspNetCore.App.Ref\10.0.8\ref\net10.0\Microsoft.AspNetCore.Hosting.dll
  - Microsoft.AspNetCore.Hosting.Server.Abstractions.dll 10.0.8 at C:\Program Files\dotnet\packs\Microsoft.AspNetCore.App.Ref\10.0.8\ref\net10.0\Microsoft.AspNetCore.Hosting.Server.Abstractions.dll
  - Microsoft.AspNetCore.Html.Abstractions.dll 10.0.8 at C:\Program Files\dotnet\packs\Microsoft.AspNetCore.App.Ref\10.0.8\ref\net10.0\Microsoft.AspNetCore.Html.Abstractions.dll
  - Microsoft.AspNetCore.Http.Abstractions.dll 10.0.8 at C:\Program Files\dotnet\packs\Microsoft.AspNetCore.App.Ref\10.0.8\ref\net10.0\Microsoft.AspNetCore.Http.Abstractions.dll
  - Microsoft.AspNetCore.Http.Connections.Common.dll 10.0.8 at C:\Program Files\dotnet\packs\Microsoft.AspNetCore.App.Ref\10.0.8\ref\net10.0\Microsoft.AspNetCore.Http.Connections.Common.dll
  - Microsoft.AspNetCore.Http.Connections.dll 10.0.8 at C:\Program Files\dotnet\packs\Microsoft.AspNetCore.App.Ref\10.0.8\ref\net10.0\Microsoft.AspNetCore.Http.Connections.dll
  - Microsoft.AspNetCore.Http.dll 10.0.8 at C:\Program Files\dotnet\packs\Microsoft.AspNetCore.App.Ref\10.0.8\ref\net10.0\Microsoft.AspNetCore.Http.dll
  - Microsoft.AspNetCore.Http.Extensions.dll 10.0.8 at C:\Program Files\dotnet\packs\Microsoft.AspNetCore.App.Ref\10.0.8\ref\net10.0\Microsoft.AspNetCore.Http.Extensions.dll
  - Microsoft.AspNetCore.Http.Features.dll 10.0.8 at C:\Program Files\dotnet\packs\Microsoft.AspNetCore.App.Ref\10.0.8\ref\net10.0\Microsoft.AspNetCore.Http.Features.dll
  - Microsoft.AspNetCore.Http.Results.dll 10.0.8 at C:\Program Files\dotnet\packs\Microsoft.AspNetCore.App.Ref\10.0.8\ref\net10.0\Microsoft.AspNetCore.Http.Results.dll
  - Microsoft.AspNetCore.HttpLogging.dll 10.0.8 at C:\Program Files\dotnet\packs\Microsoft.AspNetCore.App.Ref\10.0.8\ref\net10.0\Microsoft.AspNetCore.HttpLogging.dll
  - Microsoft.AspNetCore.HttpOverrides.dll 10.0.8 at C:\Program Files\dotnet\packs\Microsoft.AspNetCore.App.Ref\10.0.8\ref\net10.0\Microsoft.AspNetCore.HttpOverrides.dll
  - Microsoft.AspNetCore.HttpsPolicy.dll 10.0.8 at C:\Program Files\dotnet\packs\Microsoft.AspNetCore.App.Ref\10.0.8\ref\net10.0\Microsoft.AspNetCore.HttpsPolicy.dll
  - Microsoft.AspNetCore.Identity.dll 10.0.8 at C:\Program Files\dotnet\packs\Microsoft.AspNetCore.App.Ref\10.0.8\ref\net10.0\Microsoft.AspNetCore.Identity.dll
  - Microsoft.AspNetCore.Localization.dll 10.0.8 at C:\Program Files\dotnet\packs\Microsoft.AspNetCore.App.Ref\10.0.8\ref\net10.0\Microsoft.AspNetCore.Localization.dll
  - Microsoft.AspNetCore.Localization.Routing.dll 10.0.8 at C:\Program Files\dotnet\packs\Microsoft.AspNetCore.App.Ref\10.0.8\ref\net10.0\Microsoft.AspNetCore.Localization.Routing.dll
  - Microsoft.AspNetCore.Metadata.dll 10.0.8 at C:\Program Files\dotnet\packs\Microsoft.AspNetCore.App.Ref\10.0.8\ref\net10.0\Microsoft.AspNetCore.Metadata.dll
  - Microsoft.AspNetCore.Mvc.Abstractions.dll 10.0.8 at C:\Program Files\dotnet\packs\Microsoft.AspNetCore.App.Ref\10.0.8\ref\net10.0\Microsoft.AspNetCore.Mvc.Abstractions.dll
  - Microsoft.AspNetCore.Mvc.ApiExplorer.dll 10.0.8 at C:\Program Files\dotnet\packs\Microsoft.AspNetCore.App.Ref\10.0.8\ref\net10.0\Microsoft.AspNetCore.Mvc.ApiExplorer.dll
  - Microsoft.AspNetCore.Mvc.Core.dll 10.0.8 at C:\Program Files\dotnet\packs\Microsoft.AspNetCore.App.Ref\10.0.8\ref\net10.0\Microsoft.AspNetCore.Mvc.Core.dll
  - Microsoft.AspNetCore.Mvc.Cors.dll 10.0.8 at C:\Program Files\dotnet\packs\Microsoft.AspNetCore.App.Ref\10.0.8\ref\net10.0\Microsoft.AspNetCore.Mvc.Cors.dll
  - Microsoft.AspNetCore.Mvc.DataAnnotations.dll 10.0.8 at C:\Program Files\dotnet\packs\Microsoft.AspNetCore.App.Ref\10.0.8\ref\net10.0\Microsoft.AspNetCore.Mvc.DataAnnotations.dll
  - Microsoft.AspNetCore.Mvc.dll 10.0.8 at C:\Program Files\dotnet\packs\Microsoft.AspNetCore.App.Ref\10.0.8\ref\net10.0\Microsoft.AspNetCore.Mvc.dll
  - Microsoft.AspNetCore.Mvc.Formatters.Json.dll 10.0.8 at C:\Program Files\dotnet\packs\Microsoft.AspNetCore.App.Ref\10.0.8\ref\net10.0\Microsoft.AspNetCore.Mvc.Formatters.Json.dll
  - Microsoft.AspNetCore.Mvc.Formatters.Xml.dll 10.0.8 at C:\Program Files\dotnet\packs\Microsoft.AspNetCore.App.Ref\10.0.8\ref\net10.0\Microsoft.AspNetCore.Mvc.Formatters.Xml.dll
  - Microsoft.AspNetCore.Mvc.Localization.dll 10.0.8 at C:\Program Files\dotnet\packs\Microsoft.AspNetCore.App.Ref\10.0.8\ref\net10.0\Microsoft.AspNetCore.Mvc.Localization.dll
  - Microsoft.AspNetCore.Mvc.Razor.dll 10.0.8 at C:\Program Files\dotnet\packs\Microsoft.AspNetCore.App.Ref\10.0.8\ref\net10.0\Microsoft.AspNetCore.Mvc.Razor.dll
  - Microsoft.AspNetCore.Mvc.RazorPages.dll 10.0.8 at C:\Program Files\dotnet\packs\Microsoft.AspNetCore.App.Ref\10.0.8\ref\net10.0\Microsoft.AspNetCore.Mvc.RazorPages.dll
  - Microsoft.AspNetCore.Mvc.TagHelpers.dll 10.0.8 at C:\Program Files\dotnet\packs\Microsoft.AspNetCore.App.Ref\10.0.8\ref\net10.0\Microsoft.AspNetCore.Mvc.TagHelpers.dll
  - Microsoft.AspNetCore.Mvc.ViewFeatures.dll 10.0.8 at C:\Program Files\dotnet\packs\Microsoft.AspNetCore.App.Ref\10.0.8\ref\net10.0\Microsoft.AspNetCore.Mvc.ViewFeatures.dll
  - Microsoft.AspNetCore.OutputCaching.dll 10.0.8 at C:\Program Files\dotnet\packs\Microsoft.AspNetCore.App.Ref\10.0.8\ref\net10.0\Microsoft.AspNetCore.OutputCaching.dll
  - Microsoft.AspNetCore.RateLimiting.dll 10.0.8 at C:\Program Files\dotnet\packs\Microsoft.AspNetCore.App.Ref\10.0.8\ref\net10.0\Microsoft.AspNetCore.RateLimiting.dll
  - Microsoft.AspNetCore.Razor.dll 10.0.8 at C:\Program Files\dotnet\packs\Microsoft.AspNetCore.App.Ref\10.0.8\ref\net10.0\Microsoft.AspNetCore.Razor.dll
  - Microsoft.AspNetCore.Razor.Runtime.dll 10.0.8 at C:\Program Files\dotnet\packs\Microsoft.AspNetCore.App.Ref\10.0.8\ref\net10.0\Microsoft.AspNetCore.Razor.Runtime.dll
  - Microsoft.AspNetCore.RequestDecompression.dll 10.0.8 at C:\Program Files\dotnet\packs\Microsoft.AspNetCore.App.Ref\10.0.8\ref\net10.0\Microsoft.AspNetCore.RequestDecompression.dll
  - Microsoft.AspNetCore.ResponseCaching.Abstractions.dll 10.0.8 at C:\Program Files\dotnet\packs\Microsoft.AspNetCore.App.Ref\10.0.8\ref\net10.0\Microsoft.AspNetCore.ResponseCaching.Abstractions.dll
  - Microsoft.AspNetCore.ResponseCaching.dll 10.0.8 at C:\Program Files\dotnet\packs\Microsoft.AspNetCore.App.Ref\10.0.8\ref\net10.0\Microsoft.AspNetCore.ResponseCaching.dll
  - Microsoft.AspNetCore.ResponseCompression.dll 10.0.8 at C:\Program Files\dotnet\packs\Microsoft.AspNetCore.App.Ref\10.0.8\ref\net10.0\Microsoft.AspNetCore.ResponseCompression.dll
  - Microsoft.AspNetCore.Rewrite.dll 10.0.8 at C:\Program Files\dotnet\packs\Microsoft.AspNetCore.App.Ref\10.0.8\ref\net10.0\Microsoft.AspNetCore.Rewrite.dll
  - Microsoft.AspNetCore.Routing.Abstractions.dll 10.0.8 at C:\Program Files\dotnet\packs\Microsoft.AspNetCore.App.Ref\10.0.8\ref\net10.0\Microsoft.AspNetCore.Routing.Abstractions.dll
  - Microsoft.AspNetCore.Routing.dll 10.0.8 at C:\Program Files\dotnet\packs\Microsoft.AspNetCore.App.Ref\10.0.8\ref\net10.0\Microsoft.AspNetCore.Routing.dll
  - Microsoft.AspNetCore.Server.HttpSys.dll 10.0.8 at C:\Program Files\dotnet\packs\Microsoft.AspNetCore.App.Ref\10.0.8\ref\net10.0\Microsoft.AspNetCore.Server.HttpSys.dll
  - Microsoft.AspNetCore.Server.IIS.dll 10.0.8 at C:\Program Files\dotnet\packs\Microsoft.AspNetCore.App.Ref\10.0.8\ref\net10.0\Microsoft.AspNetCore.Server.IIS.dll
  - Microsoft.AspNetCore.Server.IISIntegration.dll 10.0.8 at C:\Program Files\dotnet\packs\Microsoft.AspNetCore.App.Ref\10.0.8\ref\net10.0\Microsoft.AspNetCore.Server.IISIntegration.dll
  - Microsoft.AspNetCore.Server.Kestrel.Core.dll 10.0.8 at C:\Program Files\dotnet\packs\Microsoft.AspNetCore.App.Ref\10.0.8\ref\net10.0\Microsoft.AspNetCore.Server.Kestrel.Core.dll
  - Microsoft.AspNetCore.Server.Kestrel.dll 10.0.8 at C:\Program Files\dotnet\packs\Microsoft.AspNetCore.App.Ref\10.0.8\ref\net10.0\Microsoft.AspNetCore.Server.Kestrel.dll
  - Microsoft.AspNetCore.Server.Kestrel.Transport.NamedPipes.dll 10.0.8 at C:\Program Files\dotnet\packs\Microsoft.AspNetCore.App.Ref\10.0.8\ref\net10.0\Microsoft.AspNetCore.Server.Kestrel.Transport.NamedPipes.dll
  - Microsoft.AspNetCore.Server.Kestrel.Transport.Quic.dll 10.0.8 at C:\Program Files\dotnet\packs\Microsoft.AspNetCore.App.Ref\10.0.8\ref\net10.0\Microsoft.AspNetCore.Server.Kestrel.Transport.Quic.dll
  - Microsoft.AspNetCore.Server.Kestrel.Transport.Sockets.dll 10.0.8 at C:\Program Files\dotnet\packs\Microsoft.AspNetCore.App.Ref\10.0.8\ref\net10.0\Microsoft.AspNetCore.Server.Kestrel.Transport.Sockets.dll
  - Microsoft.AspNetCore.Session.dll 10.0.8 at C:\Program Files\dotnet\packs\Microsoft.AspNetCore.App.Ref\10.0.8\ref\net10.0\Microsoft.AspNetCore.Session.dll
  - Microsoft.AspNetCore.SignalR.Common.dll 10.0.8 at C:\Program Files\dotnet\packs\Microsoft.AspNetCore.App.Ref\10.0.8\ref\net10.0\Microsoft.AspNetCore.SignalR.Common.dll
  - Microsoft.AspNetCore.SignalR.Core.dll 10.0.8 at C:\Program Files\dotnet\packs\Microsoft.AspNetCore.App.Ref\10.0.8\ref\net10.0\Microsoft.AspNetCore.SignalR.Core.dll
  - Microsoft.AspNetCore.SignalR.dll 10.0.8 at C:\Program Files\dotnet\packs\Microsoft.AspNetCore.App.Ref\10.0.8\ref\net10.0\Microsoft.AspNetCore.SignalR.dll
  - Microsoft.AspNetCore.SignalR.Protocols.Json.dll 10.0.8 at C:\Program Files\dotnet\packs\Microsoft.AspNetCore.App.Ref\10.0.8\ref\net10.0\Microsoft.AspNetCore.SignalR.Protocols.Json.dll
  - Microsoft.AspNetCore.StaticAssets.dll 10.0.8 at C:\Program Files\dotnet\packs\Microsoft.AspNetCore.App.Ref\10.0.8\ref\net10.0\Microsoft.AspNetCore.StaticAssets.dll
  - Microsoft.AspNetCore.StaticFiles.dll 10.0.8 at C:\Program Files\dotnet\packs\Microsoft.AspNetCore.App.Ref\10.0.8\ref\net10.0\Microsoft.AspNetCore.StaticFiles.dll
  - Microsoft.AspNetCore.WebSockets.dll 10.0.8 at C:\Program Files\dotnet\packs\Microsoft.AspNetCore.App.Ref\10.0.8\ref\net10.0\Microsoft.AspNetCore.WebSockets.dll
  - Microsoft.AspNetCore.WebUtilities.dll 10.0.8 at C:\Program Files\dotnet\packs\Microsoft.AspNetCore.App.Ref\10.0.8\ref\net10.0\Microsoft.AspNetCore.WebUtilities.dll
  - Microsoft.CSharp.dll 10.0.8 at C:\Program Files\dotnet\packs\Microsoft.NETCore.App.Ref\10.0.8\ref\net10.0\Microsoft.CSharp.dll
  - Microsoft.Extensions.AI.Abstractions.dll 10.4.0 at C:\Users\tddkhanh\.nuget\packages\microsoft.extensions.ai.abstractions\10.4.0\lib\net10.0\Microsoft.Extensions.AI.Abstractions.dll
  - Microsoft.Extensions.AI.dll 10.4.0 at C:\Users\tddkhanh\.nuget\packages\microsoft.extensions.ai\10.4.0\lib\net10.0\Microsoft.Extensions.AI.dll
  - Microsoft.Extensions.Caching.Abstractions.dll 10.0.8 at C:\Program Files\dotnet\packs\Microsoft.AspNetCore.App.Ref\10.0.8\ref\net10.0\Microsoft.Extensions.Caching.Abstractions.dll
  - Microsoft.Extensions.Caching.Memory.dll 10.0.8 at C:\Program Files\dotnet\packs\Microsoft.AspNetCore.App.Ref\10.0.8\ref\net10.0\Microsoft.Extensions.Caching.Memory.dll
  - Microsoft.Extensions.Configuration.Abstractions.dll 10.0.8 at C:\Program Files\dotnet\packs\Microsoft.AspNetCore.App.Ref\10.0.8\ref\net10.0\Microsoft.Extensions.Configuration.Abstractions.dll
  - Microsoft.Extensions.Configuration.Binder.dll 10.0.8 at C:\Program Files\dotnet\packs\Microsoft.AspNetCore.App.Ref\10.0.8\ref\net10.0\Microsoft.Extensions.Configuration.Binder.dll
  - Microsoft.Extensions.Configuration.CommandLine.dll 10.0.8 at C:\Program Files\dotnet\packs\Microsoft.AspNetCore.App.Ref\10.0.8\ref\net10.0\Microsoft.Extensions.Configuration.CommandLine.dll
  - Microsoft.Extensions.Configuration.dll 10.0.8 at C:\Program Files\dotnet\packs\Microsoft.AspNetCore.App.Ref\10.0.8\ref\net10.0\Microsoft.Extensions.Configuration.dll
  - Microsoft.Extensions.Configuration.EnvironmentVariables.dll 10.0.8 at C:\Program Files\dotnet\packs\Microsoft.AspNetCore.App.Ref\10.0.8\ref\net10.0\Microsoft.Extensions.Configuration.EnvironmentVariables.dll
  - Microsoft.Extensions.Configuration.FileExtensions.dll 10.0.8 at C:\Program Files\dotnet\packs\Microsoft.AspNetCore.App.Ref\10.0.8\ref\net10.0\Microsoft.Extensions.Configuration.FileExtensions.dll
  - Microsoft.Extensions.Configuration.Ini.dll 10.0.8 at C:\Program Files\dotnet\packs\Microsoft.AspNetCore.App.Ref\10.0.8\ref\net10.0\Microsoft.Extensions.Configuration.Ini.dll
  - Microsoft.Extensions.Configuration.Json.dll 10.0.8 at C:\Program Files\dotnet\packs\Microsoft.AspNetCore.App.Ref\10.0.8\ref\net10.0\Microsoft.Extensions.Configuration.Json.dll
  - Microsoft.Extensions.Configuration.KeyPerFile.dll 10.0.8 at C:\Program Files\dotnet\packs\Microsoft.AspNetCore.App.Ref\10.0.8\ref\net10.0\Microsoft.Extensions.Configuration.KeyPerFile.dll
  - Microsoft.Extensions.Configuration.UserSecrets.dll 10.0.8 at C:\Program Files\dotnet\packs\Microsoft.AspNetCore.App.Ref\10.0.8\ref\net10.0\Microsoft.Extensions.Configuration.UserSecrets.dll
  - Microsoft.Extensions.Configuration.Xml.dll 10.0.8 at C:\Program Files\dotnet\packs\Microsoft.AspNetCore.App.Ref\10.0.8\ref\net10.0\Microsoft.Extensions.Configuration.Xml.dll
  - Microsoft.Extensions.DependencyInjection.Abstractions.dll 10.0.8 at C:\Program Files\dotnet\packs\Microsoft.AspNetCore.App.Ref\10.0.8\ref\net10.0\Microsoft.Extensions.DependencyInjection.Abstractions.dll
  - Microsoft.Extensions.DependencyInjection.dll 10.0.8 at C:\Program Files\dotnet\packs\Microsoft.AspNetCore.App.Ref\10.0.8\ref\net10.0\Microsoft.Extensions.DependencyInjection.dll
  - Microsoft.Extensions.Diagnostics.Abstractions.dll 10.0.8 at C:\Program Files\dotnet\packs\Microsoft.AspNetCore.App.Ref\10.0.8\ref\net10.0\Microsoft.Extensions.Diagnostics.Abstractions.dll
  - Microsoft.Extensions.Diagnostics.dll 10.0.8 at C:\Program Files\dotnet\packs\Microsoft.AspNetCore.App.Ref\10.0.8\ref\net10.0\Microsoft.Extensions.Diagnostics.dll
  - Microsoft.Extensions.Diagnostics.HealthChecks.Abstractions.dll 10.0.8 at C:\Program Files\dotnet\packs\Microsoft.AspNetCore.App.Ref\10.0.8\ref\net10.0\Microsoft.Extensions.Diagnostics.HealthChecks.Abstractions.dll
  - Microsoft.Extensions.Diagnostics.HealthChecks.dll 10.0.8 at C:\Program Files\dotnet\packs\Microsoft.AspNetCore.App.Ref\10.0.8\ref\net10.0\Microsoft.Extensions.Diagnostics.HealthChecks.dll
  - Microsoft.Extensions.Features.dll 10.0.8 at C:\Program Files\dotnet\packs\Microsoft.AspNetCore.App.Ref\10.0.8\ref\net10.0\Microsoft.Extensions.Features.dll
  - Microsoft.Extensions.FileProviders.Abstractions.dll 10.0.8 at C:\Program Files\dotnet\packs\Microsoft.AspNetCore.App.Ref\10.0.8\ref\net10.0\Microsoft.Extensions.FileProviders.Abstractions.dll
  - Microsoft.Extensions.FileProviders.Composite.dll 10.0.8 at C:\Program Files\dotnet\packs\Microsoft.AspNetCore.App.Ref\10.0.8\ref\net10.0\Microsoft.Extensions.FileProviders.Composite.dll
  - Microsoft.Extensions.FileProviders.Embedded.dll 10.0.8 at C:\Program Files\dotnet\packs\Microsoft.AspNetCore.App.Ref\10.0.8\ref\net10.0\Microsoft.Extensions.FileProviders.Embedded.dll
  - Microsoft.Extensions.FileProviders.Physical.dll 10.0.8 at C:\Program Files\dotnet\packs\Microsoft.AspNetCore.App.Ref\10.0.8\ref\net10.0\Microsoft.Extensions.FileProviders.Physical.dll
  - Microsoft.Extensions.FileSystemGlobbing.dll 10.0.8 at C:\Program Files\dotnet\packs\Microsoft.AspNetCore.App.Ref\10.0.8\ref\net10.0\Microsoft.Extensions.FileSystemGlobbing.dll
  - Microsoft.Extensions.Hosting.Abstractions.dll 10.0.8 at C:\Program Files\dotnet\packs\Microsoft.AspNetCore.App.Ref\10.0.8\ref\net10.0\Microsoft.Extensions.Hosting.Abstractions.dll
  - Microsoft.Extensions.Hosting.dll 10.0.8 at C:\Program Files\dotnet\packs\Microsoft.AspNetCore.App.Ref\10.0.8\ref\net10.0\Microsoft.Extensions.Hosting.dll
  - Microsoft.Extensions.Http.dll 10.0.8 at C:\Program Files\dotnet\packs\Microsoft.AspNetCore.App.Ref\10.0.8\ref\net10.0\Microsoft.Extensions.Http.dll
  - Microsoft.Extensions.Identity.Core.dll 10.0.8 at C:\Program Files\dotnet\packs\Microsoft.AspNetCore.App.Ref\10.0.8\ref\net10.0\Microsoft.Extensions.Identity.Core.dll
  - Microsoft.Extensions.Identity.Stores.dll 10.0.8 at C:\Program Files\dotnet\packs\Microsoft.AspNetCore.App.Ref\10.0.8\ref\net10.0\Microsoft.Extensions.Identity.Stores.dll
  - Microsoft.Extensions.Localization.Abstractions.dll 10.0.8 at C:\Program Files\dotnet\packs\Microsoft.AspNetCore.App.Ref\10.0.8\ref\net10.0\Microsoft.Extensions.Localization.Abstractions.dll
  - Microsoft.Extensions.Localization.dll 10.0.8 at C:\Program Files\dotnet\packs\Microsoft.AspNetCore.App.Ref\10.0.8\ref\net10.0\Microsoft.Extensions.Localization.dll
  - Microsoft.Extensions.Logging.Abstractions.dll 10.0.8 at C:\Program Files\dotnet\packs\Microsoft.AspNetCore.App.Ref\10.0.8\ref\net10.0\Microsoft.Extensions.Logging.Abstractions.dll
  - Microsoft.Extensions.Logging.Configuration.dll 10.0.8 at C:\Program Files\dotnet\packs\Microsoft.AspNetCore.App.Ref\10.0.8\ref\net10.0\Microsoft.Extensions.Logging.Configuration.dll
  - Microsoft.Extensions.Logging.Console.dll 10.0.8 at C:\Program Files\dotnet\packs\Microsoft.AspNetCore.App.Ref\10.0.8\ref\net10.0\Microsoft.Extensions.Logging.Console.dll
  - Microsoft.Extensions.Logging.Debug.dll 10.0.8 at C:\Program Files\dotnet\packs\Microsoft.AspNetCore.App.Ref\10.0.8\ref\net10.0\Microsoft.Extensions.Logging.Debug.dll
  - Microsoft.Extensions.Logging.dll 10.0.8 at C:\Program Files\dotnet\packs\Microsoft.AspNetCore.App.Ref\10.0.8\ref\net10.0\Microsoft.Extensions.Logging.dll
  - Microsoft.Extensions.Logging.EventLog.dll 10.0.8 at C:\Program Files\dotnet\packs\Microsoft.AspNetCore.App.Ref\10.0.8\ref\net10.0\Microsoft.Extensions.Logging.EventLog.dll
  - Microsoft.Extensions.Logging.EventSource.dll 10.0.8 at C:\Program Files\dotnet\packs\Microsoft.AspNetCore.App.Ref\10.0.8\ref\net10.0\Microsoft.Extensions.Logging.EventSource.dll
  - Microsoft.Extensions.Logging.TraceSource.dll 10.0.8 at C:\Program Files\dotnet\packs\Microsoft.AspNetCore.App.Ref\10.0.8\ref\net10.0\Microsoft.Extensions.Logging.TraceSource.dll
  - Microsoft.Extensions.ObjectPool.dll 10.0.8 at C:\Program Files\dotnet\packs\Microsoft.AspNetCore.App.Ref\10.0.8\ref\net10.0\Microsoft.Extensions.ObjectPool.dll
  - Microsoft.Extensions.Options.ConfigurationExtensions.dll 10.0.8 at C:\Program Files\dotnet\packs\Microsoft.AspNetCore.App.Ref\10.0.8\ref\net10.0\Microsoft.Extensions.Options.ConfigurationExtensions.dll
  - Microsoft.Extensions.Options.DataAnnotations.dll 10.0.8 at C:\Program Files\dotnet\packs\Microsoft.AspNetCore.App.Ref\10.0.8\ref\net10.0\Microsoft.Extensions.Options.DataAnnotations.dll
  - Microsoft.Extensions.Options.dll 10.0.8 at C:\Program Files\dotnet\packs\Microsoft.AspNetCore.App.Ref\10.0.8\ref\net10.0\Microsoft.Extensions.Options.dll
  - Microsoft.Extensions.Primitives.dll 10.0.8 at C:\Program Files\dotnet\packs\Microsoft.AspNetCore.App.Ref\10.0.8\ref\net10.0\Microsoft.Extensions.Primitives.dll
  - Microsoft.Extensions.Validation.dll 10.0.8 at C:\Program Files\dotnet\packs\Microsoft.AspNetCore.App.Ref\10.0.8\ref\net10.0\Microsoft.Extensions.Validation.dll
  - Microsoft.Extensions.WebEncoders.dll 10.0.8 at C:\Program Files\dotnet\packs\Microsoft.AspNetCore.App.Ref\10.0.8\ref\net10.0\Microsoft.Extensions.WebEncoders.dll
  - Microsoft.JSInterop.dll 10.0.8 at C:\Program Files\dotnet\packs\Microsoft.AspNetCore.App.Ref\10.0.8\ref\net10.0\Microsoft.JSInterop.dll
  - Microsoft.Net.Http.Headers.dll 10.0.8 at C:\Program Files\dotnet\packs\Microsoft.AspNetCore.App.Ref\10.0.8\ref\net10.0\Microsoft.Net.Http.Headers.dll
  - Microsoft.VisualBasic.Core.dll 10.0.8 at C:\Program Files\dotnet\packs\Microsoft.NETCore.App.Ref\10.0.8\ref\net10.0\Microsoft.VisualBasic.Core.dll
  - Microsoft.VisualBasic.dll 10.0.8 at C:\Program Files\dotnet\packs\Microsoft.NETCore.App.Ref\10.0.8\ref\net10.0\Microsoft.VisualBasic.dll
  - Microsoft.Win32.Primitives.dll 10.0.8 at C:\Program Files\dotnet\packs\Microsoft.NETCore.App.Ref\10.0.8\ref\net10.0\Microsoft.Win32.Primitives.dll
  - Microsoft.Win32.Registry.dll 10.0.8 at C:\Program Files\dotnet\packs\Microsoft.NETCore.App.Ref\10.0.8\ref\net10.0\Microsoft.Win32.Registry.dll
  - mscorlib.dll 10.0.8 at C:\Program Files\dotnet\packs\Microsoft.NETCore.App.Ref\10.0.8\ref\net10.0\mscorlib.dll
  - netstandard.dll 10.0.8 at C:\Program Files\dotnet\packs\Microsoft.NETCore.App.Ref\10.0.8\ref\net10.0\netstandard.dll
  - System.AppContext.dll 10.0.8 at C:\Program Files\dotnet\packs\Microsoft.NETCore.App.Ref\10.0.8\ref\net10.0\System.AppContext.dll
  - System.Buffers.dll 10.0.8 at C:\Program Files\dotnet\packs\Microsoft.NETCore.App.Ref\10.0.8\ref\net10.0\System.Buffers.dll
  - System.Collections.Concurrent.dll 10.0.8 at C:\Program Files\dotnet\packs\Microsoft.NETCore.App.Ref\10.0.8\ref\net10.0\System.Collections.Concurrent.dll
  - System.Collections.dll 10.0.8 at C:\Program Files\dotnet\packs\Microsoft.NETCore.App.Ref\10.0.8\ref\net10.0\System.Collections.dll
  - System.Collections.Immutable.dll 10.0.8 at C:\Program Files\dotnet\packs\Microsoft.NETCore.App.Ref\10.0.8\ref\net10.0\System.Collections.Immutable.dll
  - System.Collections.NonGeneric.dll 10.0.8 at C:\Program Files\dotnet\packs\Microsoft.NETCore.App.Ref\10.0.8\ref\net10.0\System.Collections.NonGeneric.dll
  - System.Collections.Specialized.dll 10.0.8 at C:\Program Files\dotnet\packs\Microsoft.NETCore.App.Ref\10.0.8\ref\net10.0\System.Collections.Specialized.dll
  - System.ComponentModel.Annotations.dll 10.0.8 at C:\Program Files\dotnet\packs\Microsoft.NETCore.App.Ref\10.0.8\ref\net10.0\System.ComponentModel.Annotations.dll
  - System.ComponentModel.DataAnnotations.dll 10.0.8 at C:\Program Files\dotnet\packs\Microsoft.NETCore.App.Ref\10.0.8\ref\net10.0\System.ComponentModel.DataAnnotations.dll
  - System.ComponentModel.dll 10.0.8 at C:\Program Files\dotnet\packs\Microsoft.NETCore.App.Ref\10.0.8\ref\net10.0\System.ComponentModel.dll
  - System.ComponentModel.EventBasedAsync.dll 10.0.8 at C:\Program Files\dotnet\packs\Microsoft.NETCore.App.Ref\10.0.8\ref\net10.0\System.ComponentModel.EventBasedAsync.dll
  - System.ComponentModel.Primitives.dll 10.0.8 at C:\Program Files\dotnet\packs\Microsoft.NETCore.App.Ref\10.0.8\ref\net10.0\System.ComponentModel.Primitives.dll
  - System.ComponentModel.TypeConverter.dll 10.0.8 at C:\Program Files\dotnet\packs\Microsoft.NETCore.App.Ref\10.0.8\ref\net10.0\System.ComponentModel.TypeConverter.dll
  - System.Configuration.dll 10.0.8 at C:\Program Files\dotnet\packs\Microsoft.NETCore.App.Ref\10.0.8\ref\net10.0\System.Configuration.dll
  - System.Console.dll 10.0.8 at C:\Program Files\dotnet\packs\Microsoft.NETCore.App.Ref\10.0.8\ref\net10.0\System.Console.dll
  - System.Core.dll 10.0.8 at C:\Program Files\dotnet\packs\Microsoft.NETCore.App.Ref\10.0.8\ref\net10.0\System.Core.dll
  - System.Data.Common.dll 10.0.8 at C:\Program Files\dotnet\packs\Microsoft.NETCore.App.Ref\10.0.8\ref\net10.0\System.Data.Common.dll
  - System.Data.DataSetExtensions.dll 10.0.8 at C:\Program Files\dotnet\packs\Microsoft.NETCore.App.Ref\10.0.8\ref\net10.0\System.Data.DataSetExtensions.dll
  - System.Data.dll 10.0.8 at C:\Program Files\dotnet\packs\Microsoft.NETCore.App.Ref\10.0.8\ref\net10.0\System.Data.dll
  - System.Diagnostics.Contracts.dll 10.0.8 at C:\Program Files\dotnet\packs\Microsoft.NETCore.App.Ref\10.0.8\ref\net10.0\System.Diagnostics.Contracts.dll
  - System.Diagnostics.Debug.dll 10.0.8 at C:\Program Files\dotnet\packs\Microsoft.NETCore.App.Ref\10.0.8\ref\net10.0\System.Diagnostics.Debug.dll
  - System.Diagnostics.DiagnosticSource.dll 10.0.8 at C:\Program Files\dotnet\packs\Microsoft.NETCore.App.Ref\10.0.8\ref\net10.0\System.Diagnostics.DiagnosticSource.dll
  - System.Diagnostics.EventLog.dll 10.0.8 at C:\Program Files\dotnet\packs\Microsoft.AspNetCore.App.Ref\10.0.8\ref\net10.0\System.Diagnostics.EventLog.dll
  - System.Diagnostics.FileVersionInfo.dll 10.0.8 at C:\Program Files\dotnet\packs\Microsoft.NETCore.App.Ref\10.0.8\ref\net10.0\System.Diagnostics.FileVersionInfo.dll
  - System.Diagnostics.Process.dll 10.0.8 at C:\Program Files\dotnet\packs\Microsoft.NETCore.App.Ref\10.0.8\ref\net10.0\System.Diagnostics.Process.dll
  - System.Diagnostics.StackTrace.dll 10.0.8 at C:\Program Files\dotnet\packs\Microsoft.NETCore.App.Ref\10.0.8\ref\net10.0\System.Diagnostics.StackTrace.dll
  - System.Diagnostics.TextWriterTraceListener.dll 10.0.8 at C:\Program Files\dotnet\packs\Microsoft.NETCore.App.Ref\10.0.8\ref\net10.0\System.Diagnostics.TextWriterTraceListener.dll
  - System.Diagnostics.Tools.dll 10.0.8 at C:\Program Files\dotnet\packs\Microsoft.NETCore.App.Ref\10.0.8\ref\net10.0\System.Diagnostics.Tools.dll
  - System.Diagnostics.TraceSource.dll 10.0.8 at C:\Program Files\dotnet\packs\Microsoft.NETCore.App.Ref\10.0.8\ref\net10.0\System.Diagnostics.TraceSource.dll
  - System.Diagnostics.Tracing.dll 10.0.8 at C:\Program Files\dotnet\packs\Microsoft.NETCore.App.Ref\10.0.8\ref\net10.0\System.Diagnostics.Tracing.dll
  - System.dll 10.0.8 at C:\Program Files\dotnet\packs\Microsoft.NETCore.App.Ref\10.0.8\ref\net10.0\System.dll
  - System.Drawing.dll 10.0.8 at C:\Program Files\dotnet\packs\Microsoft.NETCore.App.Ref\10.0.8\ref\net10.0\System.Drawing.dll
  - System.Drawing.Primitives.dll 10.0.8 at C:\Program Files\dotnet\packs\Microsoft.NETCore.App.Ref\10.0.8\ref\net10.0\System.Drawing.Primitives.dll
  - System.Dynamic.Runtime.dll 10.0.8 at C:\Program Files\dotnet\packs\Microsoft.NETCore.App.Ref\10.0.8\ref\net10.0\System.Dynamic.Runtime.dll
  - System.Formats.Asn1.dll 10.0.8 at C:\Program Files\dotnet\packs\Microsoft.NETCore.App.Ref\10.0.8\ref\net10.0\System.Formats.Asn1.dll
  - System.Formats.Cbor.dll 10.0.8 at C:\Program Files\dotnet\packs\Microsoft.AspNetCore.App.Ref\10.0.8\ref\net10.0\System.Formats.Cbor.dll
  - System.Formats.Tar.dll 10.0.8 at C:\Program Files\dotnet\packs\Microsoft.NETCore.App.Ref\10.0.8\ref\net10.0\System.Formats.Tar.dll
  - System.Globalization.Calendars.dll 10.0.8 at C:\Program Files\dotnet\packs\Microsoft.NETCore.App.Ref\10.0.8\ref\net10.0\System.Globalization.Calendars.dll
  - System.Globalization.dll 10.0.8 at C:\Program Files\dotnet\packs\Microsoft.NETCore.App.Ref\10.0.8\ref\net10.0\System.Globalization.dll
  - System.Globalization.Extensions.dll 10.0.8 at C:\Program Files\dotnet\packs\Microsoft.NETCore.App.Ref\10.0.8\ref\net10.0\System.Globalization.Extensions.dll
  - System.IO.Compression.Brotli.dll 10.0.8 at C:\Program Files\dotnet\packs\Microsoft.NETCore.App.Ref\10.0.8\ref\net10.0\System.IO.Compression.Brotli.dll
  - System.IO.Compression.dll 10.0.8 at C:\Program Files\dotnet\packs\Microsoft.NETCore.App.Ref\10.0.8\ref\net10.0\System.IO.Compression.dll
  - System.IO.Compression.FileSystem.dll 10.0.8 at C:\Program Files\dotnet\packs\Microsoft.NETCore.App.Ref\10.0.8\ref\net10.0\System.IO.Compression.FileSystem.dll
  - System.IO.Compression.ZipFile.dll 10.0.8 at C:\Program Files\dotnet\packs\Microsoft.NETCore.App.Ref\10.0.8\ref\net10.0\System.IO.Compression.ZipFile.dll
  - System.IO.dll 10.0.8 at C:\Program Files\dotnet\packs\Microsoft.NETCore.App.Ref\10.0.8\ref\net10.0\System.IO.dll
  - System.IO.FileSystem.AccessControl.dll 10.0.8 at C:\Program Files\dotnet\packs\Microsoft.NETCore.App.Ref\10.0.8\ref\net10.0\System.IO.FileSystem.AccessControl.dll
  - System.IO.FileSystem.dll 10.0.8 at C:\Program Files\dotnet\packs\Microsoft.NETCore.App.Ref\10.0.8\ref\net10.0\System.IO.FileSystem.dll
  - System.IO.FileSystem.DriveInfo.dll 10.0.8 at C:\Program Files\dotnet\packs\Microsoft.NETCore.App.Ref\10.0.8\ref\net10.0\System.IO.FileSystem.DriveInfo.dll
  - System.IO.FileSystem.Primitives.dll 10.0.8 at C:\Program Files\dotnet\packs\Microsoft.NETCore.App.Ref\10.0.8\ref\net10.0\System.IO.FileSystem.Primitives.dll
  - System.IO.FileSystem.Watcher.dll 10.0.8 at C:\Program Files\dotnet\packs\Microsoft.NETCore.App.Ref\10.0.8\ref\net10.0\System.IO.FileSystem.Watcher.dll
  - System.IO.IsolatedStorage.dll 10.0.8 at C:\Program Files\dotnet\packs\Microsoft.NETCore.App.Ref\10.0.8\ref\net10.0\System.IO.IsolatedStorage.dll
  - System.IO.MemoryMappedFiles.dll 10.0.8 at C:\Program Files\dotnet\packs\Microsoft.NETCore.App.Ref\10.0.8\ref\net10.0\System.IO.MemoryMappedFiles.dll
  - System.IO.Pipelines.dll 10.0.8 at C:\Program Files\dotnet\packs\Microsoft.NETCore.App.Ref\10.0.8\ref\net10.0\System.IO.Pipelines.dll
  - System.IO.Pipes.AccessControl.dll 10.0.8 at C:\Program Files\dotnet\packs\Microsoft.NETCore.App.Ref\10.0.8\ref\net10.0\System.IO.Pipes.AccessControl.dll
  - System.IO.Pipes.dll 10.0.8 at C:\Program Files\dotnet\packs\Microsoft.NETCore.App.Ref\10.0.8\ref\net10.0\System.IO.Pipes.dll
  - System.IO.UnmanagedMemoryStream.dll 10.0.8 at C:\Program Files\dotnet\packs\Microsoft.NETCore.App.Ref\10.0.8\ref\net10.0\System.IO.UnmanagedMemoryStream.dll
  - System.Linq.AsyncEnumerable.dll 10.0.8 at C:\Program Files\dotnet\packs\Microsoft.NETCore.App.Ref\10.0.8\ref\net10.0\System.Linq.AsyncEnumerable.dll
  - System.Linq.dll 10.0.8 at C:\Program Files\dotnet\packs\Microsoft.NETCore.App.Ref\10.0.8\ref\net10.0\System.Linq.dll
  - System.Linq.Expressions.dll 10.0.8 at C:\Program Files\dotnet\packs\Microsoft.NETCore.App.Ref\10.0.8\ref\net10.0\System.Linq.Expressions.dll
  - System.Linq.Parallel.dll 10.0.8 at C:\Program Files\dotnet\packs\Microsoft.NETCore.App.Ref\10.0.8\ref\net10.0\System.Linq.Parallel.dll
  - System.Linq.Queryable.dll 10.0.8 at C:\Program Files\dotnet\packs\Microsoft.NETCore.App.Ref\10.0.8\ref\net10.0\System.Linq.Queryable.dll
  - System.Memory.dll 10.0.8 at C:\Program Files\dotnet\packs\Microsoft.NETCore.App.Ref\10.0.8\ref\net10.0\System.Memory.dll
  - System.Net.dll 10.0.8 at C:\Program Files\dotnet\packs\Microsoft.NETCore.App.Ref\10.0.8\ref\net10.0\System.Net.dll
  - System.Net.Http.dll 10.0.8 at C:\Program Files\dotnet\packs\Microsoft.NETCore.App.Ref\10.0.8\ref\net10.0\System.Net.Http.dll
  - System.Net.Http.Json.dll 10.0.8 at C:\Program Files\dotnet\packs\Microsoft.NETCore.App.Ref\10.0.8\ref\net10.0\System.Net.Http.Json.dll
  - System.Net.HttpListener.dll 10.0.8 at C:\Program Files\dotnet\packs\Microsoft.NETCore.App.Ref\10.0.8\ref\net10.0\System.Net.HttpListener.dll
  - System.Net.Mail.dll 10.0.8 at C:\Program Files\dotnet\packs\Microsoft.NETCore.App.Ref\10.0.8\ref\net10.0\System.Net.Mail.dll
  - System.Net.NameResolution.dll 10.0.8 at C:\Program Files\dotnet\packs\Microsoft.NETCore.App.Ref\10.0.8\ref\net10.0\System.Net.NameResolution.dll
  - System.Net.NetworkInformation.dll 10.0.8 at C:\Program Files\dotnet\packs\Microsoft.NETCore.App.Ref\10.0.8\ref\net10.0\System.Net.NetworkInformation.dll
  - System.Net.Ping.dll 10.0.8 at C:\Program Files\dotnet\packs\Microsoft.NETCore.App.Ref\10.0.8\ref\net10.0\System.Net.Ping.dll
  - System.Net.Primitives.dll 10.0.8 at C:\Program Files\dotnet\packs\Microsoft.NETCore.App.Ref\10.0.8\ref\net10.0\System.Net.Primitives.dll
  - System.Net.Quic.dll 10.0.8 at C:\Program Files\dotnet\packs\Microsoft.NETCore.App.Ref\10.0.8\ref\net10.0\System.Net.Quic.dll
  - System.Net.Requests.dll 10.0.8 at C:\Program Files\dotnet\packs\Microsoft.NETCore.App.Ref\10.0.8\ref\net10.0\System.Net.Requests.dll
  - System.Net.Security.dll 10.0.8 at C:\Program Files\dotnet\packs\Microsoft.NETCore.App.Ref\10.0.8\ref\net10.0\System.Net.Security.dll
  - System.Net.ServerSentEvents.dll 10.0.8 at C:\Program Files\dotnet\packs\Microsoft.NETCore.App.Ref\10.0.8\ref\net10.0\System.Net.ServerSentEvents.dll
  - System.Net.ServicePoint.dll 10.0.8 at C:\Program Files\dotnet\packs\Microsoft.NETCore.App.Ref\10.0.8\ref\net10.0\System.Net.ServicePoint.dll
  - System.Net.Sockets.dll 10.0.8 at C:\Program Files\dotnet\packs\Microsoft.NETCore.App.Ref\10.0.8\ref\net10.0\System.Net.Sockets.dll
  - System.Net.WebClient.dll 10.0.8 at C:\Program Files\dotnet\packs\Microsoft.NETCore.App.Ref\10.0.8\ref\net10.0\System.Net.WebClient.dll
  - System.Net.WebHeaderCollection.dll 10.0.8 at C:\Program Files\dotnet\packs\Microsoft.NETCore.App.Ref\10.0.8\ref\net10.0\System.Net.WebHeaderCollection.dll
  - System.Net.WebProxy.dll 10.0.8 at C:\Program Files\dotnet\packs\Microsoft.NETCore.App.Ref\10.0.8\ref\net10.0\System.Net.WebProxy.dll
  - System.Net.WebSockets.Client.dll 10.0.8 at C:\Program Files\dotnet\packs\Microsoft.NETCore.App.Ref\10.0.8\ref\net10.0\System.Net.WebSockets.Client.dll
  - System.Net.WebSockets.dll 10.0.8 at C:\Program Files\dotnet\packs\Microsoft.NETCore.App.Ref\10.0.8\ref\net10.0\System.Net.WebSockets.dll
  - System.Numerics.dll 10.0.8 at C:\Program Files\dotnet\packs\Microsoft.NETCore.App.Ref\10.0.8\ref\net10.0\System.Numerics.dll
  - System.Numerics.Tensors.dll 10.0.4 at C:\Users\tddkhanh\.nuget\packages\system.numerics.tensors\10.0.4\lib\net10.0\System.Numerics.Tensors.dll
  - System.Numerics.Vectors.dll 10.0.8 at C:\Program Files\dotnet\packs\Microsoft.NETCore.App.Ref\10.0.8\ref\net10.0\System.Numerics.Vectors.dll
  - System.ObjectModel.dll 10.0.8 at C:\Program Files\dotnet\packs\Microsoft.NETCore.App.Ref\10.0.8\ref\net10.0\System.ObjectModel.dll
  - System.Reflection.DispatchProxy.dll 10.0.8 at C:\Program Files\dotnet\packs\Microsoft.NETCore.App.Ref\10.0.8\ref\net10.0\System.Reflection.DispatchProxy.dll
  - System.Reflection.dll 10.0.8 at C:\Program Files\dotnet\packs\Microsoft.NETCore.App.Ref\10.0.8\ref\net10.0\System.Reflection.dll
  - System.Reflection.Emit.dll 10.0.8 at C:\Program Files\dotnet\packs\Microsoft.NETCore.App.Ref\10.0.8\ref\net10.0\System.Reflection.Emit.dll
  - System.Reflection.Emit.ILGeneration.dll 10.0.8 at C:\Program Files\dotnet\packs\Microsoft.NETCore.App.Ref\10.0.8\ref\net10.0\System.Reflection.Emit.ILGeneration.dll
  - System.Reflection.Emit.Lightweight.dll 10.0.8 at C:\Program Files\dotnet\packs\Microsoft.NETCore.App.Ref\10.0.8\ref\net10.0\System.Reflection.Emit.Lightweight.dll
  - System.Reflection.Extensions.dll 10.0.8 at C:\Program Files\dotnet\packs\Microsoft.NETCore.App.Ref\10.0.8\ref\net10.0\System.Reflection.Extensions.dll
  - System.Reflection.Metadata.dll 10.0.8 at C:\Program Files\dotnet\packs\Microsoft.NETCore.App.Ref\10.0.8\ref\net10.0\System.Reflection.Metadata.dll
  - System.Reflection.Primitives.dll 10.0.8 at C:\Program Files\dotnet\packs\Microsoft.NETCore.App.Ref\10.0.8\ref\net10.0\System.Reflection.Primitives.dll
  - System.Reflection.TypeExtensions.dll 10.0.8 at C:\Program Files\dotnet\packs\Microsoft.NETCore.App.Ref\10.0.8\ref\net10.0\System.Reflection.TypeExtensions.dll
  - System.Resources.Reader.dll 10.0.8 at C:\Program Files\dotnet\packs\Microsoft.NETCore.App.Ref\10.0.8\ref\net10.0\System.Resources.Reader.dll
  - System.Resources.ResourceManager.dll 10.0.8 at C:\Program Files\dotnet\packs\Microsoft.NETCore.App.Ref\10.0.8\ref\net10.0\System.Resources.ResourceManager.dll
  - System.Resources.Writer.dll 10.0.8 at C:\Program Files\dotnet\packs\Microsoft.NETCore.App.Ref\10.0.8\ref\net10.0\System.Resources.Writer.dll
  - System.Runtime.CompilerServices.Unsafe.dll 10.0.8 at C:\Program Files\dotnet\packs\Microsoft.NETCore.App.Ref\10.0.8\ref\net10.0\System.Runtime.CompilerServices.Unsafe.dll
  - System.Runtime.CompilerServices.VisualC.dll 10.0.8 at C:\Program Files\dotnet\packs\Microsoft.NETCore.App.Ref\10.0.8\ref\net10.0\System.Runtime.CompilerServices.VisualC.dll
  - System.Runtime.dll 10.0.8 at C:\Program Files\dotnet\packs\Microsoft.NETCore.App.Ref\10.0.8\ref\net10.0\System.Runtime.dll
  - System.Runtime.Extensions.dll 10.0.8 at C:\Program Files\dotnet\packs\Microsoft.NETCore.App.Ref\10.0.8\ref\net10.0\System.Runtime.Extensions.dll
  - System.Runtime.Handles.dll 10.0.8 at C:\Program Files\dotnet\packs\Microsoft.NETCore.App.Ref\10.0.8\ref\net10.0\System.Runtime.Handles.dll
  - System.Runtime.InteropServices.dll 10.0.8 at C:\Program Files\dotnet\packs\Microsoft.NETCore.App.Ref\10.0.8\ref\net10.0\System.Runtime.InteropServices.dll
  - System.Runtime.InteropServices.JavaScript.dll 10.0.8 at C:\Program Files\dotnet\packs\Microsoft.NETCore.App.Ref\10.0.8\ref\net10.0\System.Runtime.InteropServices.JavaScript.dll
  - System.Runtime.InteropServices.RuntimeInformation.dll 10.0.8 at C:\Program Files\dotnet\packs\Microsoft.NETCore.App.Ref\10.0.8\ref\net10.0\System.Runtime.InteropServices.RuntimeInformation.dll
  - System.Runtime.Intrinsics.dll 10.0.8 at C:\Program Files\dotnet\packs\Microsoft.NETCore.App.Ref\10.0.8\ref\net10.0\System.Runtime.Intrinsics.dll
  - System.Runtime.Loader.dll 10.0.8 at C:\Program Files\dotnet\packs\Microsoft.NETCore.App.Ref\10.0.8\ref\net10.0\System.Runtime.Loader.dll
  - System.Runtime.Numerics.dll 10.0.8 at C:\Program Files\dotnet\packs\Microsoft.NETCore.App.Ref\10.0.8\ref\net10.0\System.Runtime.Numerics.dll
  - System.Runtime.Serialization.dll 10.0.8 at C:\Program Files\dotnet\packs\Microsoft.NETCore.App.Ref\10.0.8\ref\net10.0\System.Runtime.Serialization.dll
  - System.Runtime.Serialization.Formatters.dll 10.0.8 at C:\Program Files\dotnet\packs\Microsoft.NETCore.App.Ref\10.0.8\ref\net10.0\System.Runtime.Serialization.Formatters.dll
  - System.Runtime.Serialization.Json.dll 10.0.8 at C:\Program Files\dotnet\packs\Microsoft.NETCore.App.Ref\10.0.8\ref\net10.0\System.Runtime.Serialization.Json.dll
  - System.Runtime.Serialization.Primitives.dll 10.0.8 at C:\Program Files\dotnet\packs\Microsoft.NETCore.App.Ref\10.0.8\ref\net10.0\System.Runtime.Serialization.Primitives.dll
  - System.Runtime.Serialization.Xml.dll 10.0.8 at C:\Program Files\dotnet\packs\Microsoft.NETCore.App.Ref\10.0.8\ref\net10.0\System.Runtime.Serialization.Xml.dll
  - System.Security.AccessControl.dll 10.0.8 at C:\Program Files\dotnet\packs\Microsoft.NETCore.App.Ref\10.0.8\ref\net10.0\System.Security.AccessControl.dll
  - System.Security.Claims.dll 10.0.8 at C:\Program Files\dotnet\packs\Microsoft.NETCore.App.Ref\10.0.8\ref\net10.0\System.Security.Claims.dll
  - System.Security.Cryptography.Algorithms.dll 10.0.8 at C:\Program Files\dotnet\packs\Microsoft.NETCore.App.Ref\10.0.8\ref\net10.0\System.Security.Cryptography.Algorithms.dll
  - System.Security.Cryptography.Cng.dll 10.0.8 at C:\Program Files\dotnet\packs\Microsoft.NETCore.App.Ref\10.0.8\ref\net10.0\System.Security.Cryptography.Cng.dll
  - System.Security.Cryptography.Csp.dll 10.0.8 at C:\Program Files\dotnet\packs\Microsoft.NETCore.App.Ref\10.0.8\ref\net10.0\System.Security.Cryptography.Csp.dll
  - System.Security.Cryptography.dll 10.0.8 at C:\Program Files\dotnet\packs\Microsoft.NETCore.App.Ref\10.0.8\ref\net10.0\System.Security.Cryptography.dll
  - System.Security.Cryptography.Encoding.dll 10.0.8 at C:\Program Files\dotnet\packs\Microsoft.NETCore.App.Ref\10.0.8\ref\net10.0\System.Security.Cryptography.Encoding.dll
  - System.Security.Cryptography.OpenSsl.dll 10.0.8 at C:\Program Files\dotnet\packs\Microsoft.NETCore.App.Ref\10.0.8\ref\net10.0\System.Security.Cryptography.OpenSsl.dll
  - System.Security.Cryptography.Pkcs.dll 9.0.9 at C:\Users\tddkhanh\.nuget\packages\system.security.cryptography.pkcs\9.0.9\lib\net9.0\System.Security.Cryptography.Pkcs.dll
  - System.Security.Cryptography.Primitives.dll 10.0.8 at C:\Program Files\dotnet\packs\Microsoft.NETCore.App.Ref\10.0.8\ref\net10.0\System.Security.Cryptography.Primitives.dll
  - System.Security.Cryptography.X509Certificates.dll 10.0.8 at C:\Program Files\dotnet\packs\Microsoft.NETCore.App.Ref\10.0.8\ref\net10.0\System.Security.Cryptography.X509Certificates.dll
  - System.Security.Cryptography.Xml.dll 10.0.8 at C:\Program Files\dotnet\packs\Microsoft.AspNetCore.App.Ref\10.0.8\ref\net10.0\System.Security.Cryptography.Xml.dll
  - System.Security.dll 10.0.8 at C:\Program Files\dotnet\packs\Microsoft.NETCore.App.Ref\10.0.8\ref\net10.0\System.Security.dll
  - System.Security.Principal.dll 10.0.8 at C:\Program Files\dotnet\packs\Microsoft.NETCore.App.Ref\10.0.8\ref\net10.0\System.Security.Principal.dll
  - System.Security.Principal.Windows.dll 10.0.8 at C:\Program Files\dotnet\packs\Microsoft.NETCore.App.Ref\10.0.8\ref\net10.0\System.Security.Principal.Windows.dll
  - System.Security.SecureString.dll 10.0.8 at C:\Program Files\dotnet\packs\Microsoft.NETCore.App.Ref\10.0.8\ref\net10.0\System.Security.SecureString.dll
  - System.ServiceModel.Web.dll 10.0.8 at C:\Program Files\dotnet\packs\Microsoft.NETCore.App.Ref\10.0.8\ref\net10.0\System.ServiceModel.Web.dll
  - System.ServiceProcess.dll 10.0.8 at C:\Program Files\dotnet\packs\Microsoft.NETCore.App.Ref\10.0.8\ref\net10.0\System.ServiceProcess.dll
  - System.Text.Encoding.CodePages.dll 10.0.8 at C:\Program Files\dotnet\packs\Microsoft.NETCore.App.Ref\10.0.8\ref\net10.0\System.Text.Encoding.CodePages.dll
  - System.Text.Encoding.dll 10.0.8 at C:\Program Files\dotnet\packs\Microsoft.NETCore.App.Ref\10.0.8\ref\net10.0\System.Text.Encoding.dll
  - System.Text.Encoding.Extensions.dll 10.0.8 at C:\Program Files\dotnet\packs\Microsoft.NETCore.App.Ref\10.0.8\ref\net10.0\System.Text.Encoding.Extensions.dll
  - System.Text.Encodings.Web.dll 10.0.8 at C:\Program Files\dotnet\packs\Microsoft.NETCore.App.Ref\10.0.8\ref\net10.0\System.Text.Encodings.Web.dll
  - System.Text.Json.dll 10.0.8 at C:\Program Files\dotnet\packs\Microsoft.NETCore.App.Ref\10.0.8\ref\net10.0\System.Text.Json.dll
  - System.Text.RegularExpressions.dll 10.0.8 at C:\Program Files\dotnet\packs\Microsoft.NETCore.App.Ref\10.0.8\ref\net10.0\System.Text.RegularExpressions.dll
  - System.Threading.AccessControl.dll 10.0.8 at C:\Program Files\dotnet\packs\Microsoft.NETCore.App.Ref\10.0.8\ref\net10.0\System.Threading.AccessControl.dll
  - System.Threading.Channels.dll 10.0.8 at C:\Program Files\dotnet\packs\Microsoft.NETCore.App.Ref\10.0.8\ref\net10.0\System.Threading.Channels.dll
  - System.Threading.dll 10.0.8 at C:\Program Files\dotnet\packs\Microsoft.NETCore.App.Ref\10.0.8\ref\net10.0\System.Threading.dll
  - System.Threading.Overlapped.dll 10.0.8 at C:\Program Files\dotnet\packs\Microsoft.NETCore.App.Ref\10.0.8\ref\net10.0\System.Threading.Overlapped.dll
  - System.Threading.RateLimiting.dll 10.0.8 at C:\Program Files\dotnet\packs\Microsoft.AspNetCore.App.Ref\10.0.8\ref\net10.0\System.Threading.RateLimiting.dll
  - System.Threading.Tasks.Dataflow.dll 10.0.8 at C:\Program Files\dotnet\packs\Microsoft.NETCore.App.Ref\10.0.8\ref\net10.0\System.Threading.Tasks.Dataflow.dll
  - System.Threading.Tasks.dll 10.0.8 at C:\Program Files\dotnet\packs\Microsoft.NETCore.App.Ref\10.0.8\ref\net10.0\System.Threading.Tasks.dll
  - System.Threading.Tasks.Extensions.dll 10.0.8 at C:\Program Files\dotnet\packs\Microsoft.NETCore.App.Ref\10.0.8\ref\net10.0\System.Threading.Tasks.Extensions.dll
  - System.Threading.Tasks.Parallel.dll 10.0.8 at C:\Program Files\dotnet\packs\Microsoft.NETCore.App.Ref\10.0.8\ref\net10.0\System.Threading.Tasks.Parallel.dll
  - System.Threading.Thread.dll 10.0.8 at C:\Program Files\dotnet\packs\Microsoft.NETCore.App.Ref\10.0.8\ref\net10.0\System.Threading.Thread.dll
  - System.Threading.ThreadPool.dll 10.0.8 at C:\Program Files\dotnet\packs\Microsoft.NETCore.App.Ref\10.0.8\ref\net10.0\System.Threading.ThreadPool.dll
  - System.Threading.Timer.dll 10.0.8 at C:\Program Files\dotnet\packs\Microsoft.NETCore.App.Ref\10.0.8\ref\net10.0\System.Threading.Timer.dll
  - System.Transactions.dll 10.0.8 at C:\Program Files\dotnet\packs\Microsoft.NETCore.App.Ref\10.0.8\ref\net10.0\System.Transactions.dll
  - System.Transactions.Local.dll 10.0.8 at C:\Program Files\dotnet\packs\Microsoft.NETCore.App.Ref\10.0.8\ref\net10.0\System.Transactions.Local.dll
  - System.ValueTuple.dll 10.0.8 at C:\Program Files\dotnet\packs\Microsoft.NETCore.App.Ref\10.0.8\ref\net10.0\System.ValueTuple.dll
  - System.Web.dll 10.0.8 at C:\Program Files\dotnet\packs\Microsoft.NETCore.App.Ref\10.0.8\ref\net10.0\System.Web.dll
  - System.Web.HttpUtility.dll 10.0.8 at C:\Program Files\dotnet\packs\Microsoft.NETCore.App.Ref\10.0.8\ref\net10.0\System.Web.HttpUtility.dll
  - System.Windows.dll 10.0.8 at C:\Program Files\dotnet\packs\Microsoft.NETCore.App.Ref\10.0.8\ref\net10.0\System.Windows.dll
  - System.Xml.dll 10.0.8 at C:\Program Files\dotnet\packs\Microsoft.NETCore.App.Ref\10.0.8\ref\net10.0\System.Xml.dll
  - System.Xml.Linq.dll 10.0.8 at C:\Program Files\dotnet\packs\Microsoft.NETCore.App.Ref\10.0.8\ref\net10.0\System.Xml.Linq.dll
  - System.Xml.ReaderWriter.dll 10.0.8 at C:\Program Files\dotnet\packs\Microsoft.NETCore.App.Ref\10.0.8\ref\net10.0\System.Xml.ReaderWriter.dll
  - System.Xml.Serialization.dll 10.0.8 at C:\Program Files\dotnet\packs\Microsoft.NETCore.App.Ref\10.0.8\ref\net10.0\System.Xml.Serialization.dll
  - System.Xml.XDocument.dll 10.0.8 at C:\Program Files\dotnet\packs\Microsoft.NETCore.App.Ref\10.0.8\ref\net10.0\System.Xml.XDocument.dll
  - System.Xml.XmlDocument.dll 10.0.8 at C:\Program Files\dotnet\packs\Microsoft.NETCore.App.Ref\10.0.8\ref\net10.0\System.Xml.XmlDocument.dll
  - System.Xml.XmlSerializer.dll 10.0.8 at C:\Program Files\dotnet\packs\Microsoft.NETCore.App.Ref\10.0.8\ref\net10.0\System.Xml.XmlSerializer.dll
  - System.Xml.XPath.dll 10.0.8 at C:\Program Files\dotnet\packs\Microsoft.NETCore.App.Ref\10.0.8\ref\net10.0\System.Xml.XPath.dll
  - System.Xml.XPath.XDocument.dll 10.0.8 at C:\Program Files\dotnet\packs\Microsoft.NETCore.App.Ref\10.0.8\ref\net10.0\System.Xml.XPath.XDocument.dll
  - Telerik.AI.SmartComponents.Extensions.dll 2.2.1 at C:\Users\tddkhanh\.nuget\packages\telerik.ai.smartcomponents.extensions\2.2.1\lib\net8.0\Telerik.AI.SmartComponents.Extensions.dll
  - Telerik.Blazor.dll 14.0.0 at C:\Users\tddkhanh\.nuget\packages\telerik.ui.for.blazor\14.0.0\lib\net8.0\Telerik.Blazor.dll
  - Telerik.DataSource.dll 4.1.0 at C:\Users\tddkhanh\.nuget\packages\telerik.datasource\4.1.0\lib\net8.0\Telerik.DataSource.dll
  - Telerik.Documents.Core.dll 2026.2.519 at C:\Users\tddkhanh\.nuget\packages\telerik.documents.core\2026.2.519\lib\netstandard2.0\Telerik.Documents.Core.dll
  - Telerik.Documents.Fixed.dll 2026.2.519 at C:\Users\tddkhanh\.nuget\packages\telerik.documents.fixed\2026.2.519\lib\netstandard2.0\Telerik.Documents.Fixed.dll
  - Telerik.Documents.Spreadsheet.dll 2026.2.519 at C:\Users\tddkhanh\.nuget\packages\telerik.documents.spreadsheet\2026.2.519\lib\netstandard2.0\Telerik.Documents.Spreadsheet.dll
  - Telerik.Documents.Spreadsheet.FormatProviders.Pdf.dll 2026.2.519 at C:\Users\tddkhanh\.nuget\packages\telerik.documents.spreadsheet.formatproviders.pdf\2026.2.519\lib\netstandard2.0\Telerik.Documents.Spreadsheet.FormatProviders.Pdf.dll
  - Telerik.Documents.SpreadsheetStreaming.dll 2026.2.519 at C:\Users\tddkhanh\.nuget\packages\telerik.documents.spreadsheetstreaming\2026.2.519\lib\netstandard2.0\Telerik.Documents.SpreadsheetStreaming.dll
  - Telerik.FontIcons.dll 4.9.2 at C:\Users\tddkhanh\.nuget\packages\telerik.fonticons\4.9.2\lib\netstandard2.0\Telerik.FontIcons.dll
  - Telerik.Licensing.Runtime.dll 1.8.2 at C:\Users\tddkhanh\.nuget\packages\telerik.licensing\1.8.2\lib\net10.0\Telerik.Licensing.Runtime.dll
  - Telerik.Pivot.Core.dll 1.0.0 at C:\Users\tddkhanh\.nuget\packages\telerik.pivot.core\1.0.0\lib\net8.0\Telerik.Pivot.Core.dll
  - Telerik.Pivot.DataProviders.Xmla.dll 1.0.0 at C:\Users\tddkhanh\.nuget\packages\telerik.pivot.dataproviders.xmla\1.0.0\lib\net8.0\Telerik.Pivot.DataProviders.Xmla.dll
  - Telerik.Recurrence.dll 1.0.0 at C:\Users\tddkhanh\.nuget\packages\telerik.recurrence\1.0.0\lib\net8.0\Telerik.Recurrence.dll
  - Telerik.SvgIcons.dll 4.9.2 at C:\Users\tddkhanh\.nuget\packages\telerik.svgicons\4.9.2\lib\netstandard2.0\Telerik.SvgIcons.dll
  - Telerik.Zip.dll 2026.2.519 at C:\Users\tddkhanh\.nuget\packages\telerik.zip\2026.2.519\lib\netstandard2.0\Telerik.Zip.dll
  - WindowsBase.dll 10.0.8 at C:\Program Files\dotnet\packs\Microsoft.NETCore.App.Ref\10.0.8\ref\net10.0\WindowsBase.dll
  MachineId=T67PQYIlb9W6VOVNpg1C57e7U0Q=

[2026-05-29 06:06:13.911] [Low]   Looking for Telerik product metadata in referenced assemblies
      - C:\Users\tddkhanh\.nuget\packages\telerik.ui.for.blazor\14.0.0\lib\net8.0\Telerik.Blazor.dll
        ProductCode: BLAZOR, LicenseDate: 2026-05-20, ProductName: Telerik UI for Blazor, ProductVersion: 14.0.0.0, Flags: None
        Transitive product references:
        - DPL 2026-05-19 (redistributed by: RCWPF;RCWF;MAUI;UIXAM;WINUI;RCAJAX;KENDOUIMVC;UIASPCORE;BLAZOR) Telerik Document Processing Libraries 2026.2.519.20
      - C:\Users\tddkhanh\.nuget\packages\telerik.documents.core\2026.2.519\lib\netstandard2.0\Telerik.Documents.Core.dll
        ProductCode: DPL, LicenseDate: 2026-05-19, Redistributed By: RCWPF, RCWF, MAUI, UIXAM, WINUI, RCAJAX, KENDOUIMVC, UIASPCORE, BLAZOR, ProductName: Telerik Document Processing Libraries, ProductVersion: 2026.2.519.20, Flags: None
      - C:\Users\tddkhanh\.nuget\packages\telerik.documents.fixed\2026.2.519\lib\netstandard2.0\Telerik.Documents.Fixed.dll
        ProductCode: DPL, LicenseDate: 2026-05-19, Redistributed By: RCWPF, RCWF, MAUI, UIXAM, WINUI, RCAJAX, KENDOUIMVC, UIASPCORE, BLAZOR, ProductName: Telerik Document Processing Libraries, ProductVersion: 2026.2.519.20, Flags: None
      - C:\Users\tddkhanh\.nuget\packages\telerik.documents.spreadsheet\2026.2.519\lib\netstandard2.0\Telerik.Documents.Spreadsheet.dll
        ProductCode: DPL, LicenseDate: 2026-05-19, Redistributed By: RCWPF, RCWF, MAUI, UIXAM, WINUI, RCAJAX, KENDOUIMVC, UIASPCORE, BLAZOR, ProductName: Telerik Document Processing Libraries, ProductVersion: 2026.2.519.20, Flags: None
      - C:\Users\tddkhanh\.nuget\packages\telerik.documents.spreadsheet.formatproviders.pdf\2026.2.519\lib\netstandard2.0\Telerik.Documents.Spreadsheet.FormatProviders.Pdf.dll
        ProductCode: DPL, LicenseDate: 2026-05-19, Redistributed By: RCWPF, RCWF, MAUI, UIXAM, WINUI, RCAJAX, KENDOUIMVC, UIASPCORE, BLAZOR, ProductName: Telerik Document Processing Libraries, ProductVersion: 2026.2.519.20, Flags: None
      - C:\Users\tddkhanh\.nuget\packages\telerik.documents.spreadsheetstreaming\2026.2.519\lib\netstandard2.0\Telerik.Documents.SpreadsheetStreaming.dll
        ProductCode: DPL, LicenseDate: 2026-05-19, Redistributed By: RCWPF, RCWF, MAUI, UIXAM, WINUI, RCAJAX, KENDOUIMVC, UIASPCORE, BLAZOR, ProductName: Telerik Document Processing Libraries, ProductVersion: 2026.2.519.20, Flags: None
      - C:\Users\tddkhanh\.nuget\packages\telerik.zip\2026.2.519\lib\netstandard2.0\Telerik.Zip.dll
        ProductCode: DPL, LicenseDate: 2026-05-19, Redistributed By: RCWPF, RCWF, MAUI, UIXAM, WINUI, RCAJAX, KENDOUIMVC, UIASPCORE, BLAZOR, ProductName: Telerik Document Processing Libraries, ProductVersion: 2026.2.519.20, Flags: None
      Unique Products:
      - "Telerik UI for Blazor" (BLAZOR) 14.0.0.0 @2026-05-20
      - "Telerik Document Processing Libraries" (DPL) 2026.2.519.20 @2026-05-19
      Found a total of 2 referenced Telerik products for net10.0

[2026-05-29 06:06:13.927] [Low]   Provision Licensing
        Looking up license file...
        - EnvironmentVariablePath: TELERIK_LICENSE_PATH (NotAvailable)
        - EnvironmentVariable: TELERIK_LICENSE (NotAvailable)
        - EnvironmentVariable: KENDO_UI_LICENSE (NotAvailable)
        - RecursiveFilePath: D:\Code\Blazor\TelerikGrid\TelerikGrid\telerik-license.txt (NotAvailable)
        - RecursiveFilePath: D:\Code\Blazor\TelerikGrid\TelerikGrid\kendo-ui-license.txt (NotAvailable)
        - RecursiveFilePath: D:\Code\Blazor\TelerikGrid\telerik-license.txt (NotAvailable)
        - RecursiveFilePath: D:\Code\Blazor\TelerikGrid\kendo-ui-license.txt (NotAvailable)
        - RecursiveFilePath: D:\Code\Blazor\telerik-license.txt (NotAvailable)
        - RecursiveFilePath: D:\Code\Blazor\kendo-ui-license.txt (NotAvailable)
        - RecursiveFilePath: D:\Code\telerik-license.txt (NotAvailable)
        - RecursiveFilePath: D:\Code\kendo-ui-license.txt (NotAvailable)
        - RecursiveFilePath: D:\telerik-license.txt (NotAvailable)
        - RecursiveFilePath: D:\kendo-ui-license.txt (NotAvailable)
        - UserDirectory: C:\Users\tddkhanh\AppData\Roaming\Telerik\telerik-license.txt (LicenseFound)
        - UserDirectory: C:\Users\tddkhanh\AppData\Roaming\Telerik\kendo-ui-license.txt (Skip)
        LicenseKey
        - AUD: t************@g****.com
        - UsedId: 344ca679-260a-4541-b9a7-cafe8537ed1f
        - LicenseId: de0ab21e-4a76-46d5-b1d8-a860fc8a108a
        - IssuedAt: 5/27/2026 11:20:30 PM
        - Licenses
          0) Trial BLAZOR, expiration 6/26/2026 3:27:27 AM, type: 'trial'
          1) Usage UserId: 344ca679-260a-4541-b9a7-cafe8537ed1f, LicenseId: de0ab21e-4a76-46d5-b1d8-a860fc8a108a, type: 'usage'

[2026-05-29 06:06:13.931] [Low]   License Resolution
        Messages
          - License OK for "Telerik UI for Blazor" (BLAZOR) 14.0.0.0 @2026-05-20 - Trial, valid until 2026-06-26.
          - License OK for "Telerik Document Processing Libraries" (DPL) 2026.2.519.20 @2026-05-19 - Trial for BLAZOR, valid until 2026-06-26.
        JWTs
          - eyJhbGciOiJSUzI1NiIsInR5cCI6IlRlbGVyaWsgTGljZW5zZSBFdmlkZW5jZSJ9.eyJjb2RlIjoiQkxBWk9SIiwidHlwZSI6InRyaWFsIiwiZXhwaXJhdGlvbiI6MTc4MjQ0NDQ0NywidXNlcklkIjoiMzQ0Y2E2NzktMjYwYS00NTQxLWI5YTctY2FmZTg1MzdlZDFmIiwibGljZW5zZUlkIjoiZGUwYWIyMWUtNGE3Ni00NmQ1LWIxZDgtYTg2MGZjOGExMDhhIn0.zRRYGeaQHW_-AN5jMEypWMNjOlATOXZHpV5AHN3NlbngssoYs7K9y_qOaxXPcylCIl3h5K6r9iwFKWe9xaIU0G-MXBTvRZpfbkiZtrYp4puaC1ONeHElHT_DqQnoqIb93UpJOBwO4SFWFzoHgPYcY7w8xTV82tVxIgXFRxwPyfGNrV7rD2oGDM3cvIFGOQT4i5dO67MzBDduG-4R9bofmMXKaj0qv69aM44f6A8t2DOPWIgTIqNcjp69XT-RM9i1zLy3sNEvrb9nntBRNqqXoj2OZtPiSjDFA6s-WWJkTpLuvZHieCL2T3LY_H0WNG2LHsYc2l4FPDttY99f0L27IA
        Licenses
          - License OK for "Telerik UI for Blazor" (BLAZOR) 14.0.0.0 @2026-05-20 - Trial, valid until 2026-06-26.
          - License OK for "Telerik Document Processing Libraries" (DPL) 2026.2.519.20 @2026-05-19 - Trial for BLAZOR, valid until 2026-06-26.

[2026-05-29 06:06:13.932] [Low] OutputType: Exe, ImportXamlTargets: False
[2026-05-29 06:06:13.933] [Low] LicenseEvidence CodeGen: Up to date!
[2026-05-29 06:06:13.943] [Low] 
      Call-Home Telerik Products (2 for net10.0)
      - "Telerik UI for Blazor" (BLAZOR) 14.0.0
      - "DPL" (DPL) 2026.2.519

[2026-05-29 06:06:13.943] [Low] 
[2026-05-29 06:06:13.944] [Low] 
      Call-Home Telerik Features (0 for net10.0)

[2026-05-29 06:06:13.944] [Low] 
[2026-05-29 06:06:13.973] [Low]   Report Telerik.Licensing
        UserId: 344ca679-260a-4541-b9a7-cafe8537ed1f
        LicenseId: de0ab21e-4a76-46d5-b1d8-a860fc8a108a
        Products
        - LicenseUsed BLAZOR 14.0.0.0 SKIPPED
        - LicenseUsed DPL 2026.2.519.20 SKIPPED
      Report finished in 00:00:00.0283877

[2026-05-29 06:06:13.974] [Low]   Sending Telemetry...
[2026-05-29 06:06:13.992] [Low]   Metrics done 00:00:00.0179490
[2026-05-29 06:06:13.993] [Normal] Resolve Telerik Products. Done (00:00:00.1977679) for net10.0
[2026-05-29 06:07:38.237] [Normal] Resolve Telerik Products.
  MSBuildProjectName=TelerikGrid
  MSBuildProjectDirectory=D:\Code\Blazor\TelerikGrid\TelerikGrid
  MSBuildProjectExtension=.csproj
  Language=C#
  OutputPath=bin\Debug\net10.0\
  Platform=AnyCPU
  TargetFramework=net10.0
  TargetFrameworks=
  TargetFrameworkVersion=v10.0
  VisualStudioVersion=18.0
  UsingMicrosoftNETSdk=true
  UsingMicrosoftNETSdkRazor=true
  UsingMicrosoftNETSdkWeb=true
  ImportXamlTargets=False
  OutputType=Exe
  UseMaui=
  NuGetPackageRoot=C:\Users\tddkhanh\.nuget\packages\

  PackageReferences
  - Telerik.UI.for.Blazor 14.0.0
  - Microsoft.AspNetCore.App.Internal.Assets 10.0.8
  ReferencePaths
  - Microsoft.AspNetCore.Antiforgery.dll 10.0.8 at C:\Program Files\dotnet\packs\Microsoft.AspNetCore.App.Ref\10.0.8\ref\net10.0\Microsoft.AspNetCore.Antiforgery.dll
  - Microsoft.AspNetCore.Authentication.Abstractions.dll 10.0.8 at C:\Program Files\dotnet\packs\Microsoft.AspNetCore.App.Ref\10.0.8\ref\net10.0\Microsoft.AspNetCore.Authentication.Abstractions.dll
  - Microsoft.AspNetCore.Authentication.BearerToken.dll 10.0.8 at C:\Program Files\dotnet\packs\Microsoft.AspNetCore.App.Ref\10.0.8\ref\net10.0\Microsoft.AspNetCore.Authentication.BearerToken.dll
  - Microsoft.AspNetCore.Authentication.Cookies.dll 10.0.8 at C:\Program Files\dotnet\packs\Microsoft.AspNetCore.App.Ref\10.0.8\ref\net10.0\Microsoft.AspNetCore.Authentication.Cookies.dll
  - Microsoft.AspNetCore.Authentication.Core.dll 10.0.8 at C:\Program Files\dotnet\packs\Microsoft.AspNetCore.App.Ref\10.0.8\ref\net10.0\Microsoft.AspNetCore.Authentication.Core.dll
  - Microsoft.AspNetCore.Authentication.dll 10.0.8 at C:\Program Files\dotnet\packs\Microsoft.AspNetCore.App.Ref\10.0.8\ref\net10.0\Microsoft.AspNetCore.Authentication.dll
  - Microsoft.AspNetCore.Authentication.OAuth.dll 10.0.8 at C:\Program Files\dotnet\packs\Microsoft.AspNetCore.App.Ref\10.0.8\ref\net10.0\Microsoft.AspNetCore.Authentication.OAuth.dll
  - Microsoft.AspNetCore.Authorization.dll 10.0.8 at C:\Program Files\dotnet\packs\Microsoft.AspNetCore.App.Ref\10.0.8\ref\net10.0\Microsoft.AspNetCore.Authorization.dll
  - Microsoft.AspNetCore.Authorization.Policy.dll 10.0.8 at C:\Program Files\dotnet\packs\Microsoft.AspNetCore.App.Ref\10.0.8\ref\net10.0\Microsoft.AspNetCore.Authorization.Policy.dll
  - Microsoft.AspNetCore.Components.Authorization.dll 10.0.8 at C:\Program Files\dotnet\packs\Microsoft.AspNetCore.App.Ref\10.0.8\ref\net10.0\Microsoft.AspNetCore.Components.Authorization.dll
  - Microsoft.AspNetCore.Components.dll 10.0.8 at C:\Program Files\dotnet\packs\Microsoft.AspNetCore.App.Ref\10.0.8\ref\net10.0\Microsoft.AspNetCore.Components.dll
  - Microsoft.AspNetCore.Components.Endpoints.dll 10.0.8 at C:\Program Files\dotnet\packs\Microsoft.AspNetCore.App.Ref\10.0.8\ref\net10.0\Microsoft.AspNetCore.Components.Endpoints.dll
  - Microsoft.AspNetCore.Components.Forms.dll 10.0.8 at C:\Program Files\dotnet\packs\Microsoft.AspNetCore.App.Ref\10.0.8\ref\net10.0\Microsoft.AspNetCore.Components.Forms.dll
  - Microsoft.AspNetCore.Components.Server.dll 10.0.8 at C:\Program Files\dotnet\packs\Microsoft.AspNetCore.App.Ref\10.0.8\ref\net10.0\Microsoft.AspNetCore.Components.Server.dll
  - Microsoft.AspNetCore.Components.Web.dll 10.0.8 at C:\Program Files\dotnet\packs\Microsoft.AspNetCore.App.Ref\10.0.8\ref\net10.0\Microsoft.AspNetCore.Components.Web.dll
  - Microsoft.AspNetCore.Connections.Abstractions.dll 10.0.8 at C:\Program Files\dotnet\packs\Microsoft.AspNetCore.App.Ref\10.0.8\ref\net10.0\Microsoft.AspNetCore.Connections.Abstractions.dll
  - Microsoft.AspNetCore.CookiePolicy.dll 10.0.8 at C:\Program Files\dotnet\packs\Microsoft.AspNetCore.App.Ref\10.0.8\ref\net10.0\Microsoft.AspNetCore.CookiePolicy.dll
  - Microsoft.AspNetCore.Cors.dll 10.0.8 at C:\Program Files\dotnet\packs\Microsoft.AspNetCore.App.Ref\10.0.8\ref\net10.0\Microsoft.AspNetCore.Cors.dll
  - Microsoft.AspNetCore.Cryptography.Internal.dll 10.0.8 at C:\Program Files\dotnet\packs\Microsoft.AspNetCore.App.Ref\10.0.8\ref\net10.0\Microsoft.AspNetCore.Cryptography.Internal.dll
  - Microsoft.AspNetCore.Cryptography.KeyDerivation.dll 10.0.8 at C:\Program Files\dotnet\packs\Microsoft.AspNetCore.App.Ref\10.0.8\ref\net10.0\Microsoft.AspNetCore.Cryptography.KeyDerivation.dll
  - Microsoft.AspNetCore.DataProtection.Abstractions.dll 10.0.8 at C:\Program Files\dotnet\packs\Microsoft.AspNetCore.App.Ref\10.0.8\ref\net10.0\Microsoft.AspNetCore.DataProtection.Abstractions.dll
  - Microsoft.AspNetCore.DataProtection.dll 10.0.8 at C:\Program Files\dotnet\packs\Microsoft.AspNetCore.App.Ref\10.0.8\ref\net10.0\Microsoft.AspNetCore.DataProtection.dll
  - Microsoft.AspNetCore.DataProtection.Extensions.dll 10.0.8 at C:\Program Files\dotnet\packs\Microsoft.AspNetCore.App.Ref\10.0.8\ref\net10.0\Microsoft.AspNetCore.DataProtection.Extensions.dll
  - Microsoft.AspNetCore.Diagnostics.Abstractions.dll 10.0.8 at C:\Program Files\dotnet\packs\Microsoft.AspNetCore.App.Ref\10.0.8\ref\net10.0\Microsoft.AspNetCore.Diagnostics.Abstractions.dll
  - Microsoft.AspNetCore.Diagnostics.dll 10.0.8 at C:\Program Files\dotnet\packs\Microsoft.AspNetCore.App.Ref\10.0.8\ref\net10.0\Microsoft.AspNetCore.Diagnostics.dll
  - Microsoft.AspNetCore.Diagnostics.HealthChecks.dll 10.0.8 at C:\Program Files\dotnet\packs\Microsoft.AspNetCore.App.Ref\10.0.8\ref\net10.0\Microsoft.AspNetCore.Diagnostics.HealthChecks.dll
  - Microsoft.AspNetCore.dll 10.0.8 at C:\Program Files\dotnet\packs\Microsoft.AspNetCore.App.Ref\10.0.8\ref\net10.0\Microsoft.AspNetCore.dll
  - Microsoft.AspNetCore.HostFiltering.dll 10.0.8 at C:\Program Files\dotnet\packs\Microsoft.AspNetCore.App.Ref\10.0.8\ref\net10.0\Microsoft.AspNetCore.HostFiltering.dll
  - Microsoft.AspNetCore.Hosting.Abstractions.dll 10.0.8 at C:\Program Files\dotnet\packs\Microsoft.AspNetCore.App.Ref\10.0.8\ref\net10.0\Microsoft.AspNetCore.Hosting.Abstractions.dll
  - Microsoft.AspNetCore.Hosting.dll 10.0.8 at C:\Program Files\dotnet\packs\Microsoft.AspNetCore.App.Ref\10.0.8\ref\net10.0\Microsoft.AspNetCore.Hosting.dll
  - Microsoft.AspNetCore.Hosting.Server.Abstractions.dll 10.0.8 at C:\Program Files\dotnet\packs\Microsoft.AspNetCore.App.Ref\10.0.8\ref\net10.0\Microsoft.AspNetCore.Hosting.Server.Abstractions.dll
  - Microsoft.AspNetCore.Html.Abstractions.dll 10.0.8 at C:\Program Files\dotnet\packs\Microsoft.AspNetCore.App.Ref\10.0.8\ref\net10.0\Microsoft.AspNetCore.Html.Abstractions.dll
  - Microsoft.AspNetCore.Http.Abstractions.dll 10.0.8 at C:\Program Files\dotnet\packs\Microsoft.AspNetCore.App.Ref\10.0.8\ref\net10.0\Microsoft.AspNetCore.Http.Abstractions.dll
  - Microsoft.AspNetCore.Http.Connections.Common.dll 10.0.8 at C:\Program Files\dotnet\packs\Microsoft.AspNetCore.App.Ref\10.0.8\ref\net10.0\Microsoft.AspNetCore.Http.Connections.Common.dll
  - Microsoft.AspNetCore.Http.Connections.dll 10.0.8 at C:\Program Files\dotnet\packs\Microsoft.AspNetCore.App.Ref\10.0.8\ref\net10.0\Microsoft.AspNetCore.Http.Connections.dll
  - Microsoft.AspNetCore.Http.dll 10.0.8 at C:\Program Files\dotnet\packs\Microsoft.AspNetCore.App.Ref\10.0.8\ref\net10.0\Microsoft.AspNetCore.Http.dll
  - Microsoft.AspNetCore.Http.Extensions.dll 10.0.8 at C:\Program Files\dotnet\packs\Microsoft.AspNetCore.App.Ref\10.0.8\ref\net10.0\Microsoft.AspNetCore.Http.Extensions.dll
  - Microsoft.AspNetCore.Http.Features.dll 10.0.8 at C:\Program Files\dotnet\packs\Microsoft.AspNetCore.App.Ref\10.0.8\ref\net10.0\Microsoft.AspNetCore.Http.Features.dll
  - Microsoft.AspNetCore.Http.Results.dll 10.0.8 at C:\Program Files\dotnet\packs\Microsoft.AspNetCore.App.Ref\10.0.8\ref\net10.0\Microsoft.AspNetCore.Http.Results.dll
  - Microsoft.AspNetCore.HttpLogging.dll 10.0.8 at C:\Program Files\dotnet\packs\Microsoft.AspNetCore.App.Ref\10.0.8\ref\net10.0\Microsoft.AspNetCore.HttpLogging.dll
  - Microsoft.AspNetCore.HttpOverrides.dll 10.0.8 at C:\Program Files\dotnet\packs\Microsoft.AspNetCore.App.Ref\10.0.8\ref\net10.0\Microsoft.AspNetCore.HttpOverrides.dll
  - Microsoft.AspNetCore.HttpsPolicy.dll 10.0.8 at C:\Program Files\dotnet\packs\Microsoft.AspNetCore.App.Ref\10.0.8\ref\net10.0\Microsoft.AspNetCore.HttpsPolicy.dll
  - Microsoft.AspNetCore.Identity.dll 10.0.8 at C:\Program Files\dotnet\packs\Microsoft.AspNetCore.App.Ref\10.0.8\ref\net10.0\Microsoft.AspNetCore.Identity.dll
  - Microsoft.AspNetCore.Localization.dll 10.0.8 at C:\Program Files\dotnet\packs\Microsoft.AspNetCore.App.Ref\10.0.8\ref\net10.0\Microsoft.AspNetCore.Localization.dll
  - Microsoft.AspNetCore.Localization.Routing.dll 10.0.8 at C:\Program Files\dotnet\packs\Microsoft.AspNetCore.App.Ref\10.0.8\ref\net10.0\Microsoft.AspNetCore.Localization.Routing.dll
  - Microsoft.AspNetCore.Metadata.dll 10.0.8 at C:\Program Files\dotnet\packs\Microsoft.AspNetCore.App.Ref\10.0.8\ref\net10.0\Microsoft.AspNetCore.Metadata.dll
  - Microsoft.AspNetCore.Mvc.Abstractions.dll 10.0.8 at C:\Program Files\dotnet\packs\Microsoft.AspNetCore.App.Ref\10.0.8\ref\net10.0\Microsoft.AspNetCore.Mvc.Abstractions.dll
  - Microsoft.AspNetCore.Mvc.ApiExplorer.dll 10.0.8 at C:\Program Files\dotnet\packs\Microsoft.AspNetCore.App.Ref\10.0.8\ref\net10.0\Microsoft.AspNetCore.Mvc.ApiExplorer.dll
  - Microsoft.AspNetCore.Mvc.Core.dll 10.0.8 at C:\Program Files\dotnet\packs\Microsoft.AspNetCore.App.Ref\10.0.8\ref\net10.0\Microsoft.AspNetCore.Mvc.Core.dll
  - Microsoft.AspNetCore.Mvc.Cors.dll 10.0.8 at C:\Program Files\dotnet\packs\Microsoft.AspNetCore.App.Ref\10.0.8\ref\net10.0\Microsoft.AspNetCore.Mvc.Cors.dll
  - Microsoft.AspNetCore.Mvc.DataAnnotations.dll 10.0.8 at C:\Program Files\dotnet\packs\Microsoft.AspNetCore.App.Ref\10.0.8\ref\net10.0\Microsoft.AspNetCore.Mvc.DataAnnotations.dll
  - Microsoft.AspNetCore.Mvc.dll 10.0.8 at C:\Program Files\dotnet\packs\Microsoft.AspNetCore.App.Ref\10.0.8\ref\net10.0\Microsoft.AspNetCore.Mvc.dll
  - Microsoft.AspNetCore.Mvc.Formatters.Json.dll 10.0.8 at C:\Program Files\dotnet\packs\Microsoft.AspNetCore.App.Ref\10.0.8\ref\net10.0\Microsoft.AspNetCore.Mvc.Formatters.Json.dll
  - Microsoft.AspNetCore.Mvc.Formatters.Xml.dll 10.0.8 at C:\Program Files\dotnet\packs\Microsoft.AspNetCore.App.Ref\10.0.8\ref\net10.0\Microsoft.AspNetCore.Mvc.Formatters.Xml.dll
  - Microsoft.AspNetCore.Mvc.Localization.dll 10.0.8 at C:\Program Files\dotnet\packs\Microsoft.AspNetCore.App.Ref\10.0.8\ref\net10.0\Microsoft.AspNetCore.Mvc.Localization.dll
  - Microsoft.AspNetCore.Mvc.Razor.dll 10.0.8 at C:\Program Files\dotnet\packs\Microsoft.AspNetCore.App.Ref\10.0.8\ref\net10.0\Microsoft.AspNetCore.Mvc.Razor.dll
  - Microsoft.AspNetCore.Mvc.RazorPages.dll 10.0.8 at C:\Program Files\dotnet\packs\Microsoft.AspNetCore.App.Ref\10.0.8\ref\net10.0\Microsoft.AspNetCore.Mvc.RazorPages.dll
  - Microsoft.AspNetCore.Mvc.TagHelpers.dll 10.0.8 at C:\Program Files\dotnet\packs\Microsoft.AspNetCore.App.Ref\10.0.8\ref\net10.0\Microsoft.AspNetCore.Mvc.TagHelpers.dll
  - Microsoft.AspNetCore.Mvc.ViewFeatures.dll 10.0.8 at C:\Program Files\dotnet\packs\Microsoft.AspNetCore.App.Ref\10.0.8\ref\net10.0\Microsoft.AspNetCore.Mvc.ViewFeatures.dll
  - Microsoft.AspNetCore.OutputCaching.dll 10.0.8 at C:\Program Files\dotnet\packs\Microsoft.AspNetCore.App.Ref\10.0.8\ref\net10.0\Microsoft.AspNetCore.OutputCaching.dll
  - Microsoft.AspNetCore.RateLimiting.dll 10.0.8 at C:\Program Files\dotnet\packs\Microsoft.AspNetCore.App.Ref\10.0.8\ref\net10.0\Microsoft.AspNetCore.RateLimiting.dll
  - Microsoft.AspNetCore.Razor.dll 10.0.8 at C:\Program Files\dotnet\packs\Microsoft.AspNetCore.App.Ref\10.0.8\ref\net10.0\Microsoft.AspNetCore.Razor.dll
  - Microsoft.AspNetCore.Razor.Runtime.dll 10.0.8 at C:\Program Files\dotnet\packs\Microsoft.AspNetCore.App.Ref\10.0.8\ref\net10.0\Microsoft.AspNetCore.Razor.Runtime.dll
  - Microsoft.AspNetCore.RequestDecompression.dll 10.0.8 at C:\Program Files\dotnet\packs\Microsoft.AspNetCore.App.Ref\10.0.8\ref\net10.0\Microsoft.AspNetCore.RequestDecompression.dll
  - Microsoft.AspNetCore.ResponseCaching.Abstractions.dll 10.0.8 at C:\Program Files\dotnet\packs\Microsoft.AspNetCore.App.Ref\10.0.8\ref\net10.0\Microsoft.AspNetCore.ResponseCaching.Abstractions.dll
  - Microsoft.AspNetCore.ResponseCaching.dll 10.0.8 at C:\Program Files\dotnet\packs\Microsoft.AspNetCore.App.Ref\10.0.8\ref\net10.0\Microsoft.AspNetCore.ResponseCaching.dll
  - Microsoft.AspNetCore.ResponseCompression.dll 10.0.8 at C:\Program Files\dotnet\packs\Microsoft.AspNetCore.App.Ref\10.0.8\ref\net10.0\Microsoft.AspNetCore.ResponseCompression.dll
  - Microsoft.AspNetCore.Rewrite.dll 10.0.8 at C:\Program Files\dotnet\packs\Microsoft.AspNetCore.App.Ref\10.0.8\ref\net10.0\Microsoft.AspNetCore.Rewrite.dll
  - Microsoft.AspNetCore.Routing.Abstractions.dll 10.0.8 at C:\Program Files\dotnet\packs\Microsoft.AspNetCore.App.Ref\10.0.8\ref\net10.0\Microsoft.AspNetCore.Routing.Abstractions.dll
  - Microsoft.AspNetCore.Routing.dll 10.0.8 at C:\Program Files\dotnet\packs\Microsoft.AspNetCore.App.Ref\10.0.8\ref\net10.0\Microsoft.AspNetCore.Routing.dll
  - Microsoft.AspNetCore.Server.HttpSys.dll 10.0.8 at C:\Program Files\dotnet\packs\Microsoft.AspNetCore.App.Ref\10.0.8\ref\net10.0\Microsoft.AspNetCore.Server.HttpSys.dll
  - Microsoft.AspNetCore.Server.IIS.dll 10.0.8 at C:\Program Files\dotnet\packs\Microsoft.AspNetCore.App.Ref\10.0.8\ref\net10.0\Microsoft.AspNetCore.Server.IIS.dll
  - Microsoft.AspNetCore.Server.IISIntegration.dll 10.0.8 at C:\Program Files\dotnet\packs\Microsoft.AspNetCore.App.Ref\10.0.8\ref\net10.0\Microsoft.AspNetCore.Server.IISIntegration.dll
  - Microsoft.AspNetCore.Server.Kestrel.Core.dll 10.0.8 at C:\Program Files\dotnet\packs\Microsoft.AspNetCore.App.Ref\10.0.8\ref\net10.0\Microsoft.AspNetCore.Server.Kestrel.Core.dll
  - Microsoft.AspNetCore.Server.Kestrel.dll 10.0.8 at C:\Program Files\dotnet\packs\Microsoft.AspNetCore.App.Ref\10.0.8\ref\net10.0\Microsoft.AspNetCore.Server.Kestrel.dll
  - Microsoft.AspNetCore.Server.Kestrel.Transport.NamedPipes.dll 10.0.8 at C:\Program Files\dotnet\packs\Microsoft.AspNetCore.App.Ref\10.0.8\ref\net10.0\Microsoft.AspNetCore.Server.Kestrel.Transport.NamedPipes.dll
  - Microsoft.AspNetCore.Server.Kestrel.Transport.Quic.dll 10.0.8 at C:\Program Files\dotnet\packs\Microsoft.AspNetCore.App.Ref\10.0.8\ref\net10.0\Microsoft.AspNetCore.Server.Kestrel.Transport.Quic.dll
  - Microsoft.AspNetCore.Server.Kestrel.Transport.Sockets.dll 10.0.8 at C:\Program Files\dotnet\packs\Microsoft.AspNetCore.App.Ref\10.0.8\ref\net10.0\Microsoft.AspNetCore.Server.Kestrel.Transport.Sockets.dll
  - Microsoft.AspNetCore.Session.dll 10.0.8 at C:\Program Files\dotnet\packs\Microsoft.AspNetCore.App.Ref\10.0.8\ref\net10.0\Microsoft.AspNetCore.Session.dll
  - Microsoft.AspNetCore.SignalR.Common.dll 10.0.8 at C:\Program Files\dotnet\packs\Microsoft.AspNetCore.App.Ref\10.0.8\ref\net10.0\Microsoft.AspNetCore.SignalR.Common.dll
  - Microsoft.AspNetCore.SignalR.Core.dll 10.0.8 at C:\Program Files\dotnet\packs\Microsoft.AspNetCore.App.Ref\10.0.8\ref\net10.0\Microsoft.AspNetCore.SignalR.Core.dll
  - Microsoft.AspNetCore.SignalR.dll 10.0.8 at C:\Program Files\dotnet\packs\Microsoft.AspNetCore.App.Ref\10.0.8\ref\net10.0\Microsoft.AspNetCore.SignalR.dll
  - Microsoft.AspNetCore.SignalR.Protocols.Json.dll 10.0.8 at C:\Program Files\dotnet\packs\Microsoft.AspNetCore.App.Ref\10.0.8\ref\net10.0\Microsoft.AspNetCore.SignalR.Protocols.Json.dll
  - Microsoft.AspNetCore.StaticAssets.dll 10.0.8 at C:\Program Files\dotnet\packs\Microsoft.AspNetCore.App.Ref\10.0.8\ref\net10.0\Microsoft.AspNetCore.StaticAssets.dll
  - Microsoft.AspNetCore.StaticFiles.dll 10.0.8 at C:\Program Files\dotnet\packs\Microsoft.AspNetCore.App.Ref\10.0.8\ref\net10.0\Microsoft.AspNetCore.StaticFiles.dll
  - Microsoft.AspNetCore.WebSockets.dll 10.0.8 at C:\Program Files\dotnet\packs\Microsoft.AspNetCore.App.Ref\10.0.8\ref\net10.0\Microsoft.AspNetCore.WebSockets.dll
  - Microsoft.AspNetCore.WebUtilities.dll 10.0.8 at C:\Program Files\dotnet\packs\Microsoft.AspNetCore.App.Ref\10.0.8\ref\net10.0\Microsoft.AspNetCore.WebUtilities.dll
  - Microsoft.CSharp.dll 10.0.8 at C:\Program Files\dotnet\packs\Microsoft.NETCore.App.Ref\10.0.8\ref\net10.0\Microsoft.CSharp.dll
  - Microsoft.Extensions.AI.Abstractions.dll 10.4.0 at C:\Users\tddkhanh\.nuget\packages\microsoft.extensions.ai.abstractions\10.4.0\lib\net10.0\Microsoft.Extensions.AI.Abstractions.dll
  - Microsoft.Extensions.AI.dll 10.4.0 at C:\Users\tddkhanh\.nuget\packages\microsoft.extensions.ai\10.4.0\lib\net10.0\Microsoft.Extensions.AI.dll
  - Microsoft.Extensions.Caching.Abstractions.dll 10.0.8 at C:\Program Files\dotnet\packs\Microsoft.AspNetCore.App.Ref\10.0.8\ref\net10.0\Microsoft.Extensions.Caching.Abstractions.dll
  - Microsoft.Extensions.Caching.Memory.dll 10.0.8 at C:\Program Files\dotnet\packs\Microsoft.AspNetCore.App.Ref\10.0.8\ref\net10.0\Microsoft.Extensions.Caching.Memory.dll
  - Microsoft.Extensions.Configuration.Abstractions.dll 10.0.8 at C:\Program Files\dotnet\packs\Microsoft.AspNetCore.App.Ref\10.0.8\ref\net10.0\Microsoft.Extensions.Configuration.Abstractions.dll
  - Microsoft.Extensions.Configuration.Binder.dll 10.0.8 at C:\Program Files\dotnet\packs\Microsoft.AspNetCore.App.Ref\10.0.8\ref\net10.0\Microsoft.Extensions.Configuration.Binder.dll
  - Microsoft.Extensions.Configuration.CommandLine.dll 10.0.8 at C:\Program Files\dotnet\packs\Microsoft.AspNetCore.App.Ref\10.0.8\ref\net10.0\Microsoft.Extensions.Configuration.CommandLine.dll
  - Microsoft.Extensions.Configuration.dll 10.0.8 at C:\Program Files\dotnet\packs\Microsoft.AspNetCore.App.Ref\10.0.8\ref\net10.0\Microsoft.Extensions.Configuration.dll
  - Microsoft.Extensions.Configuration.EnvironmentVariables.dll 10.0.8 at C:\Program Files\dotnet\packs\Microsoft.AspNetCore.App.Ref\10.0.8\ref\net10.0\Microsoft.Extensions.Configuration.EnvironmentVariables.dll
  - Microsoft.Extensions.Configuration.FileExtensions.dll 10.0.8 at C:\Program Files\dotnet\packs\Microsoft.AspNetCore.App.Ref\10.0.8\ref\net10.0\Microsoft.Extensions.Configuration.FileExtensions.dll
  - Microsoft.Extensions.Configuration.Ini.dll 10.0.8 at C:\Program Files\dotnet\packs\Microsoft.AspNetCore.App.Ref\10.0.8\ref\net10.0\Microsoft.Extensions.Configuration.Ini.dll
  - Microsoft.Extensions.Configuration.Json.dll 10.0.8 at C:\Program Files\dotnet\packs\Microsoft.AspNetCore.App.Ref\10.0.8\ref\net10.0\Microsoft.Extensions.Configuration.Json.dll
  - Microsoft.Extensions.Configuration.KeyPerFile.dll 10.0.8 at C:\Program Files\dotnet\packs\Microsoft.AspNetCore.App.Ref\10.0.8\ref\net10.0\Microsoft.Extensions.Configuration.KeyPerFile.dll
  - Microsoft.Extensions.Configuration.UserSecrets.dll 10.0.8 at C:\Program Files\dotnet\packs\Microsoft.AspNetCore.App.Ref\10.0.8\ref\net10.0\Microsoft.Extensions.Configuration.UserSecrets.dll
  - Microsoft.Extensions.Configuration.Xml.dll 10.0.8 at C:\Program Files\dotnet\packs\Microsoft.AspNetCore.App.Ref\10.0.8\ref\net10.0\Microsoft.Extensions.Configuration.Xml.dll
  - Microsoft.Extensions.DependencyInjection.Abstractions.dll 10.0.8 at C:\Program Files\dotnet\packs\Microsoft.AspNetCore.App.Ref\10.0.8\ref\net10.0\Microsoft.Extensions.DependencyInjection.Abstractions.dll
  - Microsoft.Extensions.DependencyInjection.dll 10.0.8 at C:\Program Files\dotnet\packs\Microsoft.AspNetCore.App.Ref\10.0.8\ref\net10.0\Microsoft.Extensions.DependencyInjection.dll
  - Microsoft.Extensions.Diagnostics.Abstractions.dll 10.0.8 at C:\Program Files\dotnet\packs\Microsoft.AspNetCore.App.Ref\10.0.8\ref\net10.0\Microsoft.Extensions.Diagnostics.Abstractions.dll
  - Microsoft.Extensions.Diagnostics.dll 10.0.8 at C:\Program Files\dotnet\packs\Microsoft.AspNetCore.App.Ref\10.0.8\ref\net10.0\Microsoft.Extensions.Diagnostics.dll
  - Microsoft.Extensions.Diagnostics.HealthChecks.Abstractions.dll 10.0.8 at C:\Program Files\dotnet\packs\Microsoft.AspNetCore.App.Ref\10.0.8\ref\net10.0\Microsoft.Extensions.Diagnostics.HealthChecks.Abstractions.dll
  - Microsoft.Extensions.Diagnostics.HealthChecks.dll 10.0.8 at C:\Program Files\dotnet\packs\Microsoft.AspNetCore.App.Ref\10.0.8\ref\net10.0\Microsoft.Extensions.Diagnostics.HealthChecks.dll
  - Microsoft.Extensions.Features.dll 10.0.8 at C:\Program Files\dotnet\packs\Microsoft.AspNetCore.App.Ref\10.0.8\ref\net10.0\Microsoft.Extensions.Features.dll
  - Microsoft.Extensions.FileProviders.Abstractions.dll 10.0.8 at C:\Program Files\dotnet\packs\Microsoft.AspNetCore.App.Ref\10.0.8\ref\net10.0\Microsoft.Extensions.FileProviders.Abstractions.dll
  - Microsoft.Extensions.FileProviders.Composite.dll 10.0.8 at C:\Program Files\dotnet\packs\Microsoft.AspNetCore.App.Ref\10.0.8\ref\net10.0\Microsoft.Extensions.FileProviders.Composite.dll
  - Microsoft.Extensions.FileProviders.Embedded.dll 10.0.8 at C:\Program Files\dotnet\packs\Microsoft.AspNetCore.App.Ref\10.0.8\ref\net10.0\Microsoft.Extensions.FileProviders.Embedded.dll
  - Microsoft.Extensions.FileProviders.Physical.dll 10.0.8 at C:\Program Files\dotnet\packs\Microsoft.AspNetCore.App.Ref\10.0.8\ref\net10.0\Microsoft.Extensions.FileProviders.Physical.dll
  - Microsoft.Extensions.FileSystemGlobbing.dll 10.0.8 at C:\Program Files\dotnet\packs\Microsoft.AspNetCore.App.Ref\10.0.8\ref\net10.0\Microsoft.Extensions.FileSystemGlobbing.dll
  - Microsoft.Extensions.Hosting.Abstractions.dll 10.0.8 at C:\Program Files\dotnet\packs\Microsoft.AspNetCore.App.Ref\10.0.8\ref\net10.0\Microsoft.Extensions.Hosting.Abstractions.dll
  - Microsoft.Extensions.Hosting.dll 10.0.8 at C:\Program Files\dotnet\packs\Microsoft.AspNetCore.App.Ref\10.0.8\ref\net10.0\Microsoft.Extensions.Hosting.dll
  - Microsoft.Extensions.Http.dll 10.0.8 at C:\Program Files\dotnet\packs\Microsoft.AspNetCore.App.Ref\10.0.8\ref\net10.0\Microsoft.Extensions.Http.dll
  - Microsoft.Extensions.Identity.Core.dll 10.0.8 at C:\Program Files\dotnet\packs\Microsoft.AspNetCore.App.Ref\10.0.8\ref\net10.0\Microsoft.Extensions.Identity.Core.dll
  - Microsoft.Extensions.Identity.Stores.dll 10.0.8 at C:\Program Files\dotnet\packs\Microsoft.AspNetCore.App.Ref\10.0.8\ref\net10.0\Microsoft.Extensions.Identity.Stores.dll
  - Microsoft.Extensions.Localization.Abstractions.dll 10.0.8 at C:\Program Files\dotnet\packs\Microsoft.AspNetCore.App.Ref\10.0.8\ref\net10.0\Microsoft.Extensions.Localization.Abstractions.dll
  - Microsoft.Extensions.Localization.dll 10.0.8 at C:\Program Files\dotnet\packs\Microsoft.AspNetCore.App.Ref\10.0.8\ref\net10.0\Microsoft.Extensions.Localization.dll
  - Microsoft.Extensions.Logging.Abstractions.dll 10.0.8 at C:\Program Files\dotnet\packs\Microsoft.AspNetCore.App.Ref\10.0.8\ref\net10.0\Microsoft.Extensions.Logging.Abstractions.dll
  - Microsoft.Extensions.Logging.Configuration.dll 10.0.8 at C:\Program Files\dotnet\packs\Microsoft.AspNetCore.App.Ref\10.0.8\ref\net10.0\Microsoft.Extensions.Logging.Configuration.dll
  - Microsoft.Extensions.Logging.Console.dll 10.0.8 at C:\Program Files\dotnet\packs\Microsoft.AspNetCore.App.Ref\10.0.8\ref\net10.0\Microsoft.Extensions.Logging.Console.dll
  - Microsoft.Extensions.Logging.Debug.dll 10.0.8 at C:\Program Files\dotnet\packs\Microsoft.AspNetCore.App.Ref\10.0.8\ref\net10.0\Microsoft.Extensions.Logging.Debug.dll
  - Microsoft.Extensions.Logging.dll 10.0.8 at C:\Program Files\dotnet\packs\Microsoft.AspNetCore.App.Ref\10.0.8\ref\net10.0\Microsoft.Extensions.Logging.dll
  - Microsoft.Extensions.Logging.EventLog.dll 10.0.8 at C:\Program Files\dotnet\packs\Microsoft.AspNetCore.App.Ref\10.0.8\ref\net10.0\Microsoft.Extensions.Logging.EventLog.dll
  - Microsoft.Extensions.Logging.EventSource.dll 10.0.8 at C:\Program Files\dotnet\packs\Microsoft.AspNetCore.App.Ref\10.0.8\ref\net10.0\Microsoft.Extensions.Logging.EventSource.dll
  - Microsoft.Extensions.Logging.TraceSource.dll 10.0.8 at C:\Program Files\dotnet\packs\Microsoft.AspNetCore.App.Ref\10.0.8\ref\net10.0\Microsoft.Extensions.Logging.TraceSource.dll
  - Microsoft.Extensions.ObjectPool.dll 10.0.8 at C:\Program Files\dotnet\packs\Microsoft.AspNetCore.App.Ref\10.0.8\ref\net10.0\Microsoft.Extensions.ObjectPool.dll
  - Microsoft.Extensions.Options.ConfigurationExtensions.dll 10.0.8 at C:\Program Files\dotnet\packs\Microsoft.AspNetCore.App.Ref\10.0.8\ref\net10.0\Microsoft.Extensions.Options.ConfigurationExtensions.dll
  - Microsoft.Extensions.Options.DataAnnotations.dll 10.0.8 at C:\Program Files\dotnet\packs\Microsoft.AspNetCore.App.Ref\10.0.8\ref\net10.0\Microsoft.Extensions.Options.DataAnnotations.dll
  - Microsoft.Extensions.Options.dll 10.0.8 at C:\Program Files\dotnet\packs\Microsoft.AspNetCore.App.Ref\10.0.8\ref\net10.0\Microsoft.Extensions.Options.dll
  - Microsoft.Extensions.Primitives.dll 10.0.8 at C:\Program Files\dotnet\packs\Microsoft.AspNetCore.App.Ref\10.0.8\ref\net10.0\Microsoft.Extensions.Primitives.dll
  - Microsoft.Extensions.Validation.dll 10.0.8 at C:\Program Files\dotnet\packs\Microsoft.AspNetCore.App.Ref\10.0.8\ref\net10.0\Microsoft.Extensions.Validation.dll
  - Microsoft.Extensions.WebEncoders.dll 10.0.8 at C:\Program Files\dotnet\packs\Microsoft.AspNetCore.App.Ref\10.0.8\ref\net10.0\Microsoft.Extensions.WebEncoders.dll
  - Microsoft.JSInterop.dll 10.0.8 at C:\Program Files\dotnet\packs\Microsoft.AspNetCore.App.Ref\10.0.8\ref\net10.0\Microsoft.JSInterop.dll
  - Microsoft.Net.Http.Headers.dll 10.0.8 at C:\Program Files\dotnet\packs\Microsoft.AspNetCore.App.Ref\10.0.8\ref\net10.0\Microsoft.Net.Http.Headers.dll
  - Microsoft.VisualBasic.Core.dll 10.0.8 at C:\Program Files\dotnet\packs\Microsoft.NETCore.App.Ref\10.0.8\ref\net10.0\Microsoft.VisualBasic.Core.dll
  - Microsoft.VisualBasic.dll 10.0.8 at C:\Program Files\dotnet\packs\Microsoft.NETCore.App.Ref\10.0.8\ref\net10.0\Microsoft.VisualBasic.dll
  - Microsoft.Win32.Primitives.dll 10.0.8 at C:\Program Files\dotnet\packs\Microsoft.NETCore.App.Ref\10.0.8\ref\net10.0\Microsoft.Win32.Primitives.dll
  - Microsoft.Win32.Registry.dll 10.0.8 at C:\Program Files\dotnet\packs\Microsoft.NETCore.App.Ref\10.0.8\ref\net10.0\Microsoft.Win32.Registry.dll
  - mscorlib.dll 10.0.8 at C:\Program Files\dotnet\packs\Microsoft.NETCore.App.Ref\10.0.8\ref\net10.0\mscorlib.dll
  - netstandard.dll 10.0.8 at C:\Program Files\dotnet\packs\Microsoft.NETCore.App.Ref\10.0.8\ref\net10.0\netstandard.dll
  - System.AppContext.dll 10.0.8 at C:\Program Files\dotnet\packs\Microsoft.NETCore.App.Ref\10.0.8\ref\net10.0\System.AppContext.dll
  - System.Buffers.dll 10.0.8 at C:\Program Files\dotnet\packs\Microsoft.NETCore.App.Ref\10.0.8\ref\net10.0\System.Buffers.dll
  - System.Collections.Concurrent.dll 10.0.8 at C:\Program Files\dotnet\packs\Microsoft.NETCore.App.Ref\10.0.8\ref\net10.0\System.Collections.Concurrent.dll
  - System.Collections.dll 10.0.8 at C:\Program Files\dotnet\packs\Microsoft.NETCore.App.Ref\10.0.8\ref\net10.0\System.Collections.dll
  - System.Collections.Immutable.dll 10.0.8 at C:\Program Files\dotnet\packs\Microsoft.NETCore.App.Ref\10.0.8\ref\net10.0\System.Collections.Immutable.dll
  - System.Collections.NonGeneric.dll 10.0.8 at C:\Program Files\dotnet\packs\Microsoft.NETCore.App.Ref\10.0.8\ref\net10.0\System.Collections.NonGeneric.dll
  - System.Collections.Specialized.dll 10.0.8 at C:\Program Files\dotnet\packs\Microsoft.NETCore.App.Ref\10.0.8\ref\net10.0\System.Collections.Specialized.dll
  - System.ComponentModel.Annotations.dll 10.0.8 at C:\Program Files\dotnet\packs\Microsoft.NETCore.App.Ref\10.0.8\ref\net10.0\System.ComponentModel.Annotations.dll
  - System.ComponentModel.DataAnnotations.dll 10.0.8 at C:\Program Files\dotnet\packs\Microsoft.NETCore.App.Ref\10.0.8\ref\net10.0\System.ComponentModel.DataAnnotations.dll
  - System.ComponentModel.dll 10.0.8 at C:\Program Files\dotnet\packs\Microsoft.NETCore.App.Ref\10.0.8\ref\net10.0\System.ComponentModel.dll
  - System.ComponentModel.EventBasedAsync.dll 10.0.8 at C:\Program Files\dotnet\packs\Microsoft.NETCore.App.Ref\10.0.8\ref\net10.0\System.ComponentModel.EventBasedAsync.dll
  - System.ComponentModel.Primitives.dll 10.0.8 at C:\Program Files\dotnet\packs\Microsoft.NETCore.App.Ref\10.0.8\ref\net10.0\System.ComponentModel.Primitives.dll
  - System.ComponentModel.TypeConverter.dll 10.0.8 at C:\Program Files\dotnet\packs\Microsoft.NETCore.App.Ref\10.0.8\ref\net10.0\System.ComponentModel.TypeConverter.dll
  - System.Configuration.dll 10.0.8 at C:\Program Files\dotnet\packs\Microsoft.NETCore.App.Ref\10.0.8\ref\net10.0\System.Configuration.dll
  - System.Console.dll 10.0.8 at C:\Program Files\dotnet\packs\Microsoft.NETCore.App.Ref\10.0.8\ref\net10.0\System.Console.dll
  - System.Core.dll 10.0.8 at C:\Program Files\dotnet\packs\Microsoft.NETCore.App.Ref\10.0.8\ref\net10.0\System.Core.dll
  - System.Data.Common.dll 10.0.8 at C:\Program Files\dotnet\packs\Microsoft.NETCore.App.Ref\10.0.8\ref\net10.0\System.Data.Common.dll
  - System.Data.DataSetExtensions.dll 10.0.8 at C:\Program Files\dotnet\packs\Microsoft.NETCore.App.Ref\10.0.8\ref\net10.0\System.Data.DataSetExtensions.dll
  - System.Data.dll 10.0.8 at C:\Program Files\dotnet\packs\Microsoft.NETCore.App.Ref\10.0.8\ref\net10.0\System.Data.dll
  - System.Diagnostics.Contracts.dll 10.0.8 at C:\Program Files\dotnet\packs\Microsoft.NETCore.App.Ref\10.0.8\ref\net10.0\System.Diagnostics.Contracts.dll
  - System.Diagnostics.Debug.dll 10.0.8 at C:\Program Files\dotnet\packs\Microsoft.NETCore.App.Ref\10.0.8\ref\net10.0\System.Diagnostics.Debug.dll
  - System.Diagnostics.DiagnosticSource.dll 10.0.8 at C:\Program Files\dotnet\packs\Microsoft.NETCore.App.Ref\10.0.8\ref\net10.0\System.Diagnostics.DiagnosticSource.dll
  - System.Diagnostics.EventLog.dll 10.0.8 at C:\Program Files\dotnet\packs\Microsoft.AspNetCore.App.Ref\10.0.8\ref\net10.0\System.Diagnostics.EventLog.dll
  - System.Diagnostics.FileVersionInfo.dll 10.0.8 at C:\Program Files\dotnet\packs\Microsoft.NETCore.App.Ref\10.0.8\ref\net10.0\System.Diagnostics.FileVersionInfo.dll
  - System.Diagnostics.Process.dll 10.0.8 at C:\Program Files\dotnet\packs\Microsoft.NETCore.App.Ref\10.0.8\ref\net10.0\System.Diagnostics.Process.dll
  - System.Diagnostics.StackTrace.dll 10.0.8 at C:\Program Files\dotnet\packs\Microsoft.NETCore.App.Ref\10.0.8\ref\net10.0\System.Diagnostics.StackTrace.dll
  - System.Diagnostics.TextWriterTraceListener.dll 10.0.8 at C:\Program Files\dotnet\packs\Microsoft.NETCore.App.Ref\10.0.8\ref\net10.0\System.Diagnostics.TextWriterTraceListener.dll
  - System.Diagnostics.Tools.dll 10.0.8 at C:\Program Files\dotnet\packs\Microsoft.NETCore.App.Ref\10.0.8\ref\net10.0\System.Diagnostics.Tools.dll
  - System.Diagnostics.TraceSource.dll 10.0.8 at C:\Program Files\dotnet\packs\Microsoft.NETCore.App.Ref\10.0.8\ref\net10.0\System.Diagnostics.TraceSource.dll
  - System.Diagnostics.Tracing.dll 10.0.8 at C:\Program Files\dotnet\packs\Microsoft.NETCore.App.Ref\10.0.8\ref\net10.0\System.Diagnostics.Tracing.dll
  - System.dll 10.0.8 at C:\Program Files\dotnet\packs\Microsoft.NETCore.App.Ref\10.0.8\ref\net10.0\System.dll
  - System.Drawing.dll 10.0.8 at C:\Program Files\dotnet\packs\Microsoft.NETCore.App.Ref\10.0.8\ref\net10.0\System.Drawing.dll
  - System.Drawing.Primitives.dll 10.0.8 at C:\Program Files\dotnet\packs\Microsoft.NETCore.App.Ref\10.0.8\ref\net10.0\System.Drawing.Primitives.dll
  - System.Dynamic.Runtime.dll 10.0.8 at C:\Program Files\dotnet\packs\Microsoft.NETCore.App.Ref\10.0.8\ref\net10.0\System.Dynamic.Runtime.dll
  - System.Formats.Asn1.dll 10.0.8 at C:\Program Files\dotnet\packs\Microsoft.NETCore.App.Ref\10.0.8\ref\net10.0\System.Formats.Asn1.dll
  - System.Formats.Cbor.dll 10.0.8 at C:\Program Files\dotnet\packs\Microsoft.AspNetCore.App.Ref\10.0.8\ref\net10.0\System.Formats.Cbor.dll
  - System.Formats.Tar.dll 10.0.8 at C:\Program Files\dotnet\packs\Microsoft.NETCore.App.Ref\10.0.8\ref\net10.0\System.Formats.Tar.dll
  - System.Globalization.Calendars.dll 10.0.8 at C:\Program Files\dotnet\packs\Microsoft.NETCore.App.Ref\10.0.8\ref\net10.0\System.Globalization.Calendars.dll
  - System.Globalization.dll 10.0.8 at C:\Program Files\dotnet\packs\Microsoft.NETCore.App.Ref\10.0.8\ref\net10.0\System.Globalization.dll
  - System.Globalization.Extensions.dll 10.0.8 at C:\Program Files\dotnet\packs\Microsoft.NETCore.App.Ref\10.0.8\ref\net10.0\System.Globalization.Extensions.dll
  - System.IO.Compression.Brotli.dll 10.0.8 at C:\Program Files\dotnet\packs\Microsoft.NETCore.App.Ref\10.0.8\ref\net10.0\System.IO.Compression.Brotli.dll
  - System.IO.Compression.dll 10.0.8 at C:\Program Files\dotnet\packs\Microsoft.NETCore.App.Ref\10.0.8\ref\net10.0\System.IO.Compression.dll
  - System.IO.Compression.FileSystem.dll 10.0.8 at C:\Program Files\dotnet\packs\Microsoft.NETCore.App.Ref\10.0.8\ref\net10.0\System.IO.Compression.FileSystem.dll
  - System.IO.Compression.ZipFile.dll 10.0.8 at C:\Program Files\dotnet\packs\Microsoft.NETCore.App.Ref\10.0.8\ref\net10.0\System.IO.Compression.ZipFile.dll
  - System.IO.dll 10.0.8 at C:\Program Files\dotnet\packs\Microsoft.NETCore.App.Ref\10.0.8\ref\net10.0\System.IO.dll
  - System.IO.FileSystem.AccessControl.dll 10.0.8 at C:\Program Files\dotnet\packs\Microsoft.NETCore.App.Ref\10.0.8\ref\net10.0\System.IO.FileSystem.AccessControl.dll
  - System.IO.FileSystem.dll 10.0.8 at C:\Program Files\dotnet\packs\Microsoft.NETCore.App.Ref\10.0.8\ref\net10.0\System.IO.FileSystem.dll
  - System.IO.FileSystem.DriveInfo.dll 10.0.8 at C:\Program Files\dotnet\packs\Microsoft.NETCore.App.Ref\10.0.8\ref\net10.0\System.IO.FileSystem.DriveInfo.dll
  - System.IO.FileSystem.Primitives.dll 10.0.8 at C:\Program Files\dotnet\packs\Microsoft.NETCore.App.Ref\10.0.8\ref\net10.0\System.IO.FileSystem.Primitives.dll
  - System.IO.FileSystem.Watcher.dll 10.0.8 at C:\Program Files\dotnet\packs\Microsoft.NETCore.App.Ref\10.0.8\ref\net10.0\System.IO.FileSystem.Watcher.dll
  - System.IO.IsolatedStorage.dll 10.0.8 at C:\Program Files\dotnet\packs\Microsoft.NETCore.App.Ref\10.0.8\ref\net10.0\System.IO.IsolatedStorage.dll
  - System.IO.MemoryMappedFiles.dll 10.0.8 at C:\Program Files\dotnet\packs\Microsoft.NETCore.App.Ref\10.0.8\ref\net10.0\System.IO.MemoryMappedFiles.dll
  - System.IO.Pipelines.dll 10.0.8 at C:\Program Files\dotnet\packs\Microsoft.NETCore.App.Ref\10.0.8\ref\net10.0\System.IO.Pipelines.dll
  - System.IO.Pipes.AccessControl.dll 10.0.8 at C:\Program Files\dotnet\packs\Microsoft.NETCore.App.Ref\10.0.8\ref\net10.0\System.IO.Pipes.AccessControl.dll
  - System.IO.Pipes.dll 10.0.8 at C:\Program Files\dotnet\packs\Microsoft.NETCore.App.Ref\10.0.8\ref\net10.0\System.IO.Pipes.dll
  - System.IO.UnmanagedMemoryStream.dll 10.0.8 at C:\Program Files\dotnet\packs\Microsoft.NETCore.App.Ref\10.0.8\ref\net10.0\System.IO.UnmanagedMemoryStream.dll
  - System.Linq.AsyncEnumerable.dll 10.0.8 at C:\Program Files\dotnet\packs\Microsoft.NETCore.App.Ref\10.0.8\ref\net10.0\System.Linq.AsyncEnumerable.dll
  - System.Linq.dll 10.0.8 at C:\Program Files\dotnet\packs\Microsoft.NETCore.App.Ref\10.0.8\ref\net10.0\System.Linq.dll
  - System.Linq.Expressions.dll 10.0.8 at C:\Program Files\dotnet\packs\Microsoft.NETCore.App.Ref\10.0.8\ref\net10.0\System.Linq.Expressions.dll
  - System.Linq.Parallel.dll 10.0.8 at C:\Program Files\dotnet\packs\Microsoft.NETCore.App.Ref\10.0.8\ref\net10.0\System.Linq.Parallel.dll
  - System.Linq.Queryable.dll 10.0.8 at C:\Program Files\dotnet\packs\Microsoft.NETCore.App.Ref\10.0.8\ref\net10.0\System.Linq.Queryable.dll
  - System.Memory.dll 10.0.8 at C:\Program Files\dotnet\packs\Microsoft.NETCore.App.Ref\10.0.8\ref\net10.0\System.Memory.dll
  - System.Net.dll 10.0.8 at C:\Program Files\dotnet\packs\Microsoft.NETCore.App.Ref\10.0.8\ref\net10.0\System.Net.dll
  - System.Net.Http.dll 10.0.8 at C:\Program Files\dotnet\packs\Microsoft.NETCore.App.Ref\10.0.8\ref\net10.0\System.Net.Http.dll
  - System.Net.Http.Json.dll 10.0.8 at C:\Program Files\dotnet\packs\Microsoft.NETCore.App.Ref\10.0.8\ref\net10.0\System.Net.Http.Json.dll
  - System.Net.HttpListener.dll 10.0.8 at C:\Program Files\dotnet\packs\Microsoft.NETCore.App.Ref\10.0.8\ref\net10.0\System.Net.HttpListener.dll
  - System.Net.Mail.dll 10.0.8 at C:\Program Files\dotnet\packs\Microsoft.NETCore.App.Ref\10.0.8\ref\net10.0\System.Net.Mail.dll
  - System.Net.NameResolution.dll 10.0.8 at C:\Program Files\dotnet\packs\Microsoft.NETCore.App.Ref\10.0.8\ref\net10.0\System.Net.NameResolution.dll
  - System.Net.NetworkInformation.dll 10.0.8 at C:\Program Files\dotnet\packs\Microsoft.NETCore.App.Ref\10.0.8\ref\net10.0\System.Net.NetworkInformation.dll
  - System.Net.Ping.dll 10.0.8 at C:\Program Files\dotnet\packs\Microsoft.NETCore.App.Ref\10.0.8\ref\net10.0\System.Net.Ping.dll
  - System.Net.Primitives.dll 10.0.8 at C:\Program Files\dotnet\packs\Microsoft.NETCore.App.Ref\10.0.8\ref\net10.0\System.Net.Primitives.dll
  - System.Net.Quic.dll 10.0.8 at C:\Program Files\dotnet\packs\Microsoft.NETCore.App.Ref\10.0.8\ref\net10.0\System.Net.Quic.dll
  - System.Net.Requests.dll 10.0.8 at C:\Program Files\dotnet\packs\Microsoft.NETCore.App.Ref\10.0.8\ref\net10.0\System.Net.Requests.dll
  - System.Net.Security.dll 10.0.8 at C:\Program Files\dotnet\packs\Microsoft.NETCore.App.Ref\10.0.8\ref\net10.0\System.Net.Security.dll
  - System.Net.ServerSentEvents.dll 10.0.8 at C:\Program Files\dotnet\packs\Microsoft.NETCore.App.Ref\10.0.8\ref\net10.0\System.Net.ServerSentEvents.dll
  - System.Net.ServicePoint.dll 10.0.8 at C:\Program Files\dotnet\packs\Microsoft.NETCore.App.Ref\10.0.8\ref\net10.0\System.Net.ServicePoint.dll
  - System.Net.Sockets.dll 10.0.8 at C:\Program Files\dotnet\packs\Microsoft.NETCore.App.Ref\10.0.8\ref\net10.0\System.Net.Sockets.dll
  - System.Net.WebClient.dll 10.0.8 at C:\Program Files\dotnet\packs\Microsoft.NETCore.App.Ref\10.0.8\ref\net10.0\System.Net.WebClient.dll
  - System.Net.WebHeaderCollection.dll 10.0.8 at C:\Program Files\dotnet\packs\Microsoft.NETCore.App.Ref\10.0.8\ref\net10.0\System.Net.WebHeaderCollection.dll
  - System.Net.WebProxy.dll 10.0.8 at C:\Program Files\dotnet\packs\Microsoft.NETCore.App.Ref\10.0.8\ref\net10.0\System.Net.WebProxy.dll
  - System.Net.WebSockets.Client.dll 10.0.8 at C:\Program Files\dotnet\packs\Microsoft.NETCore.App.Ref\10.0.8\ref\net10.0\System.Net.WebSockets.Client.dll
  - System.Net.WebSockets.dll 10.0.8 at C:\Program Files\dotnet\packs\Microsoft.NETCore.App.Ref\10.0.8\ref\net10.0\System.Net.WebSockets.dll
  - System.Numerics.dll 10.0.8 at C:\Program Files\dotnet\packs\Microsoft.NETCore.App.Ref\10.0.8\ref\net10.0\System.Numerics.dll
  - System.Numerics.Tensors.dll 10.0.4 at C:\Users\tddkhanh\.nuget\packages\system.numerics.tensors\10.0.4\lib\net10.0\System.Numerics.Tensors.dll
  - System.Numerics.Vectors.dll 10.0.8 at C:\Program Files\dotnet\packs\Microsoft.NETCore.App.Ref\10.0.8\ref\net10.0\System.Numerics.Vectors.dll
  - System.ObjectModel.dll 10.0.8 at C:\Program Files\dotnet\packs\Microsoft.NETCore.App.Ref\10.0.8\ref\net10.0\System.ObjectModel.dll
  - System.Reflection.DispatchProxy.dll 10.0.8 at C:\Program Files\dotnet\packs\Microsoft.NETCore.App.Ref\10.0.8\ref\net10.0\System.Reflection.DispatchProxy.dll
  - System.Reflection.dll 10.0.8 at C:\Program Files\dotnet\packs\Microsoft.NETCore.App.Ref\10.0.8\ref\net10.0\System.Reflection.dll
  - System.Reflection.Emit.dll 10.0.8 at C:\Program Files\dotnet\packs\Microsoft.NETCore.App.Ref\10.0.8\ref\net10.0\System.Reflection.Emit.dll
  - System.Reflection.Emit.ILGeneration.dll 10.0.8 at C:\Program Files\dotnet\packs\Microsoft.NETCore.App.Ref\10.0.8\ref\net10.0\System.Reflection.Emit.ILGeneration.dll
  - System.Reflection.Emit.Lightweight.dll 10.0.8 at C:\Program Files\dotnet\packs\Microsoft.NETCore.App.Ref\10.0.8\ref\net10.0\System.Reflection.Emit.Lightweight.dll
  - System.Reflection.Extensions.dll 10.0.8 at C:\Program Files\dotnet\packs\Microsoft.NETCore.App.Ref\10.0.8\ref\net10.0\System.Reflection.Extensions.dll
  - System.Reflection.Metadata.dll 10.0.8 at C:\Program Files\dotnet\packs\Microsoft.NETCore.App.Ref\10.0.8\ref\net10.0\System.Reflection.Metadata.dll
  - System.Reflection.Primitives.dll 10.0.8 at C:\Program Files\dotnet\packs\Microsoft.NETCore.App.Ref\10.0.8\ref\net10.0\System.Reflection.Primitives.dll
  - System.Reflection.TypeExtensions.dll 10.0.8 at C:\Program Files\dotnet\packs\Microsoft.NETCore.App.Ref\10.0.8\ref\net10.0\System.Reflection.TypeExtensions.dll
  - System.Resources.Reader.dll 10.0.8 at C:\Program Files\dotnet\packs\Microsoft.NETCore.App.Ref\10.0.8\ref\net10.0\System.Resources.Reader.dll
  - System.Resources.ResourceManager.dll 10.0.8 at C:\Program Files\dotnet\packs\Microsoft.NETCore.App.Ref\10.0.8\ref\net10.0\System.Resources.ResourceManager.dll
  - System.Resources.Writer.dll 10.0.8 at C:\Program Files\dotnet\packs\Microsoft.NETCore.App.Ref\10.0.8\ref\net10.0\System.Resources.Writer.dll
  - System.Runtime.CompilerServices.Unsafe.dll 10.0.8 at C:\Program Files\dotnet\packs\Microsoft.NETCore.App.Ref\10.0.8\ref\net10.0\System.Runtime.CompilerServices.Unsafe.dll
  - System.Runtime.CompilerServices.VisualC.dll 10.0.8 at C:\Program Files\dotnet\packs\Microsoft.NETCore.App.Ref\10.0.8\ref\net10.0\System.Runtime.CompilerServices.VisualC.dll
  - System.Runtime.dll 10.0.8 at C:\Program Files\dotnet\packs\Microsoft.NETCore.App.Ref\10.0.8\ref\net10.0\System.Runtime.dll
  - System.Runtime.Extensions.dll 10.0.8 at C:\Program Files\dotnet\packs\Microsoft.NETCore.App.Ref\10.0.8\ref\net10.0\System.Runtime.Extensions.dll
  - System.Runtime.Handles.dll 10.0.8 at C:\Program Files\dotnet\packs\Microsoft.NETCore.App.Ref\10.0.8\ref\net10.0\System.Runtime.Handles.dll
  - System.Runtime.InteropServices.dll 10.0.8 at C:\Program Files\dotnet\packs\Microsoft.NETCore.App.Ref\10.0.8\ref\net10.0\System.Runtime.InteropServices.dll
  - System.Runtime.InteropServices.JavaScript.dll 10.0.8 at C:\Program Files\dotnet\packs\Microsoft.NETCore.App.Ref\10.0.8\ref\net10.0\System.Runtime.InteropServices.JavaScript.dll
  - System.Runtime.InteropServices.RuntimeInformation.dll 10.0.8 at C:\Program Files\dotnet\packs\Microsoft.NETCore.App.Ref\10.0.8\ref\net10.0\System.Runtime.InteropServices.RuntimeInformation.dll
  - System.Runtime.Intrinsics.dll 10.0.8 at C:\Program Files\dotnet\packs\Microsoft.NETCore.App.Ref\10.0.8\ref\net10.0\System.Runtime.Intrinsics.dll
  - System.Runtime.Loader.dll 10.0.8 at C:\Program Files\dotnet\packs\Microsoft.NETCore.App.Ref\10.0.8\ref\net10.0\System.Runtime.Loader.dll
  - System.Runtime.Numerics.dll 10.0.8 at C:\Program Files\dotnet\packs\Microsoft.NETCore.App.Ref\10.0.8\ref\net10.0\System.Runtime.Numerics.dll
  - System.Runtime.Serialization.dll 10.0.8 at C:\Program Files\dotnet\packs\Microsoft.NETCore.App.Ref\10.0.8\ref\net10.0\System.Runtime.Serialization.dll
  - System.Runtime.Serialization.Formatters.dll 10.0.8 at C:\Program Files\dotnet\packs\Microsoft.NETCore.App.Ref\10.0.8\ref\net10.0\System.Runtime.Serialization.Formatters.dll
  - System.Runtime.Serialization.Json.dll 10.0.8 at C:\Program Files\dotnet\packs\Microsoft.NETCore.App.Ref\10.0.8\ref\net10.0\System.Runtime.Serialization.Json.dll
  - System.Runtime.Serialization.Primitives.dll 10.0.8 at C:\Program Files\dotnet\packs\Microsoft.NETCore.App.Ref\10.0.8\ref\net10.0\System.Runtime.Serialization.Primitives.dll
  - System.Runtime.Serialization.Xml.dll 10.0.8 at C:\Program Files\dotnet\packs\Microsoft.NETCore.App.Ref\10.0.8\ref\net10.0\System.Runtime.Serialization.Xml.dll
  - System.Security.AccessControl.dll 10.0.8 at C:\Program Files\dotnet\packs\Microsoft.NETCore.App.Ref\10.0.8\ref\net10.0\System.Security.AccessControl.dll
  - System.Security.Claims.dll 10.0.8 at C:\Program Files\dotnet\packs\Microsoft.NETCore.App.Ref\10.0.8\ref\net10.0\System.Security.Claims.dll
  - System.Security.Cryptography.Algorithms.dll 10.0.8 at C:\Program Files\dotnet\packs\Microsoft.NETCore.App.Ref\10.0.8\ref\net10.0\System.Security.Cryptography.Algorithms.dll
  - System.Security.Cryptography.Cng.dll 10.0.8 at C:\Program Files\dotnet\packs\Microsoft.NETCore.App.Ref\10.0.8\ref\net10.0\System.Security.Cryptography.Cng.dll
  - System.Security.Cryptography.Csp.dll 10.0.8 at C:\Program Files\dotnet\packs\Microsoft.NETCore.App.Ref\10.0.8\ref\net10.0\System.Security.Cryptography.Csp.dll
  - System.Security.Cryptography.dll 10.0.8 at C:\Program Files\dotnet\packs\Microsoft.NETCore.App.Ref\10.0.8\ref\net10.0\System.Security.Cryptography.dll
  - System.Security.Cryptography.Encoding.dll 10.0.8 at C:\Program Files\dotnet\packs\Microsoft.NETCore.App.Ref\10.0.8\ref\net10.0\System.Security.Cryptography.Encoding.dll
  - System.Security.Cryptography.OpenSsl.dll 10.0.8 at C:\Program Files\dotnet\packs\Microsoft.NETCore.App.Ref\10.0.8\ref\net10.0\System.Security.Cryptography.OpenSsl.dll
  - System.Security.Cryptography.Pkcs.dll 9.0.9 at C:\Users\tddkhanh\.nuget\packages\system.security.cryptography.pkcs\9.0.9\lib\net9.0\System.Security.Cryptography.Pkcs.dll
  - System.Security.Cryptography.Primitives.dll 10.0.8 at C:\Program Files\dotnet\packs\Microsoft.NETCore.App.Ref\10.0.8\ref\net10.0\System.Security.Cryptography.Primitives.dll
  - System.Security.Cryptography.X509Certificates.dll 10.0.8 at C:\Program Files\dotnet\packs\Microsoft.NETCore.App.Ref\10.0.8\ref\net10.0\System.Security.Cryptography.X509Certificates.dll
  - System.Security.Cryptography.Xml.dll 10.0.8 at C:\Program Files\dotnet\packs\Microsoft.AspNetCore.App.Ref\10.0.8\ref\net10.0\System.Security.Cryptography.Xml.dll
  - System.Security.dll 10.0.8 at C:\Program Files\dotnet\packs\Microsoft.NETCore.App.Ref\10.0.8\ref\net10.0\System.Security.dll
  - System.Security.Principal.dll 10.0.8 at C:\Program Files\dotnet\packs\Microsoft.NETCore.App.Ref\10.0.8\ref\net10.0\System.Security.Principal.dll
  - System.Security.Principal.Windows.dll 10.0.8 at C:\Program Files\dotnet\packs\Microsoft.NETCore.App.Ref\10.0.8\ref\net10.0\System.Security.Principal.Windows.dll
  - System.Security.SecureString.dll 10.0.8 at C:\Program Files\dotnet\packs\Microsoft.NETCore.App.Ref\10.0.8\ref\net10.0\System.Security.SecureString.dll
  - System.ServiceModel.Web.dll 10.0.8 at C:\Program Files\dotnet\packs\Microsoft.NETCore.App.Ref\10.0.8\ref\net10.0\System.ServiceModel.Web.dll
  - System.ServiceProcess.dll 10.0.8 at C:\Program Files\dotnet\packs\Microsoft.NETCore.App.Ref\10.0.8\ref\net10.0\System.ServiceProcess.dll
  - System.Text.Encoding.CodePages.dll 10.0.8 at C:\Program Files\dotnet\packs\Microsoft.NETCore.App.Ref\10.0.8\ref\net10.0\System.Text.Encoding.CodePages.dll
  - System.Text.Encoding.dll 10.0.8 at C:\Program Files\dotnet\packs\Microsoft.NETCore.App.Ref\10.0.8\ref\net10.0\System.Text.Encoding.dll
  - System.Text.Encoding.Extensions.dll 10.0.8 at C:\Program Files\dotnet\packs\Microsoft.NETCore.App.Ref\10.0.8\ref\net10.0\System.Text.Encoding.Extensions.dll
  - System.Text.Encodings.Web.dll 10.0.8 at C:\Program Files\dotnet\packs\Microsoft.NETCore.App.Ref\10.0.8\ref\net10.0\System.Text.Encodings.Web.dll
  - System.Text.Json.dll 10.0.8 at C:\Program Files\dotnet\packs\Microsoft.NETCore.App.Ref\10.0.8\ref\net10.0\System.Text.Json.dll
  - System.Text.RegularExpressions.dll 10.0.8 at C:\Program Files\dotnet\packs\Microsoft.NETCore.App.Ref\10.0.8\ref\net10.0\System.Text.RegularExpressions.dll
  - System.Threading.AccessControl.dll 10.0.8 at C:\Program Files\dotnet\packs\Microsoft.NETCore.App.Ref\10.0.8\ref\net10.0\System.Threading.AccessControl.dll
  - System.Threading.Channels.dll 10.0.8 at C:\Program Files\dotnet\packs\Microsoft.NETCore.App.Ref\10.0.8\ref\net10.0\System.Threading.Channels.dll
  - System.Threading.dll 10.0.8 at C:\Program Files\dotnet\packs\Microsoft.NETCore.App.Ref\10.0.8\ref\net10.0\System.Threading.dll
  - System.Threading.Overlapped.dll 10.0.8 at C:\Program Files\dotnet\packs\Microsoft.NETCore.App.Ref\10.0.8\ref\net10.0\System.Threading.Overlapped.dll
  - System.Threading.RateLimiting.dll 10.0.8 at C:\Program Files\dotnet\packs\Microsoft.AspNetCore.App.Ref\10.0.8\ref\net10.0\System.Threading.RateLimiting.dll
  - System.Threading.Tasks.Dataflow.dll 10.0.8 at C:\Program Files\dotnet\packs\Microsoft.NETCore.App.Ref\10.0.8\ref\net10.0\System.Threading.Tasks.Dataflow.dll
  - System.Threading.Tasks.dll 10.0.8 at C:\Program Files\dotnet\packs\Microsoft.NETCore.App.Ref\10.0.8\ref\net10.0\System.Threading.Tasks.dll
  - System.Threading.Tasks.Extensions.dll 10.0.8 at C:\Program Files\dotnet\packs\Microsoft.NETCore.App.Ref\10.0.8\ref\net10.0\System.Threading.Tasks.Extensions.dll
  - System.Threading.Tasks.Parallel.dll 10.0.8 at C:\Program Files\dotnet\packs\Microsoft.NETCore.App.Ref\10.0.8\ref\net10.0\System.Threading.Tasks.Parallel.dll
  - System.Threading.Thread.dll 10.0.8 at C:\Program Files\dotnet\packs\Microsoft.NETCore.App.Ref\10.0.8\ref\net10.0\System.Threading.Thread.dll
  - System.Threading.ThreadPool.dll 10.0.8 at C:\Program Files\dotnet\packs\Microsoft.NETCore.App.Ref\10.0.8\ref\net10.0\System.Threading.ThreadPool.dll
  - System.Threading.Timer.dll 10.0.8 at C:\Program Files\dotnet\packs\Microsoft.NETCore.App.Ref\10.0.8\ref\net10.0\System.Threading.Timer.dll
  - System.Transactions.dll 10.0.8 at C:\Program Files\dotnet\packs\Microsoft.NETCore.App.Ref\10.0.8\ref\net10.0\System.Transactions.dll
  - System.Transactions.Local.dll 10.0.8 at C:\Program Files\dotnet\packs\Microsoft.NETCore.App.Ref\10.0.8\ref\net10.0\System.Transactions.Local.dll
  - System.ValueTuple.dll 10.0.8 at C:\Program Files\dotnet\packs\Microsoft.NETCore.App.Ref\10.0.8\ref\net10.0\System.ValueTuple.dll
  - System.Web.dll 10.0.8 at C:\Program Files\dotnet\packs\Microsoft.NETCore.App.Ref\10.0.8\ref\net10.0\System.Web.dll
  - System.Web.HttpUtility.dll 10.0.8 at C:\Program Files\dotnet\packs\Microsoft.NETCore.App.Ref\10.0.8\ref\net10.0\System.Web.HttpUtility.dll
  - System.Windows.dll 10.0.8 at C:\Program Files\dotnet\packs\Microsoft.NETCore.App.Ref\10.0.8\ref\net10.0\System.Windows.dll
  - System.Xml.dll 10.0.8 at C:\Program Files\dotnet\packs\Microsoft.NETCore.App.Ref\10.0.8\ref\net10.0\System.Xml.dll
  - System.Xml.Linq.dll 10.0.8 at C:\Program Files\dotnet\packs\Microsoft.NETCore.App.Ref\10.0.8\ref\net10.0\System.Xml.Linq.dll
  - System.Xml.ReaderWriter.dll 10.0.8 at C:\Program Files\dotnet\packs\Microsoft.NETCore.App.Ref\10.0.8\ref\net10.0\System.Xml.ReaderWriter.dll
  - System.Xml.Serialization.dll 10.0.8 at C:\Program Files\dotnet\packs\Microsoft.NETCore.App.Ref\10.0.8\ref\net10.0\System.Xml.Serialization.dll
  - System.Xml.XDocument.dll 10.0.8 at C:\Program Files\dotnet\packs\Microsoft.NETCore.App.Ref\10.0.8\ref\net10.0\System.Xml.XDocument.dll
  - System.Xml.XmlDocument.dll 10.0.8 at C:\Program Files\dotnet\packs\Microsoft.NETCore.App.Ref\10.0.8\ref\net10.0\System.Xml.XmlDocument.dll
  - System.Xml.XmlSerializer.dll 10.0.8 at C:\Program Files\dotnet\packs\Microsoft.NETCore.App.Ref\10.0.8\ref\net10.0\System.Xml.XmlSerializer.dll
  - System.Xml.XPath.dll 10.0.8 at C:\Program Files\dotnet\packs\Microsoft.NETCore.App.Ref\10.0.8\ref\net10.0\System.Xml.XPath.dll
  - System.Xml.XPath.XDocument.dll 10.0.8 at C:\Program Files\dotnet\packs\Microsoft.NETCore.App.Ref\10.0.8\ref\net10.0\System.Xml.XPath.XDocument.dll
  - Telerik.AI.SmartComponents.Extensions.dll 2.2.1 at C:\Users\tddkhanh\.nuget\packages\telerik.ai.smartcomponents.extensions\2.2.1\lib\net8.0\Telerik.AI.SmartComponents.Extensions.dll
  - Telerik.Blazor.dll 14.0.0 at C:\Users\tddkhanh\.nuget\packages\telerik.ui.for.blazor\14.0.0\lib\net8.0\Telerik.Blazor.dll
  - Telerik.DataSource.dll 4.1.0 at C:\Users\tddkhanh\.nuget\packages\telerik.datasource\4.1.0\lib\net8.0\Telerik.DataSource.dll
  - Telerik.Documents.Core.dll 2026.2.519 at C:\Users\tddkhanh\.nuget\packages\telerik.documents.core\2026.2.519\lib\netstandard2.0\Telerik.Documents.Core.dll
  - Telerik.Documents.Fixed.dll 2026.2.519 at C:\Users\tddkhanh\.nuget\packages\telerik.documents.fixed\2026.2.519\lib\netstandard2.0\Telerik.Documents.Fixed.dll
  - Telerik.Documents.Spreadsheet.dll 2026.2.519 at C:\Users\tddkhanh\.nuget\packages\telerik.documents.spreadsheet\2026.2.519\lib\netstandard2.0\Telerik.Documents.Spreadsheet.dll
  - Telerik.Documents.Spreadsheet.FormatProviders.Pdf.dll 2026.2.519 at C:\Users\tddkhanh\.nuget\packages\telerik.documents.spreadsheet.formatproviders.pdf\2026.2.519\lib\netstandard2.0\Telerik.Documents.Spreadsheet.FormatProviders.Pdf.dll
  - Telerik.Documents.SpreadsheetStreaming.dll 2026.2.519 at C:\Users\tddkhanh\.nuget\packages\telerik.documents.spreadsheetstreaming\2026.2.519\lib\netstandard2.0\Telerik.Documents.SpreadsheetStreaming.dll
  - Telerik.FontIcons.dll 4.9.2 at C:\Users\tddkhanh\.nuget\packages\telerik.fonticons\4.9.2\lib\netstandard2.0\Telerik.FontIcons.dll
  - Telerik.Licensing.Runtime.dll 1.8.2 at C:\Users\tddkhanh\.nuget\packages\telerik.licensing\1.8.2\lib\net10.0\Telerik.Licensing.Runtime.dll
  - Telerik.Pivot.Core.dll 1.0.0 at C:\Users\tddkhanh\.nuget\packages\telerik.pivot.core\1.0.0\lib\net8.0\Telerik.Pivot.Core.dll
  - Telerik.Pivot.DataProviders.Xmla.dll 1.0.0 at C:\Users\tddkhanh\.nuget\packages\telerik.pivot.dataproviders.xmla\1.0.0\lib\net8.0\Telerik.Pivot.DataProviders.Xmla.dll
  - Telerik.Recurrence.dll 1.0.0 at C:\Users\tddkhanh\.nuget\packages\telerik.recurrence\1.0.0\lib\net8.0\Telerik.Recurrence.dll
  - Telerik.SvgIcons.dll 4.9.2 at C:\Users\tddkhanh\.nuget\packages\telerik.svgicons\4.9.2\lib\netstandard2.0\Telerik.SvgIcons.dll
  - Telerik.Zip.dll 2026.2.519 at C:\Users\tddkhanh\.nuget\packages\telerik.zip\2026.2.519\lib\netstandard2.0\Telerik.Zip.dll
  - WindowsBase.dll 10.0.8 at C:\Program Files\dotnet\packs\Microsoft.NETCore.App.Ref\10.0.8\ref\net10.0\WindowsBase.dll
  MachineId=T67PQYIlb9W6VOVNpg1C57e7U0Q=

[2026-05-29 06:07:38.296] [Low]   Looking for Telerik product metadata in referenced assemblies
      - C:\Users\tddkhanh\.nuget\packages\telerik.ui.for.blazor\14.0.0\lib\net8.0\Telerik.Blazor.dll
        ProductCode: BLAZOR, LicenseDate: 2026-05-20, ProductName: Telerik UI for Blazor, ProductVersion: 14.0.0.0, Flags: None
        Transitive product references:
        - DPL 2026-05-19 (redistributed by: RCWPF;RCWF;MAUI;UIXAM;WINUI;RCAJAX;KENDOUIMVC;UIASPCORE;BLAZOR) Telerik Document Processing Libraries 2026.2.519.20
      - C:\Users\tddkhanh\.nuget\packages\telerik.documents.core\2026.2.519\lib\netstandard2.0\Telerik.Documents.Core.dll
        ProductCode: DPL, LicenseDate: 2026-05-19, Redistributed By: RCWPF, RCWF, MAUI, UIXAM, WINUI, RCAJAX, KENDOUIMVC, UIASPCORE, BLAZOR, ProductName: Telerik Document Processing Libraries, ProductVersion: 2026.2.519.20, Flags: None
      - C:\Users\tddkhanh\.nuget\packages\telerik.documents.fixed\2026.2.519\lib\netstandard2.0\Telerik.Documents.Fixed.dll
        ProductCode: DPL, LicenseDate: 2026-05-19, Redistributed By: RCWPF, RCWF, MAUI, UIXAM, WINUI, RCAJAX, KENDOUIMVC, UIASPCORE, BLAZOR, ProductName: Telerik Document Processing Libraries, ProductVersion: 2026.2.519.20, Flags: None
      - C:\Users\tddkhanh\.nuget\packages\telerik.documents.spreadsheet\2026.2.519\lib\netstandard2.0\Telerik.Documents.Spreadsheet.dll
        ProductCode: DPL, LicenseDate: 2026-05-19, Redistributed By: RCWPF, RCWF, MAUI, UIXAM, WINUI, RCAJAX, KENDOUIMVC, UIASPCORE, BLAZOR, ProductName: Telerik Document Processing Libraries, ProductVersion: 2026.2.519.20, Flags: None
      - C:\Users\tddkhanh\.nuget\packages\telerik.documents.spreadsheet.formatproviders.pdf\2026.2.519\lib\netstandard2.0\Telerik.Documents.Spreadsheet.FormatProviders.Pdf.dll
        ProductCode: DPL, LicenseDate: 2026-05-19, Redistributed By: RCWPF, RCWF, MAUI, UIXAM, WINUI, RCAJAX, KENDOUIMVC, UIASPCORE, BLAZOR, ProductName: Telerik Document Processing Libraries, ProductVersion: 2026.2.519.20, Flags: None
      - C:\Users\tddkhanh\.nuget\packages\telerik.documents.spreadsheetstreaming\2026.2.519\lib\netstandard2.0\Telerik.Documents.SpreadsheetStreaming.dll
        ProductCode: DPL, LicenseDate: 2026-05-19, Redistributed By: RCWPF, RCWF, MAUI, UIXAM, WINUI, RCAJAX, KENDOUIMVC, UIASPCORE, BLAZOR, ProductName: Telerik Document Processing Libraries, ProductVersion: 2026.2.519.20, Flags: None
      - C:\Users\tddkhanh\.nuget\packages\telerik.zip\2026.2.519\lib\netstandard2.0\Telerik.Zip.dll
        ProductCode: DPL, LicenseDate: 2026-05-19, Redistributed By: RCWPF, RCWF, MAUI, UIXAM, WINUI, RCAJAX, KENDOUIMVC, UIASPCORE, BLAZOR, ProductName: Telerik Document Processing Libraries, ProductVersion: 2026.2.519.20, Flags: None
      Unique Products:
      - "Telerik UI for Blazor" (BLAZOR) 14.0.0.0 @2026-05-20
      - "Telerik Document Processing Libraries" (DPL) 2026.2.519.20 @2026-05-19
      Found a total of 2 referenced Telerik products for net10.0

[2026-05-29 06:07:38.312] [Low]   Provision Licensing
        Looking up license file...
        - EnvironmentVariablePath: TELERIK_LICENSE_PATH (NotAvailable)
        - EnvironmentVariable: TELERIK_LICENSE (NotAvailable)
        - EnvironmentVariable: KENDO_UI_LICENSE (NotAvailable)
        - RecursiveFilePath: D:\Code\Blazor\TelerikGrid\TelerikGrid\telerik-license.txt (NotAvailable)
        - RecursiveFilePath: D:\Code\Blazor\TelerikGrid\TelerikGrid\kendo-ui-license.txt (NotAvailable)
        - RecursiveFilePath: D:\Code\Blazor\TelerikGrid\telerik-license.txt (NotAvailable)
        - RecursiveFilePath: D:\Code\Blazor\TelerikGrid\kendo-ui-license.txt (NotAvailable)
        - RecursiveFilePath: D:\Code\Blazor\telerik-license.txt (NotAvailable)
        - RecursiveFilePath: D:\Code\Blazor\kendo-ui-license.txt (NotAvailable)
        - RecursiveFilePath: D:\Code\telerik-license.txt (NotAvailable)
        - RecursiveFilePath: D:\Code\kendo-ui-license.txt (NotAvailable)
        - RecursiveFilePath: D:\telerik-license.txt (NotAvailable)
        - RecursiveFilePath: D:\kendo-ui-license.txt (NotAvailable)
        - UserDirectory: C:\Users\tddkhanh\AppData\Roaming\Telerik\telerik-license.txt (LicenseFound)
        - UserDirectory: C:\Users\tddkhanh\AppData\Roaming\Telerik\kendo-ui-license.txt (Skip)
        LicenseKey
        - AUD: t************@g****.com
        - UsedId: 344ca679-260a-4541-b9a7-cafe8537ed1f
        - LicenseId: de0ab21e-4a76-46d5-b1d8-a860fc8a108a
        - IssuedAt: 5/27/2026 11:20:30 PM
        - Licenses
          0) Trial BLAZOR, expiration 6/26/2026 3:27:27 AM, type: 'trial'
          1) Usage UserId: 344ca679-260a-4541-b9a7-cafe8537ed1f, LicenseId: de0ab21e-4a76-46d5-b1d8-a860fc8a108a, type: 'usage'

[2026-05-29 06:07:38.315] [Low]   License Resolution
        Messages
          - License OK for "Telerik UI for Blazor" (BLAZOR) 14.0.0.0 @2026-05-20 - Trial, valid until 2026-06-26.
          - License OK for "Telerik Document Processing Libraries" (DPL) 2026.2.519.20 @2026-05-19 - Trial for BLAZOR, valid until 2026-06-26.
        JWTs
          - eyJhbGciOiJSUzI1NiIsInR5cCI6IlRlbGVyaWsgTGljZW5zZSBFdmlkZW5jZSJ9.eyJjb2RlIjoiQkxBWk9SIiwidHlwZSI6InRyaWFsIiwiZXhwaXJhdGlvbiI6MTc4MjQ0NDQ0NywidXNlcklkIjoiMzQ0Y2E2NzktMjYwYS00NTQxLWI5YTctY2FmZTg1MzdlZDFmIiwibGljZW5zZUlkIjoiZGUwYWIyMWUtNGE3Ni00NmQ1LWIxZDgtYTg2MGZjOGExMDhhIn0.zRRYGeaQHW_-AN5jMEypWMNjOlATOXZHpV5AHN3NlbngssoYs7K9y_qOaxXPcylCIl3h5K6r9iwFKWe9xaIU0G-MXBTvRZpfbkiZtrYp4puaC1ONeHElHT_DqQnoqIb93UpJOBwO4SFWFzoHgPYcY7w8xTV82tVxIgXFRxwPyfGNrV7rD2oGDM3cvIFGOQT4i5dO67MzBDduG-4R9bofmMXKaj0qv69aM44f6A8t2DOPWIgTIqNcjp69XT-RM9i1zLy3sNEvrb9nntBRNqqXoj2OZtPiSjDFA6s-WWJkTpLuvZHieCL2T3LY_H0WNG2LHsYc2l4FPDttY99f0L27IA
        Licenses
          - License OK for "Telerik UI for Blazor" (BLAZOR) 14.0.0.0 @2026-05-20 - Trial, valid until 2026-06-26.
          - License OK for "Telerik Document Processing Libraries" (DPL) 2026.2.519.20 @2026-05-19 - Trial for BLAZOR, valid until 2026-06-26.

[2026-05-29 06:07:38.317] [Low] OutputType: Exe, ImportXamlTargets: False
[2026-05-29 06:07:38.317] [Low] LicenseEvidence CodeGen: Up to date!
[2026-05-29 06:07:38.328] [Low] 
      Call-Home Telerik Products (2 for net10.0)
      - "Telerik UI for Blazor" (BLAZOR) 14.0.0
      - "DPL" (DPL) 2026.2.519

[2026-05-29 06:07:38.328] [Low] 
[2026-05-29 06:07:38.329] [Low] 
      Call-Home Telerik Features (0 for net10.0)

[2026-05-29 06:07:38.329] [Low] 
[2026-05-29 06:07:38.361] [Low]   Report Telerik.Licensing
        UserId: 344ca679-260a-4541-b9a7-cafe8537ed1f
        LicenseId: de0ab21e-4a76-46d5-b1d8-a860fc8a108a
        Products
        - LicenseUsed BLAZOR 14.0.0.0 SKIPPED
        - LicenseUsed DPL 2026.2.519.20 SKIPPED
      Report finished in 00:00:00.0307187

[2026-05-29 06:07:38.362] [Low]   Sending Telemetry...
[2026-05-29 06:07:38.383] [Low]   Metrics done 00:00:00.0207462
[2026-05-29 06:07:38.384] [Normal] Resolve Telerik Products. Done (00:00:00.1936930) for net10.0
[2026-05-29 06:09:23.212] [Normal] Resolve Telerik Products.
  MSBuildProjectName=TelerikGrid
  MSBuildProjectDirectory=D:\Code\Blazor\TelerikGrid\TelerikGrid
  MSBuildProjectExtension=.csproj
  Language=C#
  OutputPath=bin\Debug\net10.0\
  Platform=AnyCPU
  TargetFramework=net10.0
  TargetFrameworks=
  TargetFrameworkVersion=v10.0
  VisualStudioVersion=18.0
  UsingMicrosoftNETSdk=true
  UsingMicrosoftNETSdkRazor=true
  UsingMicrosoftNETSdkWeb=true
  ImportXamlTargets=False
  OutputType=Exe
  UseMaui=
  NuGetPackageRoot=C:\Users\tddkhanh\.nuget\packages\

  PackageReferences
  - Telerik.UI.for.Blazor 14.0.0
  - Microsoft.AspNetCore.App.Internal.Assets 10.0.8
  ReferencePaths
  - Microsoft.AspNetCore.Antiforgery.dll 10.0.8 at C:\Program Files\dotnet\packs\Microsoft.AspNetCore.App.Ref\10.0.8\ref\net10.0\Microsoft.AspNetCore.Antiforgery.dll
  - Microsoft.AspNetCore.Authentication.Abstractions.dll 10.0.8 at C:\Program Files\dotnet\packs\Microsoft.AspNetCore.App.Ref\10.0.8\ref\net10.0\Microsoft.AspNetCore.Authentication.Abstractions.dll
  - Microsoft.AspNetCore.Authentication.BearerToken.dll 10.0.8 at C:\Program Files\dotnet\packs\Microsoft.AspNetCore.App.Ref\10.0.8\ref\net10.0\Microsoft.AspNetCore.Authentication.BearerToken.dll
  - Microsoft.AspNetCore.Authentication.Cookies.dll 10.0.8 at C:\Program Files\dotnet\packs\Microsoft.AspNetCore.App.Ref\10.0.8\ref\net10.0\Microsoft.AspNetCore.Authentication.Cookies.dll
  - Microsoft.AspNetCore.Authentication.Core.dll 10.0.8 at C:\Program Files\dotnet\packs\Microsoft.AspNetCore.App.Ref\10.0.8\ref\net10.0\Microsoft.AspNetCore.Authentication.Core.dll
  - Microsoft.AspNetCore.Authentication.dll 10.0.8 at C:\Program Files\dotnet\packs\Microsoft.AspNetCore.App.Ref\10.0.8\ref\net10.0\Microsoft.AspNetCore.Authentication.dll
  - Microsoft.AspNetCore.Authentication.OAuth.dll 10.0.8 at C:\Program Files\dotnet\packs\Microsoft.AspNetCore.App.Ref\10.0.8\ref\net10.0\Microsoft.AspNetCore.Authentication.OAuth.dll
  - Microsoft.AspNetCore.Authorization.dll 10.0.8 at C:\Program Files\dotnet\packs\Microsoft.AspNetCore.App.Ref\10.0.8\ref\net10.0\Microsoft.AspNetCore.Authorization.dll
  - Microsoft.AspNetCore.Authorization.Policy.dll 10.0.8 at C:\Program Files\dotnet\packs\Microsoft.AspNetCore.App.Ref\10.0.8\ref\net10.0\Microsoft.AspNetCore.Authorization.Policy.dll
  - Microsoft.AspNetCore.Components.Authorization.dll 10.0.8 at C:\Program Files\dotnet\packs\Microsoft.AspNetCore.App.Ref\10.0.8\ref\net10.0\Microsoft.AspNetCore.Components.Authorization.dll
  - Microsoft.AspNetCore.Components.dll 10.0.8 at C:\Program Files\dotnet\packs\Microsoft.AspNetCore.App.Ref\10.0.8\ref\net10.0\Microsoft.AspNetCore.Components.dll
  - Microsoft.AspNetCore.Components.Endpoints.dll 10.0.8 at C:\Program Files\dotnet\packs\Microsoft.AspNetCore.App.Ref\10.0.8\ref\net10.0\Microsoft.AspNetCore.Components.Endpoints.dll
  - Microsoft.AspNetCore.Components.Forms.dll 10.0.8 at C:\Program Files\dotnet\packs\Microsoft.AspNetCore.App.Ref\10.0.8\ref\net10.0\Microsoft.AspNetCore.Components.Forms.dll
  - Microsoft.AspNetCore.Components.Server.dll 10.0.8 at C:\Program Files\dotnet\packs\Microsoft.AspNetCore.App.Ref\10.0.8\ref\net10.0\Microsoft.AspNetCore.Components.Server.dll
  - Microsoft.AspNetCore.Components.Web.dll 10.0.8 at C:\Program Files\dotnet\packs\Microsoft.AspNetCore.App.Ref\10.0.8\ref\net10.0\Microsoft.AspNetCore.Components.Web.dll
  - Microsoft.AspNetCore.Connections.Abstractions.dll 10.0.8 at C:\Program Files\dotnet\packs\Microsoft.AspNetCore.App.Ref\10.0.8\ref\net10.0\Microsoft.AspNetCore.Connections.Abstractions.dll
  - Microsoft.AspNetCore.CookiePolicy.dll 10.0.8 at C:\Program Files\dotnet\packs\Microsoft.AspNetCore.App.Ref\10.0.8\ref\net10.0\Microsoft.AspNetCore.CookiePolicy.dll
  - Microsoft.AspNetCore.Cors.dll 10.0.8 at C:\Program Files\dotnet\packs\Microsoft.AspNetCore.App.Ref\10.0.8\ref\net10.0\Microsoft.AspNetCore.Cors.dll
  - Microsoft.AspNetCore.Cryptography.Internal.dll 10.0.8 at C:\Program Files\dotnet\packs\Microsoft.AspNetCore.App.Ref\10.0.8\ref\net10.0\Microsoft.AspNetCore.Cryptography.Internal.dll
  - Microsoft.AspNetCore.Cryptography.KeyDerivation.dll 10.0.8 at C:\Program Files\dotnet\packs\Microsoft.AspNetCore.App.Ref\10.0.8\ref\net10.0\Microsoft.AspNetCore.Cryptography.KeyDerivation.dll
  - Microsoft.AspNetCore.DataProtection.Abstractions.dll 10.0.8 at C:\Program Files\dotnet\packs\Microsoft.AspNetCore.App.Ref\10.0.8\ref\net10.0\Microsoft.AspNetCore.DataProtection.Abstractions.dll
  - Microsoft.AspNetCore.DataProtection.dll 10.0.8 at C:\Program Files\dotnet\packs\Microsoft.AspNetCore.App.Ref\10.0.8\ref\net10.0\Microsoft.AspNetCore.DataProtection.dll
  - Microsoft.AspNetCore.DataProtection.Extensions.dll 10.0.8 at C:\Program Files\dotnet\packs\Microsoft.AspNetCore.App.Ref\10.0.8\ref\net10.0\Microsoft.AspNetCore.DataProtection.Extensions.dll
  - Microsoft.AspNetCore.Diagnostics.Abstractions.dll 10.0.8 at C:\Program Files\dotnet\packs\Microsoft.AspNetCore.App.Ref\10.0.8\ref\net10.0\Microsoft.AspNetCore.Diagnostics.Abstractions.dll
  - Microsoft.AspNetCore.Diagnostics.dll 10.0.8 at C:\Program Files\dotnet\packs\Microsoft.AspNetCore.App.Ref\10.0.8\ref\net10.0\Microsoft.AspNetCore.Diagnostics.dll
  - Microsoft.AspNetCore.Diagnostics.HealthChecks.dll 10.0.8 at C:\Program Files\dotnet\packs\Microsoft.AspNetCore.App.Ref\10.0.8\ref\net10.0\Microsoft.AspNetCore.Diagnostics.HealthChecks.dll
  - Microsoft.AspNetCore.dll 10.0.8 at C:\Program Files\dotnet\packs\Microsoft.AspNetCore.App.Ref\10.0.8\ref\net10.0\Microsoft.AspNetCore.dll
  - Microsoft.AspNetCore.HostFiltering.dll 10.0.8 at C:\Program Files\dotnet\packs\Microsoft.AspNetCore.App.Ref\10.0.8\ref\net10.0\Microsoft.AspNetCore.HostFiltering.dll
  - Microsoft.AspNetCore.Hosting.Abstractions.dll 10.0.8 at C:\Program Files\dotnet\packs\Microsoft.AspNetCore.App.Ref\10.0.8\ref\net10.0\Microsoft.AspNetCore.Hosting.Abstractions.dll
  - Microsoft.AspNetCore.Hosting.dll 10.0.8 at C:\Program Files\dotnet\packs\Microsoft.AspNetCore.App.Ref\10.0.8\ref\net10.0\Microsoft.AspNetCore.Hosting.dll
  - Microsoft.AspNetCore.Hosting.Server.Abstractions.dll 10.0.8 at C:\Program Files\dotnet\packs\Microsoft.AspNetCore.App.Ref\10.0.8\ref\net10.0\Microsoft.AspNetCore.Hosting.Server.Abstractions.dll
  - Microsoft.AspNetCore.Html.Abstractions.dll 10.0.8 at C:\Program Files\dotnet\packs\Microsoft.AspNetCore.App.Ref\10.0.8\ref\net10.0\Microsoft.AspNetCore.Html.Abstractions.dll
  - Microsoft.AspNetCore.Http.Abstractions.dll 10.0.8 at C:\Program Files\dotnet\packs\Microsoft.AspNetCore.App.Ref\10.0.8\ref\net10.0\Microsoft.AspNetCore.Http.Abstractions.dll
  - Microsoft.AspNetCore.Http.Connections.Common.dll 10.0.8 at C:\Program Files\dotnet\packs\Microsoft.AspNetCore.App.Ref\10.0.8\ref\net10.0\Microsoft.AspNetCore.Http.Connections.Common.dll
  - Microsoft.AspNetCore.Http.Connections.dll 10.0.8 at C:\Program Files\dotnet\packs\Microsoft.AspNetCore.App.Ref\10.0.8\ref\net10.0\Microsoft.AspNetCore.Http.Connections.dll
  - Microsoft.AspNetCore.Http.dll 10.0.8 at C:\Program Files\dotnet\packs\Microsoft.AspNetCore.App.Ref\10.0.8\ref\net10.0\Microsoft.AspNetCore.Http.dll
  - Microsoft.AspNetCore.Http.Extensions.dll 10.0.8 at C:\Program Files\dotnet\packs\Microsoft.AspNetCore.App.Ref\10.0.8\ref\net10.0\Microsoft.AspNetCore.Http.Extensions.dll
  - Microsoft.AspNetCore.Http.Features.dll 10.0.8 at C:\Program Files\dotnet\packs\Microsoft.AspNetCore.App.Ref\10.0.8\ref\net10.0\Microsoft.AspNetCore.Http.Features.dll
  - Microsoft.AspNetCore.Http.Results.dll 10.0.8 at C:\Program Files\dotnet\packs\Microsoft.AspNetCore.App.Ref\10.0.8\ref\net10.0\Microsoft.AspNetCore.Http.Results.dll
  - Microsoft.AspNetCore.HttpLogging.dll 10.0.8 at C:\Program Files\dotnet\packs\Microsoft.AspNetCore.App.Ref\10.0.8\ref\net10.0\Microsoft.AspNetCore.HttpLogging.dll
  - Microsoft.AspNetCore.HttpOverrides.dll 10.0.8 at C:\Program Files\dotnet\packs\Microsoft.AspNetCore.App.Ref\10.0.8\ref\net10.0\Microsoft.AspNetCore.HttpOverrides.dll
  - Microsoft.AspNetCore.HttpsPolicy.dll 10.0.8 at C:\Program Files\dotnet\packs\Microsoft.AspNetCore.App.Ref\10.0.8\ref\net10.0\Microsoft.AspNetCore.HttpsPolicy.dll
  - Microsoft.AspNetCore.Identity.dll 10.0.8 at C:\Program Files\dotnet\packs\Microsoft.AspNetCore.App.Ref\10.0.8\ref\net10.0\Microsoft.AspNetCore.Identity.dll
  - Microsoft.AspNetCore.Localization.dll 10.0.8 at C:\Program Files\dotnet\packs\Microsoft.AspNetCore.App.Ref\10.0.8\ref\net10.0\Microsoft.AspNetCore.Localization.dll
  - Microsoft.AspNetCore.Localization.Routing.dll 10.0.8 at C:\Program Files\dotnet\packs\Microsoft.AspNetCore.App.Ref\10.0.8\ref\net10.0\Microsoft.AspNetCore.Localization.Routing.dll
  - Microsoft.AspNetCore.Metadata.dll 10.0.8 at C:\Program Files\dotnet\packs\Microsoft.AspNetCore.App.Ref\10.0.8\ref\net10.0\Microsoft.AspNetCore.Metadata.dll
  - Microsoft.AspNetCore.Mvc.Abstractions.dll 10.0.8 at C:\Program Files\dotnet\packs\Microsoft.AspNetCore.App.Ref\10.0.8\ref\net10.0\Microsoft.AspNetCore.Mvc.Abstractions.dll
  - Microsoft.AspNetCore.Mvc.ApiExplorer.dll 10.0.8 at C:\Program Files\dotnet\packs\Microsoft.AspNetCore.App.Ref\10.0.8\ref\net10.0\Microsoft.AspNetCore.Mvc.ApiExplorer.dll
  - Microsoft.AspNetCore.Mvc.Core.dll 10.0.8 at C:\Program Files\dotnet\packs\Microsoft.AspNetCore.App.Ref\10.0.8\ref\net10.0\Microsoft.AspNetCore.Mvc.Core.dll
  - Microsoft.AspNetCore.Mvc.Cors.dll 10.0.8 at C:\Program Files\dotnet\packs\Microsoft.AspNetCore.App.Ref\10.0.8\ref\net10.0\Microsoft.AspNetCore.Mvc.Cors.dll
  - Microsoft.AspNetCore.Mvc.DataAnnotations.dll 10.0.8 at C:\Program Files\dotnet\packs\Microsoft.AspNetCore.App.Ref\10.0.8\ref\net10.0\Microsoft.AspNetCore.Mvc.DataAnnotations.dll
  - Microsoft.AspNetCore.Mvc.dll 10.0.8 at C:\Program Files\dotnet\packs\Microsoft.AspNetCore.App.Ref\10.0.8\ref\net10.0\Microsoft.AspNetCore.Mvc.dll
  - Microsoft.AspNetCore.Mvc.Formatters.Json.dll 10.0.8 at C:\Program Files\dotnet\packs\Microsoft.AspNetCore.App.Ref\10.0.8\ref\net10.0\Microsoft.AspNetCore.Mvc.Formatters.Json.dll
  - Microsoft.AspNetCore.Mvc.Formatters.Xml.dll 10.0.8 at C:\Program Files\dotnet\packs\Microsoft.AspNetCore.App.Ref\10.0.8\ref\net10.0\Microsoft.AspNetCore.Mvc.Formatters.Xml.dll
  - Microsoft.AspNetCore.Mvc.Localization.dll 10.0.8 at C:\Program Files\dotnet\packs\Microsoft.AspNetCore.App.Ref\10.0.8\ref\net10.0\Microsoft.AspNetCore.Mvc.Localization.dll
  - Microsoft.AspNetCore.Mvc.Razor.dll 10.0.8 at C:\Program Files\dotnet\packs\Microsoft.AspNetCore.App.Ref\10.0.8\ref\net10.0\Microsoft.AspNetCore.Mvc.Razor.dll
  - Microsoft.AspNetCore.Mvc.RazorPages.dll 10.0.8 at C:\Program Files\dotnet\packs\Microsoft.AspNetCore.App.Ref\10.0.8\ref\net10.0\Microsoft.AspNetCore.Mvc.RazorPages.dll
  - Microsoft.AspNetCore.Mvc.TagHelpers.dll 10.0.8 at C:\Program Files\dotnet\packs\Microsoft.AspNetCore.App.Ref\10.0.8\ref\net10.0\Microsoft.AspNetCore.Mvc.TagHelpers.dll
  - Microsoft.AspNetCore.Mvc.ViewFeatures.dll 10.0.8 at C:\Program Files\dotnet\packs\Microsoft.AspNetCore.App.Ref\10.0.8\ref\net10.0\Microsoft.AspNetCore.Mvc.ViewFeatures.dll
  - Microsoft.AspNetCore.OutputCaching.dll 10.0.8 at C:\Program Files\dotnet\packs\Microsoft.AspNetCore.App.Ref\10.0.8\ref\net10.0\Microsoft.AspNetCore.OutputCaching.dll
  - Microsoft.AspNetCore.RateLimiting.dll 10.0.8 at C:\Program Files\dotnet\packs\Microsoft.AspNetCore.App.Ref\10.0.8\ref\net10.0\Microsoft.AspNetCore.RateLimiting.dll
  - Microsoft.AspNetCore.Razor.dll 10.0.8 at C:\Program Files\dotnet\packs\Microsoft.AspNetCore.App.Ref\10.0.8\ref\net10.0\Microsoft.AspNetCore.Razor.dll
  - Microsoft.AspNetCore.Razor.Runtime.dll 10.0.8 at C:\Program Files\dotnet\packs\Microsoft.AspNetCore.App.Ref\10.0.8\ref\net10.0\Microsoft.AspNetCore.Razor.Runtime.dll
  - Microsoft.AspNetCore.RequestDecompression.dll 10.0.8 at C:\Program Files\dotnet\packs\Microsoft.AspNetCore.App.Ref\10.0.8\ref\net10.0\Microsoft.AspNetCore.RequestDecompression.dll
  - Microsoft.AspNetCore.ResponseCaching.Abstractions.dll 10.0.8 at C:\Program Files\dotnet\packs\Microsoft.AspNetCore.App.Ref\10.0.8\ref\net10.0\Microsoft.AspNetCore.ResponseCaching.Abstractions.dll
  - Microsoft.AspNetCore.ResponseCaching.dll 10.0.8 at C:\Program Files\dotnet\packs\Microsoft.AspNetCore.App.Ref\10.0.8\ref\net10.0\Microsoft.AspNetCore.ResponseCaching.dll
  - Microsoft.AspNetCore.ResponseCompression.dll 10.0.8 at C:\Program Files\dotnet\packs\Microsoft.AspNetCore.App.Ref\10.0.8\ref\net10.0\Microsoft.AspNetCore.ResponseCompression.dll
  - Microsoft.AspNetCore.Rewrite.dll 10.0.8 at C:\Program Files\dotnet\packs\Microsoft.AspNetCore.App.Ref\10.0.8\ref\net10.0\Microsoft.AspNetCore.Rewrite.dll
  - Microsoft.AspNetCore.Routing.Abstractions.dll 10.0.8 at C:\Program Files\dotnet\packs\Microsoft.AspNetCore.App.Ref\10.0.8\ref\net10.0\Microsoft.AspNetCore.Routing.Abstractions.dll
  - Microsoft.AspNetCore.Routing.dll 10.0.8 at C:\Program Files\dotnet\packs\Microsoft.AspNetCore.App.Ref\10.0.8\ref\net10.0\Microsoft.AspNetCore.Routing.dll
  - Microsoft.AspNetCore.Server.HttpSys.dll 10.0.8 at C:\Program Files\dotnet\packs\Microsoft.AspNetCore.App.Ref\10.0.8\ref\net10.0\Microsoft.AspNetCore.Server.HttpSys.dll
  - Microsoft.AspNetCore.Server.IIS.dll 10.0.8 at C:\Program Files\dotnet\packs\Microsoft.AspNetCore.App.Ref\10.0.8\ref\net10.0\Microsoft.AspNetCore.Server.IIS.dll
  - Microsoft.AspNetCore.Server.IISIntegration.dll 10.0.8 at C:\Program Files\dotnet\packs\Microsoft.AspNetCore.App.Ref\10.0.8\ref\net10.0\Microsoft.AspNetCore.Server.IISIntegration.dll
  - Microsoft.AspNetCore.Server.Kestrel.Core.dll 10.0.8 at C:\Program Files\dotnet\packs\Microsoft.AspNetCore.App.Ref\10.0.8\ref\net10.0\Microsoft.AspNetCore.Server.Kestrel.Core.dll
  - Microsoft.AspNetCore.Server.Kestrel.dll 10.0.8 at C:\Program Files\dotnet\packs\Microsoft.AspNetCore.App.Ref\10.0.8\ref\net10.0\Microsoft.AspNetCore.Server.Kestrel.dll
  - Microsoft.AspNetCore.Server.Kestrel.Transport.NamedPipes.dll 10.0.8 at C:\Program Files\dotnet\packs\Microsoft.AspNetCore.App.Ref\10.0.8\ref\net10.0\Microsoft.AspNetCore.Server.Kestrel.Transport.NamedPipes.dll
  - Microsoft.AspNetCore.Server.Kestrel.Transport.Quic.dll 10.0.8 at C:\Program Files\dotnet\packs\Microsoft.AspNetCore.App.Ref\10.0.8\ref\net10.0\Microsoft.AspNetCore.Server.Kestrel.Transport.Quic.dll
  - Microsoft.AspNetCore.Server.Kestrel.Transport.Sockets.dll 10.0.8 at C:\Program Files\dotnet\packs\Microsoft.AspNetCore.App.Ref\10.0.8\ref\net10.0\Microsoft.AspNetCore.Server.Kestrel.Transport.Sockets.dll
  - Microsoft.AspNetCore.Session.dll 10.0.8 at C:\Program Files\dotnet\packs\Microsoft.AspNetCore.App.Ref\10.0.8\ref\net10.0\Microsoft.AspNetCore.Session.dll
  - Microsoft.AspNetCore.SignalR.Common.dll 10.0.8 at C:\Program Files\dotnet\packs\Microsoft.AspNetCore.App.Ref\10.0.8\ref\net10.0\Microsoft.AspNetCore.SignalR.Common.dll
  - Microsoft.AspNetCore.SignalR.Core.dll 10.0.8 at C:\Program Files\dotnet\packs\Microsoft.AspNetCore.App.Ref\10.0.8\ref\net10.0\Microsoft.AspNetCore.SignalR.Core.dll
  - Microsoft.AspNetCore.SignalR.dll 10.0.8 at C:\Program Files\dotnet\packs\Microsoft.AspNetCore.App.Ref\10.0.8\ref\net10.0\Microsoft.AspNetCore.SignalR.dll
  - Microsoft.AspNetCore.SignalR.Protocols.Json.dll 10.0.8 at C:\Program Files\dotnet\packs\Microsoft.AspNetCore.App.Ref\10.0.8\ref\net10.0\Microsoft.AspNetCore.SignalR.Protocols.Json.dll
  - Microsoft.AspNetCore.StaticAssets.dll 10.0.8 at C:\Program Files\dotnet\packs\Microsoft.AspNetCore.App.Ref\10.0.8\ref\net10.0\Microsoft.AspNetCore.StaticAssets.dll
  - Microsoft.AspNetCore.StaticFiles.dll 10.0.8 at C:\Program Files\dotnet\packs\Microsoft.AspNetCore.App.Ref\10.0.8\ref\net10.0\Microsoft.AspNetCore.StaticFiles.dll
  - Microsoft.AspNetCore.WebSockets.dll 10.0.8 at C:\Program Files\dotnet\packs\Microsoft.AspNetCore.App.Ref\10.0.8\ref\net10.0\Microsoft.AspNetCore.WebSockets.dll
  - Microsoft.AspNetCore.WebUtilities.dll 10.0.8 at C:\Program Files\dotnet\packs\Microsoft.AspNetCore.App.Ref\10.0.8\ref\net10.0\Microsoft.AspNetCore.WebUtilities.dll
  - Microsoft.CSharp.dll 10.0.8 at C:\Program Files\dotnet\packs\Microsoft.NETCore.App.Ref\10.0.8\ref\net10.0\Microsoft.CSharp.dll
  - Microsoft.Extensions.AI.Abstractions.dll 10.4.0 at C:\Users\tddkhanh\.nuget\packages\microsoft.extensions.ai.abstractions\10.4.0\lib\net10.0\Microsoft.Extensions.AI.Abstractions.dll
  - Microsoft.Extensions.AI.dll 10.4.0 at C:\Users\tddkhanh\.nuget\packages\microsoft.extensions.ai\10.4.0\lib\net10.0\Microsoft.Extensions.AI.dll
  - Microsoft.Extensions.Caching.Abstractions.dll 10.0.8 at C:\Program Files\dotnet\packs\Microsoft.AspNetCore.App.Ref\10.0.8\ref\net10.0\Microsoft.Extensions.Caching.Abstractions.dll
  - Microsoft.Extensions.Caching.Memory.dll 10.0.8 at C:\Program Files\dotnet\packs\Microsoft.AspNetCore.App.Ref\10.0.8\ref\net10.0\Microsoft.Extensions.Caching.Memory.dll
  - Microsoft.Extensions.Configuration.Abstractions.dll 10.0.8 at C:\Program Files\dotnet\packs\Microsoft.AspNetCore.App.Ref\10.0.8\ref\net10.0\Microsoft.Extensions.Configuration.Abstractions.dll
  - Microsoft.Extensions.Configuration.Binder.dll 10.0.8 at C:\Program Files\dotnet\packs\Microsoft.AspNetCore.App.Ref\10.0.8\ref\net10.0\Microsoft.Extensions.Configuration.Binder.dll
  - Microsoft.Extensions.Configuration.CommandLine.dll 10.0.8 at C:\Program Files\dotnet\packs\Microsoft.AspNetCore.App.Ref\10.0.8\ref\net10.0\Microsoft.Extensions.Configuration.CommandLine.dll
  - Microsoft.Extensions.Configuration.dll 10.0.8 at C:\Program Files\dotnet\packs\Microsoft.AspNetCore.App.Ref\10.0.8\ref\net10.0\Microsoft.Extensions.Configuration.dll
  - Microsoft.Extensions.Configuration.EnvironmentVariables.dll 10.0.8 at C:\Program Files\dotnet\packs\Microsoft.AspNetCore.App.Ref\10.0.8\ref\net10.0\Microsoft.Extensions.Configuration.EnvironmentVariables.dll
  - Microsoft.Extensions.Configuration.FileExtensions.dll 10.0.8 at C:\Program Files\dotnet\packs\Microsoft.AspNetCore.App.Ref\10.0.8\ref\net10.0\Microsoft.Extensions.Configuration.FileExtensions.dll
  - Microsoft.Extensions.Configuration.Ini.dll 10.0.8 at C:\Program Files\dotnet\packs\Microsoft.AspNetCore.App.Ref\10.0.8\ref\net10.0\Microsoft.Extensions.Configuration.Ini.dll
  - Microsoft.Extensions.Configuration.Json.dll 10.0.8 at C:\Program Files\dotnet\packs\Microsoft.AspNetCore.App.Ref\10.0.8\ref\net10.0\Microsoft.Extensions.Configuration.Json.dll
  - Microsoft.Extensions.Configuration.KeyPerFile.dll 10.0.8 at C:\Program Files\dotnet\packs\Microsoft.AspNetCore.App.Ref\10.0.8\ref\net10.0\Microsoft.Extensions.Configuration.KeyPerFile.dll
  - Microsoft.Extensions.Configuration.UserSecrets.dll 10.0.8 at C:\Program Files\dotnet\packs\Microsoft.AspNetCore.App.Ref\10.0.8\ref\net10.0\Microsoft.Extensions.Configuration.UserSecrets.dll
  - Microsoft.Extensions.Configuration.Xml.dll 10.0.8 at C:\Program Files\dotnet\packs\Microsoft.AspNetCore.App.Ref\10.0.8\ref\net10.0\Microsoft.Extensions.Configuration.Xml.dll
  - Microsoft.Extensions.DependencyInjection.Abstractions.dll 10.0.8 at C:\Program Files\dotnet\packs\Microsoft.AspNetCore.App.Ref\10.0.8\ref\net10.0\Microsoft.Extensions.DependencyInjection.Abstractions.dll
  - Microsoft.Extensions.DependencyInjection.dll 10.0.8 at C:\Program Files\dotnet\packs\Microsoft.AspNetCore.App.Ref\10.0.8\ref\net10.0\Microsoft.Extensions.DependencyInjection.dll
  - Microsoft.Extensions.Diagnostics.Abstractions.dll 10.0.8 at C:\Program Files\dotnet\packs\Microsoft.AspNetCore.App.Ref\10.0.8\ref\net10.0\Microsoft.Extensions.Diagnostics.Abstractions.dll
  - Microsoft.Extensions.Diagnostics.dll 10.0.8 at C:\Program Files\dotnet\packs\Microsoft.AspNetCore.App.Ref\10.0.8\ref\net10.0\Microsoft.Extensions.Diagnostics.dll
  - Microsoft.Extensions.Diagnostics.HealthChecks.Abstractions.dll 10.0.8 at C:\Program Files\dotnet\packs\Microsoft.AspNetCore.App.Ref\10.0.8\ref\net10.0\Microsoft.Extensions.Diagnostics.HealthChecks.Abstractions.dll
  - Microsoft.Extensions.Diagnostics.HealthChecks.dll 10.0.8 at C:\Program Files\dotnet\packs\Microsoft.AspNetCore.App.Ref\10.0.8\ref\net10.0\Microsoft.Extensions.Diagnostics.HealthChecks.dll
  - Microsoft.Extensions.Features.dll 10.0.8 at C:\Program Files\dotnet\packs\Microsoft.AspNetCore.App.Ref\10.0.8\ref\net10.0\Microsoft.Extensions.Features.dll
  - Microsoft.Extensions.FileProviders.Abstractions.dll 10.0.8 at C:\Program Files\dotnet\packs\Microsoft.AspNetCore.App.Ref\10.0.8\ref\net10.0\Microsoft.Extensions.FileProviders.Abstractions.dll
  - Microsoft.Extensions.FileProviders.Composite.dll 10.0.8 at C:\Program Files\dotnet\packs\Microsoft.AspNetCore.App.Ref\10.0.8\ref\net10.0\Microsoft.Extensions.FileProviders.Composite.dll
  - Microsoft.Extensions.FileProviders.Embedded.dll 10.0.8 at C:\Program Files\dotnet\packs\Microsoft.AspNetCore.App.Ref\10.0.8\ref\net10.0\Microsoft.Extensions.FileProviders.Embedded.dll
  - Microsoft.Extensions.FileProviders.Physical.dll 10.0.8 at C:\Program Files\dotnet\packs\Microsoft.AspNetCore.App.Ref\10.0.8\ref\net10.0\Microsoft.Extensions.FileProviders.Physical.dll
  - Microsoft.Extensions.FileSystemGlobbing.dll 10.0.8 at C:\Program Files\dotnet\packs\Microsoft.AspNetCore.App.Ref\10.0.8\ref\net10.0\Microsoft.Extensions.FileSystemGlobbing.dll
  - Microsoft.Extensions.Hosting.Abstractions.dll 10.0.8 at C:\Program Files\dotnet\packs\Microsoft.AspNetCore.App.Ref\10.0.8\ref\net10.0\Microsoft.Extensions.Hosting.Abstractions.dll
  - Microsoft.Extensions.Hosting.dll 10.0.8 at C:\Program Files\dotnet\packs\Microsoft.AspNetCore.App.Ref\10.0.8\ref\net10.0\Microsoft.Extensions.Hosting.dll
  - Microsoft.Extensions.Http.dll 10.0.8 at C:\Program Files\dotnet\packs\Microsoft.AspNetCore.App.Ref\10.0.8\ref\net10.0\Microsoft.Extensions.Http.dll
  - Microsoft.Extensions.Identity.Core.dll 10.0.8 at C:\Program Files\dotnet\packs\Microsoft.AspNetCore.App.Ref\10.0.8\ref\net10.0\Microsoft.Extensions.Identity.Core.dll
  - Microsoft.Extensions.Identity.Stores.dll 10.0.8 at C:\Program Files\dotnet\packs\Microsoft.AspNetCore.App.Ref\10.0.8\ref\net10.0\Microsoft.Extensions.Identity.Stores.dll
  - Microsoft.Extensions.Localization.Abstractions.dll 10.0.8 at C:\Program Files\dotnet\packs\Microsoft.AspNetCore.App.Ref\10.0.8\ref\net10.0\Microsoft.Extensions.Localization.Abstractions.dll
  - Microsoft.Extensions.Localization.dll 10.0.8 at C:\Program Files\dotnet\packs\Microsoft.AspNetCore.App.Ref\10.0.8\ref\net10.0\Microsoft.Extensions.Localization.dll
  - Microsoft.Extensions.Logging.Abstractions.dll 10.0.8 at C:\Program Files\dotnet\packs\Microsoft.AspNetCore.App.Ref\10.0.8\ref\net10.0\Microsoft.Extensions.Logging.Abstractions.dll
  - Microsoft.Extensions.Logging.Configuration.dll 10.0.8 at C:\Program Files\dotnet\packs\Microsoft.AspNetCore.App.Ref\10.0.8\ref\net10.0\Microsoft.Extensions.Logging.Configuration.dll
  - Microsoft.Extensions.Logging.Console.dll 10.0.8 at C:\Program Files\dotnet\packs\Microsoft.AspNetCore.App.Ref\10.0.8\ref\net10.0\Microsoft.Extensions.Logging.Console.dll
  - Microsoft.Extensions.Logging.Debug.dll 10.0.8 at C:\Program Files\dotnet\packs\Microsoft.AspNetCore.App.Ref\10.0.8\ref\net10.0\Microsoft.Extensions.Logging.Debug.dll
  - Microsoft.Extensions.Logging.dll 10.0.8 at C:\Program Files\dotnet\packs\Microsoft.AspNetCore.App.Ref\10.0.8\ref\net10.0\Microsoft.Extensions.Logging.dll
  - Microsoft.Extensions.Logging.EventLog.dll 10.0.8 at C:\Program Files\dotnet\packs\Microsoft.AspNetCore.App.Ref\10.0.8\ref\net10.0\Microsoft.Extensions.Logging.EventLog.dll
  - Microsoft.Extensions.Logging.EventSource.dll 10.0.8 at C:\Program Files\dotnet\packs\Microsoft.AspNetCore.App.Ref\10.0.8\ref\net10.0\Microsoft.Extensions.Logging.EventSource.dll
  - Microsoft.Extensions.Logging.TraceSource.dll 10.0.8 at C:\Program Files\dotnet\packs\Microsoft.AspNetCore.App.Ref\10.0.8\ref\net10.0\Microsoft.Extensions.Logging.TraceSource.dll
  - Microsoft.Extensions.ObjectPool.dll 10.0.8 at C:\Program Files\dotnet\packs\Microsoft.AspNetCore.App.Ref\10.0.8\ref\net10.0\Microsoft.Extensions.ObjectPool.dll
  - Microsoft.Extensions.Options.ConfigurationExtensions.dll 10.0.8 at C:\Program Files\dotnet\packs\Microsoft.AspNetCore.App.Ref\10.0.8\ref\net10.0\Microsoft.Extensions.Options.ConfigurationExtensions.dll
  - Microsoft.Extensions.Options.DataAnnotations.dll 10.0.8 at C:\Program Files\dotnet\packs\Microsoft.AspNetCore.App.Ref\10.0.8\ref\net10.0\Microsoft.Extensions.Options.DataAnnotations.dll
  - Microsoft.Extensions.Options.dll 10.0.8 at C:\Program Files\dotnet\packs\Microsoft.AspNetCore.App.Ref\10.0.8\ref\net10.0\Microsoft.Extensions.Options.dll
  - Microsoft.Extensions.Primitives.dll 10.0.8 at C:\Program Files\dotnet\packs\Microsoft.AspNetCore.App.Ref\10.0.8\ref\net10.0\Microsoft.Extensions.Primitives.dll
  - Microsoft.Extensions.Validation.dll 10.0.8 at C:\Program Files\dotnet\packs\Microsoft.AspNetCore.App.Ref\10.0.8\ref\net10.0\Microsoft.Extensions.Validation.dll
  - Microsoft.Extensions.WebEncoders.dll 10.0.8 at C:\Program Files\dotnet\packs\Microsoft.AspNetCore.App.Ref\10.0.8\ref\net10.0\Microsoft.Extensions.WebEncoders.dll
  - Microsoft.JSInterop.dll 10.0.8 at C:\Program Files\dotnet\packs\Microsoft.AspNetCore.App.Ref\10.0.8\ref\net10.0\Microsoft.JSInterop.dll
  - Microsoft.Net.Http.Headers.dll 10.0.8 at C:\Program Files\dotnet\packs\Microsoft.AspNetCore.App.Ref\10.0.8\ref\net10.0\Microsoft.Net.Http.Headers.dll
  - Microsoft.VisualBasic.Core.dll 10.0.8 at C:\Program Files\dotnet\packs\Microsoft.NETCore.App.Ref\10.0.8\ref\net10.0\Microsoft.VisualBasic.Core.dll
  - Microsoft.VisualBasic.dll 10.0.8 at C:\Program Files\dotnet\packs\Microsoft.NETCore.App.Ref\10.0.8\ref\net10.0\Microsoft.VisualBasic.dll
  - Microsoft.Win32.Primitives.dll 10.0.8 at C:\Program Files\dotnet\packs\Microsoft.NETCore.App.Ref\10.0.8\ref\net10.0\Microsoft.Win32.Primitives.dll
  - Microsoft.Win32.Registry.dll 10.0.8 at C:\Program Files\dotnet\packs\Microsoft.NETCore.App.Ref\10.0.8\ref\net10.0\Microsoft.Win32.Registry.dll
  - mscorlib.dll 10.0.8 at C:\Program Files\dotnet\packs\Microsoft.NETCore.App.Ref\10.0.8\ref\net10.0\mscorlib.dll
  - netstandard.dll 10.0.8 at C:\Program Files\dotnet\packs\Microsoft.NETCore.App.Ref\10.0.8\ref\net10.0\netstandard.dll
  - System.AppContext.dll 10.0.8 at C:\Program Files\dotnet\packs\Microsoft.NETCore.App.Ref\10.0.8\ref\net10.0\System.AppContext.dll
  - System.Buffers.dll 10.0.8 at C:\Program Files\dotnet\packs\Microsoft.NETCore.App.Ref\10.0.8\ref\net10.0\System.Buffers.dll
  - System.Collections.Concurrent.dll 10.0.8 at C:\Program Files\dotnet\packs\Microsoft.NETCore.App.Ref\10.0.8\ref\net10.0\System.Collections.Concurrent.dll
  - System.Collections.dll 10.0.8 at C:\Program Files\dotnet\packs\Microsoft.NETCore.App.Ref\10.0.8\ref\net10.0\System.Collections.dll
  - System.Collections.Immutable.dll 10.0.8 at C:\Program Files\dotnet\packs\Microsoft.NETCore.App.Ref\10.0.8\ref\net10.0\System.Collections.Immutable.dll
  - System.Collections.NonGeneric.dll 10.0.8 at C:\Program Files\dotnet\packs\Microsoft.NETCore.App.Ref\10.0.8\ref\net10.0\System.Collections.NonGeneric.dll
  - System.Collections.Specialized.dll 10.0.8 at C:\Program Files\dotnet\packs\Microsoft.NETCore.App.Ref\10.0.8\ref\net10.0\System.Collections.Specialized.dll
  - System.ComponentModel.Annotations.dll 10.0.8 at C:\Program Files\dotnet\packs\Microsoft.NETCore.App.Ref\10.0.8\ref\net10.0\System.ComponentModel.Annotations.dll
  - System.ComponentModel.DataAnnotations.dll 10.0.8 at C:\Program Files\dotnet\packs\Microsoft.NETCore.App.Ref\10.0.8\ref\net10.0\System.ComponentModel.DataAnnotations.dll
  - System.ComponentModel.dll 10.0.8 at C:\Program Files\dotnet\packs\Microsoft.NETCore.App.Ref\10.0.8\ref\net10.0\System.ComponentModel.dll
  - System.ComponentModel.EventBasedAsync.dll 10.0.8 at C:\Program Files\dotnet\packs\Microsoft.NETCore.App.Ref\10.0.8\ref\net10.0\System.ComponentModel.EventBasedAsync.dll
  - System.ComponentModel.Primitives.dll 10.0.8 at C:\Program Files\dotnet\packs\Microsoft.NETCore.App.Ref\10.0.8\ref\net10.0\System.ComponentModel.Primitives.dll
  - System.ComponentModel.TypeConverter.dll 10.0.8 at C:\Program Files\dotnet\packs\Microsoft.NETCore.App.Ref\10.0.8\ref\net10.0\System.ComponentModel.TypeConverter.dll
  - System.Configuration.dll 10.0.8 at C:\Program Files\dotnet\packs\Microsoft.NETCore.App.Ref\10.0.8\ref\net10.0\System.Configuration.dll
  - System.Console.dll 10.0.8 at C:\Program Files\dotnet\packs\Microsoft.NETCore.App.Ref\10.0.8\ref\net10.0\System.Console.dll
  - System.Core.dll 10.0.8 at C:\Program Files\dotnet\packs\Microsoft.NETCore.App.Ref\10.0.8\ref\net10.0\System.Core.dll
  - System.Data.Common.dll 10.0.8 at C:\Program Files\dotnet\packs\Microsoft.NETCore.App.Ref\10.0.8\ref\net10.0\System.Data.Common.dll
  - System.Data.DataSetExtensions.dll 10.0.8 at C:\Program Files\dotnet\packs\Microsoft.NETCore.App.Ref\10.0.8\ref\net10.0\System.Data.DataSetExtensions.dll
  - System.Data.dll 10.0.8 at C:\Program Files\dotnet\packs\Microsoft.NETCore.App.Ref\10.0.8\ref\net10.0\System.Data.dll
  - System.Diagnostics.Contracts.dll 10.0.8 at C:\Program Files\dotnet\packs\Microsoft.NETCore.App.Ref\10.0.8\ref\net10.0\System.Diagnostics.Contracts.dll
  - System.Diagnostics.Debug.dll 10.0.8 at C:\Program Files\dotnet\packs\Microsoft.NETCore.App.Ref\10.0.8\ref\net10.0\System.Diagnostics.Debug.dll
  - System.Diagnostics.DiagnosticSource.dll 10.0.8 at C:\Program Files\dotnet\packs\Microsoft.NETCore.App.Ref\10.0.8\ref\net10.0\System.Diagnostics.DiagnosticSource.dll
  - System.Diagnostics.EventLog.dll 10.0.8 at C:\Program Files\dotnet\packs\Microsoft.AspNetCore.App.Ref\10.0.8\ref\net10.0\System.Diagnostics.EventLog.dll
  - System.Diagnostics.FileVersionInfo.dll 10.0.8 at C:\Program Files\dotnet\packs\Microsoft.NETCore.App.Ref\10.0.8\ref\net10.0\System.Diagnostics.FileVersionInfo.dll
  - System.Diagnostics.Process.dll 10.0.8 at C:\Program Files\dotnet\packs\Microsoft.NETCore.App.Ref\10.0.8\ref\net10.0\System.Diagnostics.Process.dll
  - System.Diagnostics.StackTrace.dll 10.0.8 at C:\Program Files\dotnet\packs\Microsoft.NETCore.App.Ref\10.0.8\ref\net10.0\System.Diagnostics.StackTrace.dll
  - System.Diagnostics.TextWriterTraceListener.dll 10.0.8 at C:\Program Files\dotnet\packs\Microsoft.NETCore.App.Ref\10.0.8\ref\net10.0\System.Diagnostics.TextWriterTraceListener.dll
  - System.Diagnostics.Tools.dll 10.0.8 at C:\Program Files\dotnet\packs\Microsoft.NETCore.App.Ref\10.0.8\ref\net10.0\System.Diagnostics.Tools.dll
  - System.Diagnostics.TraceSource.dll 10.0.8 at C:\Program Files\dotnet\packs\Microsoft.NETCore.App.Ref\10.0.8\ref\net10.0\System.Diagnostics.TraceSource.dll
  - System.Diagnostics.Tracing.dll 10.0.8 at C:\Program Files\dotnet\packs\Microsoft.NETCore.App.Ref\10.0.8\ref\net10.0\System.Diagnostics.Tracing.dll
  - System.dll 10.0.8 at C:\Program Files\dotnet\packs\Microsoft.NETCore.App.Ref\10.0.8\ref\net10.0\System.dll
  - System.Drawing.dll 10.0.8 at C:\Program Files\dotnet\packs\Microsoft.NETCore.App.Ref\10.0.8\ref\net10.0\System.Drawing.dll
  - System.Drawing.Primitives.dll 10.0.8 at C:\Program Files\dotnet\packs\Microsoft.NETCore.App.Ref\10.0.8\ref\net10.0\System.Drawing.Primitives.dll
  - System.Dynamic.Runtime.dll 10.0.8 at C:\Program Files\dotnet\packs\Microsoft.NETCore.App.Ref\10.0.8\ref\net10.0\System.Dynamic.Runtime.dll
  - System.Formats.Asn1.dll 10.0.8 at C:\Program Files\dotnet\packs\Microsoft.NETCore.App.Ref\10.0.8\ref\net10.0\System.Formats.Asn1.dll
  - System.Formats.Cbor.dll 10.0.8 at C:\Program Files\dotnet\packs\Microsoft.AspNetCore.App.Ref\10.0.8\ref\net10.0\System.Formats.Cbor.dll
  - System.Formats.Tar.dll 10.0.8 at C:\Program Files\dotnet\packs\Microsoft.NETCore.App.Ref\10.0.8\ref\net10.0\System.Formats.Tar.dll
  - System.Globalization.Calendars.dll 10.0.8 at C:\Program Files\dotnet\packs\Microsoft.NETCore.App.Ref\10.0.8\ref\net10.0\System.Globalization.Calendars.dll
  - System.Globalization.dll 10.0.8 at C:\Program Files\dotnet\packs\Microsoft.NETCore.App.Ref\10.0.8\ref\net10.0\System.Globalization.dll
  - System.Globalization.Extensions.dll 10.0.8 at C:\Program Files\dotnet\packs\Microsoft.NETCore.App.Ref\10.0.8\ref\net10.0\System.Globalization.Extensions.dll
  - System.IO.Compression.Brotli.dll 10.0.8 at C:\Program Files\dotnet\packs\Microsoft.NETCore.App.Ref\10.0.8\ref\net10.0\System.IO.Compression.Brotli.dll
  - System.IO.Compression.dll 10.0.8 at C:\Program Files\dotnet\packs\Microsoft.NETCore.App.Ref\10.0.8\ref\net10.0\System.IO.Compression.dll
  - System.IO.Compression.FileSystem.dll 10.0.8 at C:\Program Files\dotnet\packs\Microsoft.NETCore.App.Ref\10.0.8\ref\net10.0\System.IO.Compression.FileSystem.dll
  - System.IO.Compression.ZipFile.dll 10.0.8 at C:\Program Files\dotnet\packs\Microsoft.NETCore.App.Ref\10.0.8\ref\net10.0\System.IO.Compression.ZipFile.dll
  - System.IO.dll 10.0.8 at C:\Program Files\dotnet\packs\Microsoft.NETCore.App.Ref\10.0.8\ref\net10.0\System.IO.dll
  - System.IO.FileSystem.AccessControl.dll 10.0.8 at C:\Program Files\dotnet\packs\Microsoft.NETCore.App.Ref\10.0.8\ref\net10.0\System.IO.FileSystem.AccessControl.dll
  - System.IO.FileSystem.dll 10.0.8 at C:\Program Files\dotnet\packs\Microsoft.NETCore.App.Ref\10.0.8\ref\net10.0\System.IO.FileSystem.dll
  - System.IO.FileSystem.DriveInfo.dll 10.0.8 at C:\Program Files\dotnet\packs\Microsoft.NETCore.App.Ref\10.0.8\ref\net10.0\System.IO.FileSystem.DriveInfo.dll
  - System.IO.FileSystem.Primitives.dll 10.0.8 at C:\Program Files\dotnet\packs\Microsoft.NETCore.App.Ref\10.0.8\ref\net10.0\System.IO.FileSystem.Primitives.dll
  - System.IO.FileSystem.Watcher.dll 10.0.8 at C:\Program Files\dotnet\packs\Microsoft.NETCore.App.Ref\10.0.8\ref\net10.0\System.IO.FileSystem.Watcher.dll
  - System.IO.IsolatedStorage.dll 10.0.8 at C:\Program Files\dotnet\packs\Microsoft.NETCore.App.Ref\10.0.8\ref\net10.0\System.IO.IsolatedStorage.dll
  - System.IO.MemoryMappedFiles.dll 10.0.8 at C:\Program Files\dotnet\packs\Microsoft.NETCore.App.Ref\10.0.8\ref\net10.0\System.IO.MemoryMappedFiles.dll
  - System.IO.Pipelines.dll 10.0.8 at C:\Program Files\dotnet\packs\Microsoft.NETCore.App.Ref\10.0.8\ref\net10.0\System.IO.Pipelines.dll
  - System.IO.Pipes.AccessControl.dll 10.0.8 at C:\Program Files\dotnet\packs\Microsoft.NETCore.App.Ref\10.0.8\ref\net10.0\System.IO.Pipes.AccessControl.dll
  - System.IO.Pipes.dll 10.0.8 at C:\Program Files\dotnet\packs\Microsoft.NETCore.App.Ref\10.0.8\ref\net10.0\System.IO.Pipes.dll
  - System.IO.UnmanagedMemoryStream.dll 10.0.8 at C:\Program Files\dotnet\packs\Microsoft.NETCore.App.Ref\10.0.8\ref\net10.0\System.IO.UnmanagedMemoryStream.dll
  - System.Linq.AsyncEnumerable.dll 10.0.8 at C:\Program Files\dotnet\packs\Microsoft.NETCore.App.Ref\10.0.8\ref\net10.0\System.Linq.AsyncEnumerable.dll
  - System.Linq.dll 10.0.8 at C:\Program Files\dotnet\packs\Microsoft.NETCore.App.Ref\10.0.8\ref\net10.0\System.Linq.dll
  - System.Linq.Expressions.dll 10.0.8 at C:\Program Files\dotnet\packs\Microsoft.NETCore.App.Ref\10.0.8\ref\net10.0\System.Linq.Expressions.dll
  - System.Linq.Parallel.dll 10.0.8 at C:\Program Files\dotnet\packs\Microsoft.NETCore.App.Ref\10.0.8\ref\net10.0\System.Linq.Parallel.dll
  - System.Linq.Queryable.dll 10.0.8 at C:\Program Files\dotnet\packs\Microsoft.NETCore.App.Ref\10.0.8\ref\net10.0\System.Linq.Queryable.dll
  - System.Memory.dll 10.0.8 at C:\Program Files\dotnet\packs\Microsoft.NETCore.App.Ref\10.0.8\ref\net10.0\System.Memory.dll
  - System.Net.dll 10.0.8 at C:\Program Files\dotnet\packs\Microsoft.NETCore.App.Ref\10.0.8\ref\net10.0\System.Net.dll
  - System.Net.Http.dll 10.0.8 at C:\Program Files\dotnet\packs\Microsoft.NETCore.App.Ref\10.0.8\ref\net10.0\System.Net.Http.dll
  - System.Net.Http.Json.dll 10.0.8 at C:\Program Files\dotnet\packs\Microsoft.NETCore.App.Ref\10.0.8\ref\net10.0\System.Net.Http.Json.dll
  - System.Net.HttpListener.dll 10.0.8 at C:\Program Files\dotnet\packs\Microsoft.NETCore.App.Ref\10.0.8\ref\net10.0\System.Net.HttpListener.dll
  - System.Net.Mail.dll 10.0.8 at C:\Program Files\dotnet\packs\Microsoft.NETCore.App.Ref\10.0.8\ref\net10.0\System.Net.Mail.dll
  - System.Net.NameResolution.dll 10.0.8 at C:\Program Files\dotnet\packs\Microsoft.NETCore.App.Ref\10.0.8\ref\net10.0\System.Net.NameResolution.dll
  - System.Net.NetworkInformation.dll 10.0.8 at C:\Program Files\dotnet\packs\Microsoft.NETCore.App.Ref\10.0.8\ref\net10.0\System.Net.NetworkInformation.dll
  - System.Net.Ping.dll 10.0.8 at C:\Program Files\dotnet\packs\Microsoft.NETCore.App.Ref\10.0.8\ref\net10.0\System.Net.Ping.dll
  - System.Net.Primitives.dll 10.0.8 at C:\Program Files\dotnet\packs\Microsoft.NETCore.App.Ref\10.0.8\ref\net10.0\System.Net.Primitives.dll
  - System.Net.Quic.dll 10.0.8 at C:\Program Files\dotnet\packs\Microsoft.NETCore.App.Ref\10.0.8\ref\net10.0\System.Net.Quic.dll
  - System.Net.Requests.dll 10.0.8 at C:\Program Files\dotnet\packs\Microsoft.NETCore.App.Ref\10.0.8\ref\net10.0\System.Net.Requests.dll
  - System.Net.Security.dll 10.0.8 at C:\Program Files\dotnet\packs\Microsoft.NETCore.App.Ref\10.0.8\ref\net10.0\System.Net.Security.dll
  - System.Net.ServerSentEvents.dll 10.0.8 at C:\Program Files\dotnet\packs\Microsoft.NETCore.App.Ref\10.0.8\ref\net10.0\System.Net.ServerSentEvents.dll
  - System.Net.ServicePoint.dll 10.0.8 at C:\Program Files\dotnet\packs\Microsoft.NETCore.App.Ref\10.0.8\ref\net10.0\System.Net.ServicePoint.dll
  - System.Net.Sockets.dll 10.0.8 at C:\Program Files\dotnet\packs\Microsoft.NETCore.App.Ref\10.0.8\ref\net10.0\System.Net.Sockets.dll
  - System.Net.WebClient.dll 10.0.8 at C:\Program Files\dotnet\packs\Microsoft.NETCore.App.Ref\10.0.8\ref\net10.0\System.Net.WebClient.dll
  - System.Net.WebHeaderCollection.dll 10.0.8 at C:\Program Files\dotnet\packs\Microsoft.NETCore.App.Ref\10.0.8\ref\net10.0\System.Net.WebHeaderCollection.dll
  - System.Net.WebProxy.dll 10.0.8 at C:\Program Files\dotnet\packs\Microsoft.NETCore.App.Ref\10.0.8\ref\net10.0\System.Net.WebProxy.dll
  - System.Net.WebSockets.Client.dll 10.0.8 at C:\Program Files\dotnet\packs\Microsoft.NETCore.App.Ref\10.0.8\ref\net10.0\System.Net.WebSockets.Client.dll
  - System.Net.WebSockets.dll 10.0.8 at C:\Program Files\dotnet\packs\Microsoft.NETCore.App.Ref\10.0.8\ref\net10.0\System.Net.WebSockets.dll
  - System.Numerics.dll 10.0.8 at C:\Program Files\dotnet\packs\Microsoft.NETCore.App.Ref\10.0.8\ref\net10.0\System.Numerics.dll
  - System.Numerics.Tensors.dll 10.0.4 at C:\Users\tddkhanh\.nuget\packages\system.numerics.tensors\10.0.4\lib\net10.0\System.Numerics.Tensors.dll
  - System.Numerics.Vectors.dll 10.0.8 at C:\Program Files\dotnet\packs\Microsoft.NETCore.App.Ref\10.0.8\ref\net10.0\System.Numerics.Vectors.dll
  - System.ObjectModel.dll 10.0.8 at C:\Program Files\dotnet\packs\Microsoft.NETCore.App.Ref\10.0.8\ref\net10.0\System.ObjectModel.dll
  - System.Reflection.DispatchProxy.dll 10.0.8 at C:\Program Files\dotnet\packs\Microsoft.NETCore.App.Ref\10.0.8\ref\net10.0\System.Reflection.DispatchProxy.dll
  - System.Reflection.dll 10.0.8 at C:\Program Files\dotnet\packs\Microsoft.NETCore.App.Ref\10.0.8\ref\net10.0\System.Reflection.dll
  - System.Reflection.Emit.dll 10.0.8 at C:\Program Files\dotnet\packs\Microsoft.NETCore.App.Ref\10.0.8\ref\net10.0\System.Reflection.Emit.dll
  - System.Reflection.Emit.ILGeneration.dll 10.0.8 at C:\Program Files\dotnet\packs\Microsoft.NETCore.App.Ref\10.0.8\ref\net10.0\System.Reflection.Emit.ILGeneration.dll
  - System.Reflection.Emit.Lightweight.dll 10.0.8 at C:\Program Files\dotnet\packs\Microsoft.NETCore.App.Ref\10.0.8\ref\net10.0\System.Reflection.Emit.Lightweight.dll
  - System.Reflection.Extensions.dll 10.0.8 at C:\Program Files\dotnet\packs\Microsoft.NETCore.App.Ref\10.0.8\ref\net10.0\System.Reflection.Extensions.dll
  - System.Reflection.Metadata.dll 10.0.8 at C:\Program Files\dotnet\packs\Microsoft.NETCore.App.Ref\10.0.8\ref\net10.0\System.Reflection.Metadata.dll
  - System.Reflection.Primitives.dll 10.0.8 at C:\Program Files\dotnet\packs\Microsoft.NETCore.App.Ref\10.0.8\ref\net10.0\System.Reflection.Primitives.dll
  - System.Reflection.TypeExtensions.dll 10.0.8 at C:\Program Files\dotnet\packs\Microsoft.NETCore.App.Ref\10.0.8\ref\net10.0\System.Reflection.TypeExtensions.dll
  - System.Resources.Reader.dll 10.0.8 at C:\Program Files\dotnet\packs\Microsoft.NETCore.App.Ref\10.0.8\ref\net10.0\System.Resources.Reader.dll
  - System.Resources.ResourceManager.dll 10.0.8 at C:\Program Files\dotnet\packs\Microsoft.NETCore.App.Ref\10.0.8\ref\net10.0\System.Resources.ResourceManager.dll
  - System.Resources.Writer.dll 10.0.8 at C:\Program Files\dotnet\packs\Microsoft.NETCore.App.Ref\10.0.8\ref\net10.0\System.Resources.Writer.dll
  - System.Runtime.CompilerServices.Unsafe.dll 10.0.8 at C:\Program Files\dotnet\packs\Microsoft.NETCore.App.Ref\10.0.8\ref\net10.0\System.Runtime.CompilerServices.Unsafe.dll
  - System.Runtime.CompilerServices.VisualC.dll 10.0.8 at C:\Program Files\dotnet\packs\Microsoft.NETCore.App.Ref\10.0.8\ref\net10.0\System.Runtime.CompilerServices.VisualC.dll
  - System.Runtime.dll 10.0.8 at C:\Program Files\dotnet\packs\Microsoft.NETCore.App.Ref\10.0.8\ref\net10.0\System.Runtime.dll
  - System.Runtime.Extensions.dll 10.0.8 at C:\Program Files\dotnet\packs\Microsoft.NETCore.App.Ref\10.0.8\ref\net10.0\System.Runtime.Extensions.dll
  - System.Runtime.Handles.dll 10.0.8 at C:\Program Files\dotnet\packs\Microsoft.NETCore.App.Ref\10.0.8\ref\net10.0\System.Runtime.Handles.dll
  - System.Runtime.InteropServices.dll 10.0.8 at C:\Program Files\dotnet\packs\Microsoft.NETCore.App.Ref\10.0.8\ref\net10.0\System.Runtime.InteropServices.dll
  - System.Runtime.InteropServices.JavaScript.dll 10.0.8 at C:\Program Files\dotnet\packs\Microsoft.NETCore.App.Ref\10.0.8\ref\net10.0\System.Runtime.InteropServices.JavaScript.dll
  - System.Runtime.InteropServices.RuntimeInformation.dll 10.0.8 at C:\Program Files\dotnet\packs\Microsoft.NETCore.App.Ref\10.0.8\ref\net10.0\System.Runtime.InteropServices.RuntimeInformation.dll
  - System.Runtime.Intrinsics.dll 10.0.8 at C:\Program Files\dotnet\packs\Microsoft.NETCore.App.Ref\10.0.8\ref\net10.0\System.Runtime.Intrinsics.dll
  - System.Runtime.Loader.dll 10.0.8 at C:\Program Files\dotnet\packs\Microsoft.NETCore.App.Ref\10.0.8\ref\net10.0\System.Runtime.Loader.dll
  - System.Runtime.Numerics.dll 10.0.8 at C:\Program Files\dotnet\packs\Microsoft.NETCore.App.Ref\10.0.8\ref\net10.0\System.Runtime.Numerics.dll
  - System.Runtime.Serialization.dll 10.0.8 at C:\Program Files\dotnet\packs\Microsoft.NETCore.App.Ref\10.0.8\ref\net10.0\System.Runtime.Serialization.dll
  - System.Runtime.Serialization.Formatters.dll 10.0.8 at C:\Program Files\dotnet\packs\Microsoft.NETCore.App.Ref\10.0.8\ref\net10.0\System.Runtime.Serialization.Formatters.dll
  - System.Runtime.Serialization.Json.dll 10.0.8 at C:\Program Files\dotnet\packs\Microsoft.NETCore.App.Ref\10.0.8\ref\net10.0\System.Runtime.Serialization.Json.dll
  - System.Runtime.Serialization.Primitives.dll 10.0.8 at C:\Program Files\dotnet\packs\Microsoft.NETCore.App.Ref\10.0.8\ref\net10.0\System.Runtime.Serialization.Primitives.dll
  - System.Runtime.Serialization.Xml.dll 10.0.8 at C:\Program Files\dotnet\packs\Microsoft.NETCore.App.Ref\10.0.8\ref\net10.0\System.Runtime.Serialization.Xml.dll
  - System.Security.AccessControl.dll 10.0.8 at C:\Program Files\dotnet\packs\Microsoft.NETCore.App.Ref\10.0.8\ref\net10.0\System.Security.AccessControl.dll
  - System.Security.Claims.dll 10.0.8 at C:\Program Files\dotnet\packs\Microsoft.NETCore.App.Ref\10.0.8\ref\net10.0\System.Security.Claims.dll
  - System.Security.Cryptography.Algorithms.dll 10.0.8 at C:\Program Files\dotnet\packs\Microsoft.NETCore.App.Ref\10.0.8\ref\net10.0\System.Security.Cryptography.Algorithms.dll
  - System.Security.Cryptography.Cng.dll 10.0.8 at C:\Program Files\dotnet\packs\Microsoft.NETCore.App.Ref\10.0.8\ref\net10.0\System.Security.Cryptography.Cng.dll
  - System.Security.Cryptography.Csp.dll 10.0.8 at C:\Program Files\dotnet\packs\Microsoft.NETCore.App.Ref\10.0.8\ref\net10.0\System.Security.Cryptography.Csp.dll
  - System.Security.Cryptography.dll 10.0.8 at C:\Program Files\dotnet\packs\Microsoft.NETCore.App.Ref\10.0.8\ref\net10.0\System.Security.Cryptography.dll
  - System.Security.Cryptography.Encoding.dll 10.0.8 at C:\Program Files\dotnet\packs\Microsoft.NETCore.App.Ref\10.0.8\ref\net10.0\System.Security.Cryptography.Encoding.dll
  - System.Security.Cryptography.OpenSsl.dll 10.0.8 at C:\Program Files\dotnet\packs\Microsoft.NETCore.App.Ref\10.0.8\ref\net10.0\System.Security.Cryptography.OpenSsl.dll
  - System.Security.Cryptography.Pkcs.dll 9.0.9 at C:\Users\tddkhanh\.nuget\packages\system.security.cryptography.pkcs\9.0.9\lib\net9.0\System.Security.Cryptography.Pkcs.dll
  - System.Security.Cryptography.Primitives.dll 10.0.8 at C:\Program Files\dotnet\packs\Microsoft.NETCore.App.Ref\10.0.8\ref\net10.0\System.Security.Cryptography.Primitives.dll
  - System.Security.Cryptography.X509Certificates.dll 10.0.8 at C:\Program Files\dotnet\packs\Microsoft.NETCore.App.Ref\10.0.8\ref\net10.0\System.Security.Cryptography.X509Certificates.dll
  - System.Security.Cryptography.Xml.dll 10.0.8 at C:\Program Files\dotnet\packs\Microsoft.AspNetCore.App.Ref\10.0.8\ref\net10.0\System.Security.Cryptography.Xml.dll
  - System.Security.dll 10.0.8 at C:\Program Files\dotnet\packs\Microsoft.NETCore.App.Ref\10.0.8\ref\net10.0\System.Security.dll
  - System.Security.Principal.dll 10.0.8 at C:\Program Files\dotnet\packs\Microsoft.NETCore.App.Ref\10.0.8\ref\net10.0\System.Security.Principal.dll
  - System.Security.Principal.Windows.dll 10.0.8 at C:\Program Files\dotnet\packs\Microsoft.NETCore.App.Ref\10.0.8\ref\net10.0\System.Security.Principal.Windows.dll
  - System.Security.SecureString.dll 10.0.8 at C:\Program Files\dotnet\packs\Microsoft.NETCore.App.Ref\10.0.8\ref\net10.0\System.Security.SecureString.dll
  - System.ServiceModel.Web.dll 10.0.8 at C:\Program Files\dotnet\packs\Microsoft.NETCore.App.Ref\10.0.8\ref\net10.0\System.ServiceModel.Web.dll
  - System.ServiceProcess.dll 10.0.8 at C:\Program Files\dotnet\packs\Microsoft.NETCore.App.Ref\10.0.8\ref\net10.0\System.ServiceProcess.dll
  - System.Text.Encoding.CodePages.dll 10.0.8 at C:\Program Files\dotnet\packs\Microsoft.NETCore.App.Ref\10.0.8\ref\net10.0\System.Text.Encoding.CodePages.dll
  - System.Text.Encoding.dll 10.0.8 at C:\Program Files\dotnet\packs\Microsoft.NETCore.App.Ref\10.0.8\ref\net10.0\System.Text.Encoding.dll
  - System.Text.Encoding.Extensions.dll 10.0.8 at C:\Program Files\dotnet\packs\Microsoft.NETCore.App.Ref\10.0.8\ref\net10.0\System.Text.Encoding.Extensions.dll
  - System.Text.Encodings.Web.dll 10.0.8 at C:\Program Files\dotnet\packs\Microsoft.NETCore.App.Ref\10.0.8\ref\net10.0\System.Text.Encodings.Web.dll
  - System.Text.Json.dll 10.0.8 at C:\Program Files\dotnet\packs\Microsoft.NETCore.App.Ref\10.0.8\ref\net10.0\System.Text.Json.dll
  - System.Text.RegularExpressions.dll 10.0.8 at C:\Program Files\dotnet\packs\Microsoft.NETCore.App.Ref\10.0.8\ref\net10.0\System.Text.RegularExpressions.dll
  - System.Threading.AccessControl.dll 10.0.8 at C:\Program Files\dotnet\packs\Microsoft.NETCore.App.Ref\10.0.8\ref\net10.0\System.Threading.AccessControl.dll
  - System.Threading.Channels.dll 10.0.8 at C:\Program Files\dotnet\packs\Microsoft.NETCore.App.Ref\10.0.8\ref\net10.0\System.Threading.Channels.dll
  - System.Threading.dll 10.0.8 at C:\Program Files\dotnet\packs\Microsoft.NETCore.App.Ref\10.0.8\ref\net10.0\System.Threading.dll
  - System.Threading.Overlapped.dll 10.0.8 at C:\Program Files\dotnet\packs\Microsoft.NETCore.App.Ref\10.0.8\ref\net10.0\System.Threading.Overlapped.dll
  - System.Threading.RateLimiting.dll 10.0.8 at C:\Program Files\dotnet\packs\Microsoft.AspNetCore.App.Ref\10.0.8\ref\net10.0\System.Threading.RateLimiting.dll
  - System.Threading.Tasks.Dataflow.dll 10.0.8 at C:\Program Files\dotnet\packs\Microsoft.NETCore.App.Ref\10.0.8\ref\net10.0\System.Threading.Tasks.Dataflow.dll
  - System.Threading.Tasks.dll 10.0.8 at C:\Program Files\dotnet\packs\Microsoft.NETCore.App.Ref\10.0.8\ref\net10.0\System.Threading.Tasks.dll
  - System.Threading.Tasks.Extensions.dll 10.0.8 at C:\Program Files\dotnet\packs\Microsoft.NETCore.App.Ref\10.0.8\ref\net10.0\System.Threading.Tasks.Extensions.dll
  - System.Threading.Tasks.Parallel.dll 10.0.8 at C:\Program Files\dotnet\packs\Microsoft.NETCore.App.Ref\10.0.8\ref\net10.0\System.Threading.Tasks.Parallel.dll
  - System.Threading.Thread.dll 10.0.8 at C:\Program Files\dotnet\packs\Microsoft.NETCore.App.Ref\10.0.8\ref\net10.0\System.Threading.Thread.dll
  - System.Threading.ThreadPool.dll 10.0.8 at C:\Program Files\dotnet\packs\Microsoft.NETCore.App.Ref\10.0.8\ref\net10.0\System.Threading.ThreadPool.dll
  - System.Threading.Timer.dll 10.0.8 at C:\Program Files\dotnet\packs\Microsoft.NETCore.App.Ref\10.0.8\ref\net10.0\System.Threading.Timer.dll
  - System.Transactions.dll 10.0.8 at C:\Program Files\dotnet\packs\Microsoft.NETCore.App.Ref\10.0.8\ref\net10.0\System.Transactions.dll
  - System.Transactions.Local.dll 10.0.8 at C:\Program Files\dotnet\packs\Microsoft.NETCore.App.Ref\10.0.8\ref\net10.0\System.Transactions.Local.dll
  - System.ValueTuple.dll 10.0.8 at C:\Program Files\dotnet\packs\Microsoft.NETCore.App.Ref\10.0.8\ref\net10.0\System.ValueTuple.dll
  - System.Web.dll 10.0.8 at C:\Program Files\dotnet\packs\Microsoft.NETCore.App.Ref\10.0.8\ref\net10.0\System.Web.dll
  - System.Web.HttpUtility.dll 10.0.8 at C:\Program Files\dotnet\packs\Microsoft.NETCore.App.Ref\10.0.8\ref\net10.0\System.Web.HttpUtility.dll
  - System.Windows.dll 10.0.8 at C:\Program Files\dotnet\packs\Microsoft.NETCore.App.Ref\10.0.8\ref\net10.0\System.Windows.dll
  - System.Xml.dll 10.0.8 at C:\Program Files\dotnet\packs\Microsoft.NETCore.App.Ref\10.0.8\ref\net10.0\System.Xml.dll
  - System.Xml.Linq.dll 10.0.8 at C:\Program Files\dotnet\packs\Microsoft.NETCore.App.Ref\10.0.8\ref\net10.0\System.Xml.Linq.dll
  - System.Xml.ReaderWriter.dll 10.0.8 at C:\Program Files\dotnet\packs\Microsoft.NETCore.App.Ref\10.0.8\ref\net10.0\System.Xml.ReaderWriter.dll
  - System.Xml.Serialization.dll 10.0.8 at C:\Program Files\dotnet\packs\Microsoft.NETCore.App.Ref\10.0.8\ref\net10.0\System.Xml.Serialization.dll
  - System.Xml.XDocument.dll 10.0.8 at C:\Program Files\dotnet\packs\Microsoft.NETCore.App.Ref\10.0.8\ref\net10.0\System.Xml.XDocument.dll
  - System.Xml.XmlDocument.dll 10.0.8 at C:\Program Files\dotnet\packs\Microsoft.NETCore.App.Ref\10.0.8\ref\net10.0\System.Xml.XmlDocument.dll
  - System.Xml.XmlSerializer.dll 10.0.8 at C:\Program Files\dotnet\packs\Microsoft.NETCore.App.Ref\10.0.8\ref\net10.0\System.Xml.XmlSerializer.dll
  - System.Xml.XPath.dll 10.0.8 at C:\Program Files\dotnet\packs\Microsoft.NETCore.App.Ref\10.0.8\ref\net10.0\System.Xml.XPath.dll
  - System.Xml.XPath.XDocument.dll 10.0.8 at C:\Program Files\dotnet\packs\Microsoft.NETCore.App.Ref\10.0.8\ref\net10.0\System.Xml.XPath.XDocument.dll
  - Telerik.AI.SmartComponents.Extensions.dll 2.2.1 at C:\Users\tddkhanh\.nuget\packages\telerik.ai.smartcomponents.extensions\2.2.1\lib\net8.0\Telerik.AI.SmartComponents.Extensions.dll
  - Telerik.Blazor.dll 14.0.0 at C:\Users\tddkhanh\.nuget\packages\telerik.ui.for.blazor\14.0.0\lib\net8.0\Telerik.Blazor.dll
  - Telerik.DataSource.dll 4.1.0 at C:\Users\tddkhanh\.nuget\packages\telerik.datasource\4.1.0\lib\net8.0\Telerik.DataSource.dll
  - Telerik.Documents.Core.dll 2026.2.519 at C:\Users\tddkhanh\.nuget\packages\telerik.documents.core\2026.2.519\lib\netstandard2.0\Telerik.Documents.Core.dll
  - Telerik.Documents.Fixed.dll 2026.2.519 at C:\Users\tddkhanh\.nuget\packages\telerik.documents.fixed\2026.2.519\lib\netstandard2.0\Telerik.Documents.Fixed.dll
  - Telerik.Documents.Spreadsheet.dll 2026.2.519 at C:\Users\tddkhanh\.nuget\packages\telerik.documents.spreadsheet\2026.2.519\lib\netstandard2.0\Telerik.Documents.Spreadsheet.dll
  - Telerik.Documents.Spreadsheet.FormatProviders.Pdf.dll 2026.2.519 at C:\Users\tddkhanh\.nuget\packages\telerik.documents.spreadsheet.formatproviders.pdf\2026.2.519\lib\netstandard2.0\Telerik.Documents.Spreadsheet.FormatProviders.Pdf.dll
  - Telerik.Documents.SpreadsheetStreaming.dll 2026.2.519 at C:\Users\tddkhanh\.nuget\packages\telerik.documents.spreadsheetstreaming\2026.2.519\lib\netstandard2.0\Telerik.Documents.SpreadsheetStreaming.dll
  - Telerik.FontIcons.dll 4.9.2 at C:\Users\tddkhanh\.nuget\packages\telerik.fonticons\4.9.2\lib\netstandard2.0\Telerik.FontIcons.dll
  - Telerik.Licensing.Runtime.dll 1.8.2 at C:\Users\tddkhanh\.nuget\packages\telerik.licensing\1.8.2\lib\net10.0\Telerik.Licensing.Runtime.dll
  - Telerik.Pivot.Core.dll 1.0.0 at C:\Users\tddkhanh\.nuget\packages\telerik.pivot.core\1.0.0\lib\net8.0\Telerik.Pivot.Core.dll
  - Telerik.Pivot.DataProviders.Xmla.dll 1.0.0 at C:\Users\tddkhanh\.nuget\packages\telerik.pivot.dataproviders.xmla\1.0.0\lib\net8.0\Telerik.Pivot.DataProviders.Xmla.dll
  - Telerik.Recurrence.dll 1.0.0 at C:\Users\tddkhanh\.nuget\packages\telerik.recurrence\1.0.0\lib\net8.0\Telerik.Recurrence.dll
  - Telerik.SvgIcons.dll 4.9.2 at C:\Users\tddkhanh\.nuget\packages\telerik.svgicons\4.9.2\lib\netstandard2.0\Telerik.SvgIcons.dll
  - Telerik.Zip.dll 2026.2.519 at C:\Users\tddkhanh\.nuget\packages\telerik.zip\2026.2.519\lib\netstandard2.0\Telerik.Zip.dll
  - WindowsBase.dll 10.0.8 at C:\Program Files\dotnet\packs\Microsoft.NETCore.App.Ref\10.0.8\ref\net10.0\WindowsBase.dll
  MachineId=T67PQYIlb9W6VOVNpg1C57e7U0Q=

[2026-05-29 06:09:23.279] [Low]   Looking for Telerik product metadata in referenced assemblies
      - C:\Users\tddkhanh\.nuget\packages\telerik.ui.for.blazor\14.0.0\lib\net8.0\Telerik.Blazor.dll
        ProductCode: BLAZOR, LicenseDate: 2026-05-20, ProductName: Telerik UI for Blazor, ProductVersion: 14.0.0.0, Flags: None
        Transitive product references:
        - DPL 2026-05-19 (redistributed by: RCWPF;RCWF;MAUI;UIXAM;WINUI;RCAJAX;KENDOUIMVC;UIASPCORE;BLAZOR) Telerik Document Processing Libraries 2026.2.519.20
      - C:\Users\tddkhanh\.nuget\packages\telerik.documents.core\2026.2.519\lib\netstandard2.0\Telerik.Documents.Core.dll
        ProductCode: DPL, LicenseDate: 2026-05-19, Redistributed By: RCWPF, RCWF, MAUI, UIXAM, WINUI, RCAJAX, KENDOUIMVC, UIASPCORE, BLAZOR, ProductName: Telerik Document Processing Libraries, ProductVersion: 2026.2.519.20, Flags: None
      - C:\Users\tddkhanh\.nuget\packages\telerik.documents.fixed\2026.2.519\lib\netstandard2.0\Telerik.Documents.Fixed.dll
        ProductCode: DPL, LicenseDate: 2026-05-19, Redistributed By: RCWPF, RCWF, MAUI, UIXAM, WINUI, RCAJAX, KENDOUIMVC, UIASPCORE, BLAZOR, ProductName: Telerik Document Processing Libraries, ProductVersion: 2026.2.519.20, Flags: None
      - C:\Users\tddkhanh\.nuget\packages\telerik.documents.spreadsheet\2026.2.519\lib\netstandard2.0\Telerik.Documents.Spreadsheet.dll
        ProductCode: DPL, LicenseDate: 2026-05-19, Redistributed By: RCWPF, RCWF, MAUI, UIXAM, WINUI, RCAJAX, KENDOUIMVC, UIASPCORE, BLAZOR, ProductName: Telerik Document Processing Libraries, ProductVersion: 2026.2.519.20, Flags: None
      - C:\Users\tddkhanh\.nuget\packages\telerik.documents.spreadsheet.formatproviders.pdf\2026.2.519\lib\netstandard2.0\Telerik.Documents.Spreadsheet.FormatProviders.Pdf.dll
        ProductCode: DPL, LicenseDate: 2026-05-19, Redistributed By: RCWPF, RCWF, MAUI, UIXAM, WINUI, RCAJAX, KENDOUIMVC, UIASPCORE, BLAZOR, ProductName: Telerik Document Processing Libraries, ProductVersion: 2026.2.519.20, Flags: None
      - C:\Users\tddkhanh\.nuget\packages\telerik.documents.spreadsheetstreaming\2026.2.519\lib\netstandard2.0\Telerik.Documents.SpreadsheetStreaming.dll
        ProductCode: DPL, LicenseDate: 2026-05-19, Redistributed By: RCWPF, RCWF, MAUI, UIXAM, WINUI, RCAJAX, KENDOUIMVC, UIASPCORE, BLAZOR, ProductName: Telerik Document Processing Libraries, ProductVersion: 2026.2.519.20, Flags: None
      - C:\Users\tddkhanh\.nuget\packages\telerik.zip\2026.2.519\lib\netstandard2.0\Telerik.Zip.dll
        ProductCode: DPL, LicenseDate: 2026-05-19, Redistributed By: RCWPF, RCWF, MAUI, UIXAM, WINUI, RCAJAX, KENDOUIMVC, UIASPCORE, BLAZOR, ProductName: Telerik Document Processing Libraries, ProductVersion: 2026.2.519.20, Flags: None
      Unique Products:
      - "Telerik UI for Blazor" (BLAZOR) 14.0.0.0 @2026-05-20
      - "Telerik Document Processing Libraries" (DPL) 2026.2.519.20 @2026-05-19
      Found a total of 2 referenced Telerik products for net10.0

[2026-05-29 06:09:23.299] [Low]   Provision Licensing
        Looking up license file...
        - EnvironmentVariablePath: TELERIK_LICENSE_PATH (NotAvailable)
        - EnvironmentVariable: TELERIK_LICENSE (NotAvailable)
        - EnvironmentVariable: KENDO_UI_LICENSE (NotAvailable)
        - RecursiveFilePath: D:\Code\Blazor\TelerikGrid\TelerikGrid\telerik-license.txt (NotAvailable)
        - RecursiveFilePath: D:\Code\Blazor\TelerikGrid\TelerikGrid\kendo-ui-license.txt (NotAvailable)
        - RecursiveFilePath: D:\Code\Blazor\TelerikGrid\telerik-license.txt (NotAvailable)
        - RecursiveFilePath: D:\Code\Blazor\TelerikGrid\kendo-ui-license.txt (NotAvailable)
        - RecursiveFilePath: D:\Code\Blazor\telerik-license.txt (NotAvailable)
        - RecursiveFilePath: D:\Code\Blazor\kendo-ui-license.txt (NotAvailable)
        - RecursiveFilePath: D:\Code\telerik-license.txt (NotAvailable)
        - RecursiveFilePath: D:\Code\kendo-ui-license.txt (NotAvailable)
        - RecursiveFilePath: D:\telerik-license.txt (NotAvailable)
        - RecursiveFilePath: D:\kendo-ui-license.txt (NotAvailable)
        - UserDirectory: C:\Users\tddkhanh\AppData\Roaming\Telerik\telerik-license.txt (LicenseFound)
        - UserDirectory: C:\Users\tddkhanh\AppData\Roaming\Telerik\kendo-ui-license.txt (Skip)
        LicenseKey
        - AUD: t************@g****.com
        - UsedId: 344ca679-260a-4541-b9a7-cafe8537ed1f
        - LicenseId: de0ab21e-4a76-46d5-b1d8-a860fc8a108a
        - IssuedAt: 5/27/2026 11:20:30 PM
        - Licenses
          0) Trial BLAZOR, expiration 6/26/2026 3:27:27 AM, type: 'trial'
          1) Usage UserId: 344ca679-260a-4541-b9a7-cafe8537ed1f, LicenseId: de0ab21e-4a76-46d5-b1d8-a860fc8a108a, type: 'usage'

[2026-05-29 06:09:23.304] [Low]   License Resolution
        Messages
          - License OK for "Telerik UI for Blazor" (BLAZOR) 14.0.0.0 @2026-05-20 - Trial, valid until 2026-06-26.
          - License OK for "Telerik Document Processing Libraries" (DPL) 2026.2.519.20 @2026-05-19 - Trial for BLAZOR, valid until 2026-06-26.
        JWTs
          - eyJhbGciOiJSUzI1NiIsInR5cCI6IlRlbGVyaWsgTGljZW5zZSBFdmlkZW5jZSJ9.eyJjb2RlIjoiQkxBWk9SIiwidHlwZSI6InRyaWFsIiwiZXhwaXJhdGlvbiI6MTc4MjQ0NDQ0NywidXNlcklkIjoiMzQ0Y2E2NzktMjYwYS00NTQxLWI5YTctY2FmZTg1MzdlZDFmIiwibGljZW5zZUlkIjoiZGUwYWIyMWUtNGE3Ni00NmQ1LWIxZDgtYTg2MGZjOGExMDhhIn0.zRRYGeaQHW_-AN5jMEypWMNjOlATOXZHpV5AHN3NlbngssoYs7K9y_qOaxXPcylCIl3h5K6r9iwFKWe9xaIU0G-MXBTvRZpfbkiZtrYp4puaC1ONeHElHT_DqQnoqIb93UpJOBwO4SFWFzoHgPYcY7w8xTV82tVxIgXFRxwPyfGNrV7rD2oGDM3cvIFGOQT4i5dO67MzBDduG-4R9bofmMXKaj0qv69aM44f6A8t2DOPWIgTIqNcjp69XT-RM9i1zLy3sNEvrb9nntBRNqqXoj2OZtPiSjDFA6s-WWJkTpLuvZHieCL2T3LY_H0WNG2LHsYc2l4FPDttY99f0L27IA
        Licenses
          - License OK for "Telerik UI for Blazor" (BLAZOR) 14.0.0.0 @2026-05-20 - Trial, valid until 2026-06-26.
          - License OK for "Telerik Document Processing Libraries" (DPL) 2026.2.519.20 @2026-05-19 - Trial for BLAZOR, valid until 2026-06-26.

[2026-05-29 06:09:23.305] [Low] OutputType: Exe, ImportXamlTargets: False
[2026-05-29 06:09:23.306] [Low] LicenseEvidence CodeGen: Up to date!
[2026-05-29 06:09:23.318] [Low] 
      Call-Home Telerik Products (2 for net10.0)
      - "Telerik UI for Blazor" (BLAZOR) 14.0.0
      - "DPL" (DPL) 2026.2.519

[2026-05-29 06:09:23.318] [Low] 
[2026-05-29 06:09:23.319] [Low] 
      Call-Home Telerik Features (0 for net10.0)

[2026-05-29 06:09:23.319] [Low] 
[2026-05-29 06:09:23.354] [Low]   Report Telerik.Licensing
        UserId: 344ca679-260a-4541-b9a7-cafe8537ed1f
        LicenseId: de0ab21e-4a76-46d5-b1d8-a860fc8a108a
        Products
        - LicenseUsed BLAZOR 14.0.0.0 SKIPPED
        - LicenseUsed DPL 2026.2.519.20 SKIPPED
      Report finished in 00:00:00.0339815

[2026-05-29 06:09:23.355] [Low]   Sending Telemetry...
[2026-05-29 06:09:23.375] [Low]   Metrics done 00:00:00.0201243
[2026-05-29 06:09:23.377] [Normal] Resolve Telerik Products. Done (00:00:00.2160661) for net10.0
